id,text,name,kreis,year
zs_cdb270fca9a6,"Brücke über den Schanzengraben neben der nach dem Dreissigjährigen Krieg im 17. Jahrhundert errichteten und 1835-1845 wieder abgetragenen Bärenschanze, einem Bollwerk der barocken Stadtbefestigung.",Bärenbrüggli,1,1929
zs_cf8389baad1c,"Vermutlich Hinweis auf das Wappen von Aussersihl, das in Silber einen schwarzen Anker zeigt.",Ankerstrasse,4,1878
zs_7d603dd6b4aa,"Ausfallstrasse von der Winterthurerstrasse in Oerlikon nach Dübendorf, die nördlich um das Dorf Schwamendingen über damals noch unbebautes Land führte.",Ueberlandstrasse,12,1921
zs_66fb3676b7c5,"Johann Wolfgang von Goethe (1749-1832): Deutscher Dichter und Minister in Weimar. Goethe gehört als Verfasser von Gedichten wie die «Römischen Elegien» oder «Der west-östliche Divan», Romanen wie «Die Leiden des jungen Werthers», «Wahlverwandtschaften» und Dramen wie «Götz von Berlichingen», «Iphigenie auf Tauris» und «Faust» zu den bedeutendsten Autoren überhaupt. Er schrieb auch Tausende von Briefen und naturwissenschaftliche Studien. Er wurde von Herzog Carl August 1775 in Weimar zum Minister ernannt und leitete das dortige Theater 1776-1817 (ab 1791 Hoftheater genannt). Goethe war befreundet mit Johann Caspar Lavater und Barbara Schulthess und weilte 1775, 1779 und 1797 in Zürich. Seine Reisen in der Schweiz schlugen sich 1796 in den «Briefen auf einer Reise nach dem Gotthard» und der «Schweizerreise vom Jahr 1797» nieder.",Goethestrasse,1,1893
zs_aae93f3d2dce,"1898 errichtete Strasse nach dem Weiler Althoos, der ab 1415 als «Althusen», also zu den alten Häusern, erwähnt wurde, und dessen Namen später zu Althosen und Althos verballhornt wurde.",Althoosstrasse,11,1930
zs_8f7dc3c56319,"Genannt nach dem Haus zum Waldgarten, Frohburgstrasse 336, in Schwamendingen, das 1827 erbaut und 1958 abgetragen wurde.",Waldgartenstrasse,12,1956
zs_4ce856760b4a,"Jörg Irringer stiftete um 1686 den Gemeindetrunk in Fluntern. Dieser Bürgertrunk wurde 1918 aufgehoben.

Plaque: Jörg Irringer
Stifter des Gemeindetrunks von Fluntern 1686",Irringersteig,6,1907
zs_9cf916a7c507,"Friedrich Erismann (1842-1915): Zürcher Arzt, Hygieniker und Politiker. Ab 1869 wirkte er in St. Petersburg (Russland). Er war ein Pionier der wissenschaftlichen Hygiene in Russland, wo er als Mitverfasser und Redaktor der 19-bändigen Untersuchung über die gesundheitlichen Verhältnisse in den Fabriken des Moskauer Gouvernements (1879-1985) wirkte. 1884-1896 war er Professor für Hygiene an der Universität Moskau und Leiter des Hygiene-Instituts und wurde 1896 aus politischen Gründen entlassen. 1901-1915 leitete er als sozialdemokratischer Stadtrat in Zürich das Gesundheitswesen, wo er sich auch für die Förderung des sozialen Wohnungsbaus einsetzte.",Erismannhof,4,1927
zs_b344bb6514b5,"Strasse von Wollishofen nach der Leimgrube, einem Wäldchen, wo wahrscheinlich Lehm abgebaut wurde. «Letten» ist gleichbedeutend mit Lehm und bezeichnet vielerorts als Flurname einen lehmigen, schweren Boden.",Lettenholzstrasse,2,1893
zs_d2d0bcffcc39,"Benannt nach den dort gefundenen römischen Thermen, die von etwa 70 n. Chr. bis ins 3. Jahrhundert im Betrieb waren und deren archäologischen Reste heute über ein Rostgitter besichtigt werden können.",Thermengasse,1,1985
zs_7ff0ed33908a,"Strasse des von 1891 bis 1896 erstellten Villenquartiers am Geissberg, das nach der Rigi, dem Aussichtsberg am Vierwaldstättersee, als Rigiviertel bezeichnet wurde. Die Rigi sei gebeten worden, des neuen Quartiers «Beschützerin und Patin» zu sein, heisst es in einer Beschreibung aus dem Jahr 1898.",Rigistrasse,6,1892
zs_c17d49c56247,"Wiese am nordöstlichen Hang der Hohen Promenade, früher Geissberg genannt. Die [Name] gehörte von 1469 bis zum Bau der barocken Schanzen dem Kloster Wettingen und wurde dann in die Fortifikationsanlagen einbezogen.",Wettingerwies,1,1932
zs_6418592c0d8e,"Zweite Längsstrasse im Talackerquartier. Der vor den Mauern der mittelalterlichen Stadt und tiefer als diese gelegene «Talacker» wird im Jahr 1259 erstmals erwähnt. Er bestand aus Äckern, Reben und Gärten. Im 17. Jahrhundert wurde der Talacker in die Stadtbefestigung einbezogen und durch die Talackerstrasse erschlossen. Die [Name] entstand 1836 als Parallellstrasse, als das Quartier durch die Beseitigung der Befestigungsanlagen bis zum Schanzengraben hin erweitert werden konnte.",Talstrasse,1,1865
zs_405dfed609e2,"Strasse durch den auf dem Gebiet des Quartiers Hirslanden liegenden Wald auf dem Adlisberg. Der Name Hirslanden geht auf die Hirse zurück, die vor der Einführung der Kartoffel ein Grundnahrungsmittel war.",Hirslanderbergstrasse,7,1956
zs_728c41336087,"Strasse zum Weiler Mutschellen, der wohl nach dem Strauch Pfaffenchäppeli, dessen Früchte mit einem kreuzförmig eingeschittenen Gebäck, genannt Mutschelle, verglichen wurden, benannt wurde.",Mutschellenstrasse,2,1893
zs_802ac3468600,"Eine «Letzi», kurz für Letzigraben, war sowohl ein militärischer Schutzwall mit Wassergraben, als auch eine Abgrenzung im Weideland. Die [Name] erinnert an den inneren alten, 1333/34 erstmals erwähnten Letzigraben, der entlang des Walters- oder Kreuzbachs an die Limmat bis zum Drahtschmidli verlief, und den äusseren neuen, wohl um die Mitte des 14. Jahrhunderts entstandenen Letzigraben an der Spanweid mit dem vermutlich im Alten Zürichkrieg zerstören Krattenturm als Endpunkt.",Letzistrasse,6,1883
zs_c467db45adbe,"Weg an der Albsiriederstrasse oberhalb des Ortkerns des früheren Rieden unter dem Albis: «Riete» (10. Jahrhundert), «Riedirn» (1225), d. h. Siedlung bei den Riedern. Riedt oder Riedtli ist ein häufig vorkommender Flurname, der etwa für einen feuchten Boden, für ein gerodetes Waldstück oder auch für Weideland, das bepflanzt worden ist. Der Name Albis bedeutet Berg und ist verwandt mit dem Wort Alpen.",Albisriederweg,9,1997
zs_7a146148e0fe,"1894 von der Firma Bosshard & Co, Näfels, errichtete Brücke über die Sihl unterhalb des Gänzilooweges. Der Name leite sich ab vom Gehölz, einem Loo, eines Besitzers namens Gerentz oder Geret, Kurzform von Gerold, abgewandelt in Gänt (Gäntz). Wäldchen beim Höckler (1424 «Gerentzenloo», 1441 «Gentzenlow»).",Gänziloobrücke,2+3,1929
zs_b40397244725,"Strasse von Zürich über Wiedikon auf die Waldegg und weiter nach Birmensdorf. Die [Name] in Wiedikon wurde 1846-1847 erstellt, sie war die erste durchgehende Strassenverbindung Wiedikons, und sie erschloss diese zuvor etwas abgelegene Gemeinde dem Verkehr. Die ältere, in den 1820er Jahren ausgebaute Landstrasse von Zürich nach Birmensdorf und ins Knonauer Amt führte nicht über Wiedikon, sondern über Albisrieden.",Birmensdorferstrasse,3+4+9,1880
zs_35187e028df7,"Flurname, der sich auf eine Aue, einen feuchten Untergrund, bezieht, die einem Eigentümer namens Sigo, Kurzform für Sigfried, Sigbert, Sigmund oder ähnlich, gehörte.",Signaustrasse,8,1895
zs_7a38e964a889,"Strasse, die im Zusammenhang mit der Neuanlage des Bahnhofquartiers in den 1860er Jahren erbaut wurde. Sie beginnt an der Stelle der 1835/45 beseitigten Löwenschanze und führt den ehemaligen Schanzen entlang zum 1847 errichteten Bahnhof. Die Löwenschanze, an welche die [Name] erinnert, war Teil der grossen, nach dem Dreissigjährigen Krieg im 17. Jahrhundert errichteten barocken Stadtbefestigung. Der Löwe als König der Tiere ist zudem Schildhalter des Zürcher Wappens.",Löwenstrasse,1,1863
zs_8a42856b824f,"Genannt nach einem 1315 erwähnten «Werikons Acker», was auf einen Besitzer aus Werikon bei Uster schliessen lässt.",Werikonweg,6,1927
zs_ddb88637eb73,"1897 zog die Seifensiederei Friedrich Steinfels vom Hischengraben ins Industriequartier, wo sie anfänglich auch Kerzen und später bis 1987 nur noch Seifen und Waschmittel produzierte.

Plaque: 1897 zog die Seifensiederei Friedrich Steinfels
vom Hischengraben ins Industriequartier,
wo sie bis 1987 Kerzen, Seifen
und Waschmittel produzierte.",Steinfelsplatz,5,2005
zs_af55f54073cb,"Giovanni Segantini (1858-1899): Kunstmaler aus dem Trentino (damals Österreich), der 1886 aus Italien nach Graubünden übersiedelte und hier alpine Landschaften von ungemeiner Leuchtkraft und hohem symbolistischen Gehalt malte.

Plaque: Giovanni Segantini (1858-1899)
Engadiner Maler",Segantinistrasse,10,1949
zs_6aacfbb4e128,"Im Zusammenhang mit der von Stadtingenieur Arnold Bürkli geplanten Umgestaltung des Bahnhofsquartiers von 1862-1865 musste der Schanzengraben in die Sihl abgeleitet werden. 1866 wurde die Baufirma Locher & Cie mit dem Bau einer steinernen Brücke unterhalb der Militärstallungen über den Schanzengraben beauftragt. Die Brücke wurde und wird als Teil der Usteristrasse wahrgenommen, welche Johann Martin Usteri gewidmet ist. Johann Martin Usteri (1873-1827): Zürcher Künstler-Dilettant, der gleichermassen als Zeichner, Dichter und Sammler Bedeutung erlangte. Er war erst Textilunternehmer und widmete sich ab 1804 der Kunst und der Politik. Usteri war konservativer Politiker und von 1803-1827 Präsident der Zürcher Künstlergesellschaft sowie ab 1806 Mitglied des kantonalen Erziehungsrates. Er legte den Grundstock der Sammlung des heutigen Kunsthauses an und war ein beliebter Mundartdichter. Sein bekanntester Text ist das Volkslied «Freut Euch des Lebens». Die offizielle Benennung als [Name] von 1893 hat wohl eine gängige Bezeichnung aufgenommen.",Usteribrücke,1,1893
zs_7aeec5b34f9c,"Feld, das zum Bauerngut des 1256 erstmals erwähnten «Fallenden Brunnenhofs» gehörte, das umgangssprachlich als der «Hof» bezeichnet wurde.",Hoffeld,6,1935
zs_eef3e613e593,Frei gebildete Bezeichnung für eine Matte (Grasfläche) zwischen Hecken.,Hegenmatt,2,1940
zs_555063c42483,"Von 1935 an existierte in der Waldlichtung am Ende des Waidbadweges auf dem Käferberg das Waidbad. Die Stadt Zürich erwarb dieses Freibad, scheute aber die notwendigen Investitionen in die Anlage und schloss diese 1982.",Waidbadstrasse,10,1965
zs_2604d2321557,"Flurname «Chlose» (1265). «Klus» geht vermutlich auf lateinisch clausa zurück, was etwas Enges, Abschliessendes oder Eingeschlossenes bezeichnet. Der [Name] befindet sich oberhalb des Klusplatzes in Zürich-Hirslanden.",Klusweg,7,1918
zs_a8061d4a1be3,Verbindungsweg zwischen der [street] und den Schulhäusern Buchwiesen. Der Weg dient insbesondere als Schulweg. Flurname: Wiesen bei einem Buchenwald oder bei einer einzelnen Buche.,Buchwiesenweg,11,2006
zs_17ad2b2cfffc,"Jakob Boli, Vater (1817-1870), und Johann Heinrich Boli, Sohn (1839-1901): Gemeindepräsidenten von Wiedikon.",Bolistrasse,3,1925
zs_650025a4b6ce,Am [Name] standen die Schützenscheiben des 1846 erbauten alten Albisrieder Schützenhauses.,Schützenrain,9,1932
zs_f5b6b7f8ca71,"Emil Georg Bührle (1890-1956): Zürcher Maschinenindustrieller deutscher Herkunft. Emil Georg Bührle übernahm 1924 als Angestellter der Magdeburger Werkzeugmaschinenfabrik die Leitung der seit 1909 von der Maschinenfabrik Oerlikon abgetrennten Werkzeugmaschinenfabrik Oerlikon und 1929 deren Aktienmehrheit. Er wandelte diese 1937 in die Kommanditgesellschaft Oerlikon-Bührle um und baute sie zu einem der führenden Unternehmen der Maschinen- und Waffenfabrikation aus. Im Zweiten Weltkrieg lieferte die Firma im grossen Umfange Waffen ans Dritte Reich. Emil Georg Bührle legte ab den 1930er Jahren eine bedeutende Kunstsammlung an, die er 1960 in die Stiftung Sammlung Emil Bührle einbrachte und der Öffentlichkeit zugänglich machte. Zudem stiftete er den Erweiterungsbau des Zürcher Kunsthauses von 1958.",Bührlestrasse,11,1996
zs_2d638f944abb,"Männlicher Vorname, der wohl auf Walcho zurück geht und «der Welsche» bedeutet. In Erinnerung an einen 1295 erwähnten Welcho von Oerlikon.",Welchogasse,11,1933
zs_b74cf5d4969f,"Otto Nauer (1914-2012): Politiker und Förderer des genossenschaftlichen Wohnungswesens. Präsident der Genossenschaft Arbeiter-Siedlungs-Genossenschaft ASIG 1948-1988 und Geschäftsführer der Allgemeinen Baugenossenschaft Zürich ABZ 1964-1979. Anschliessend Zentralpräsident des Schweizerischen Verbandes für Wohnungswesen. Sozialdemokratischer Nationalrat 1971-1987. In den 90er-Jahren wurde Otto Nauer Gründungs- und Vorstandsmitglied der Alzheimervereinigung, Sektion Zürich.

Plaque: Otto Nauer (1914-2012)
1971-1987 Nationalrat, 1948-1991 Präsident der Arbeiter-Siedlungs-Genossenschaft ASIG",Otto-Nauer-Weg,12,2013
zs_7701a23676a3,"Gasse, die entlang der Kirchhof- und Kirchturmmauer zur Pfarrkirche St. Peter hinaufführt, benannt nach dem ab 1325 erwähnten Haus zum Schlüssel oder goldenen Schlüssel, [Name] 8. Schlüssel waren oft die Hauszeichen von Schmieden oder Schlossern, hier aber stand er vielleicht in Beziehung zum Beizeichen von Petrus, der die Schlüssel von Himmel und Hölle verwahren soll. Vom 13. bis ins 18. Jahrhundert wurde die Gasse als St. Peters Gasse bezeichnet, der Name [Name] ist erstmals aus dem Jahr 1756 bezeugt.",Schlüsselgasse,1,1865
zs_9ee1e6aabf09,"Flurname «an der gebreiten» (1415): ein gut gelegenes, ausgeglichenes Ackergelände.",In der Breiti,9,1932
zs_2feccb093b08,"Ulrich von Hutten (1488-1523): Deutscher Humanist und Dichter. Er begründete mit seiner Schrift «Arminius» den deutschen Nationalmythos des Sieges der Germanen über die Römer in der Varusschlacht bzw. der Schlacht im Teutoburger Wald im Jahre 9. n. Chr. Hutten kam 1523 schwerkrank nach Zürich und starb am 29. August 1523 auf der Insel Ufenau, wie Conrad Ferdinand Meyer in seiner Versdichtung «Huttens letzte Tage» schildert.",Huttensteig,6,1893
zs_41d3051fe65e,Begrünter Weg entlang des Kolbenhofbachs.,Staudenweg,3,1931
zs_d8f79c0ecd08,"Weg durch die Halde oberhalb des Stöckentobelbaches, der nach den Wurzelstöcken im Boden benannt ist.",Stöckenhaldenweg,7,1983
zs_e6759137d29d,"Rundliche Erhöhung, abgeleitet von mundartlich «Rugge» für Rücken im Sinne eines Bergrückens.",Ruggernweg,10,1918
zs_09eabdf5f91e,"Da in unmittelbarer Nähe des zu benennenden Weges unter anderem die Malven-, Begonien-, Mimosen- und Blütenstrasse liegen, wurde der Weg auch nach einer Pflanze benannt. Die Hamamelis, auch virginische Zaubernuss genannt, fällt besonders im Spätwinter auf. Ihre Rinde und Blätter wirken stark zusammenziehend und entzündungshemmend.",Hamamelisweg,6+11,2012
zs_b9db1d755360,"Fuss- und Radwegbrücke über die Limmat, westlich des Tramdepots, die als Verlängerung der Ampèrestrasse dient. Der Name geht zurück auf den französischen Physiker André-Marie Ampère (1775-1836), nach dem die Einheit der elektrischen Stromstärke benannt wurde.",Ampèresteg,5+10,2004
zs_824081e27ac5,Hier befand sich der Graben vor der ehemaligen Niederdorfporte.,Im Stadtgraben,1,1909
zs_0a204ec292ca,"Benannt nach dem Schleifer Johann Friedrich Wiedemeier (1841-1911), der an der Hegibachstrasse 23, Ecke [Name] wohnte und auf dem unteren Mühlesteg eine Schleiferei betrieb.",Schleifergasse,7,1895
zs_3eb1cf87249a,"Strasse über den Sagentobelbach, der aus dem Adlisberg nach Dübendorf und dort in die Glatt fliesst. Der Name des Baches leitet sich von einer Sägerei her, die im Besitze des Klosters Zürichberg war und sich hinter dem Tobelhof befunden hat.",Sagentobelstrasse,7,1997
zs_55f3dc182982,Erinnert an die zwischen 1850 und 1889 bestehende Klavierfabrik Sprecher & Söhne am [street] 32.,Sprecherstrasse,7,1911
zs_d7a6333204ab,"Vorname, der in der Zürcher Ritterfamilie Manesse sehr häufig war.",Rüdigerstrasse,3,1907
zs_5605785f94e9,"Der Krattenturm war der Endpunkt des äusseren Letzigrabens am Geissberg. Er soll im Alten Zürichkrieg zerstört worden sein. Im Wappen der ehemaligen Gemeinde Oberstrass ist der Krattenturm dargestellt, ebenso im Wappen der dortigen Quartierzunft.",Krattenturmstrasse,6,1908
zs_90caf66b69c2,"Strasse, die zum Waffenplatz auf der Brunauer Allmend in Wollishofen führte. Die Allmend wurde von 1877 bis 1986/87 durch die Eidgenossenschaft als Waffenplatz genutzt.",Waffenplatzstrasse,2,1882
zs_df0cb3317e25,"Die auf Isoliertechnik spezialisierte Micafil AG an der Badenerstrasse 796 in Zürich-Altstetten entstand 1918 durch den Zusammenschluss der Maschinenfabrik Aebi & Cie. und der Mikarta-Abteilung der Brown-Boveri & Cie. (BBC), später Asea Brown Boveri (ABB), in Baden. Im Verlauf der Jahre produzierte die Micafil AG besonders leistungsfähige Hochspannungsapparate und Hochvakuumpumpen. Die spätere Micafil Holding löste sich per 1. Januar 1995 auf, die beiden selbständigen Unternehmen Micafil Isoliertechnik AG und Micafil Vakuumtechnik AG wurden 2004 endgültig in die ABB integriert.",Micafilstrasse,9,1996
zs_a799c347a39b,"Führt nach Albisrieden, früher Rieden unter dem Albis: «Riete» (10. Jahrhundert), «Riedirn» (1225), d. h. Siedlung bei den Riedern. Riedt oder Riedtli ist ein häufig vorkommender Flurname, der etwa für einen feuchten Boden, für ein gerodetes Waldstück oder auch für Weideland, das bepflanzt worden ist. Der Name Albis bedeutet Berg und ist verwandt mit dem Wort Alpen.",Albisriederstrasse,3+9,1869
zs_8380c8019e3d,"Strasse entlang dem Glaubten, einem Wald mit dichtem Laubbaumbestand.",Glaubtenstrasse,10+11,1930
zs_b23decdfa0b8,"Vebindungsweg zur Maienstrasse. Die Benennung bezieht sich vermutlich auf «Maien», d. h. Blumenstrauss, da es in der unmittelbaren Umgebung noch weitere auf Pflanzen bezogene Strassennamen gibt.",Maienweg,6,1979
zs_5e836ede8c89,Hartmann Koch (1848-1917): Holz- und Kohlenhändler. Er erbaute 1891/92 an der [Name] 24 das erste Haus an dieser Strasse.,Kochstrasse,4,1893
zs_d7d334b62e1d,Strasse zum Sportplatz des Schulhauses Liguster.,Spielwiesenstrasse,11,1933
zs_85564ca8196d,"Benannt nach dem Landhaus zur Roten Wand, Limmattalstrasse 17, das bis 1820 der Familie Escher von Glas gehörte.",Eschergutweg,10,1933
zs_7f07a6f151a2,"Referenz an das Ehepaar Fritz und Paulette Brupbacher-Raygrodski. Paulette Brupbacher-Raygrodski (1880-1967): Ärztin in Aussersihl, Frauenrechtlerin und Sozialistin.
Paulette Raygrodski stammte aus Minsk, heute Weissrussland, und musste für ihr Studium in die Schweiz kommen. 1924 heiratete sie Fritz Brupbacher, mit dem sie eine Arztpraxis in Aussersihl führte. Sie setzte sich mit hohem sozialen Engagement für die Gleichberechtigung der Frauen und für die Aufklärung der Arbeiterschaft in Fragen der Geburtenplanung und der Sexualmoral ein.
Fritz Brupbacher (1874-1945): Zürcher Arzt in Aussersihl, Abstinentler, libertärer Sozialist, Schriftsteller und Politiker. Fritz Brupbacher verstand sich selbst als Revolutionär, Kultursozialist und Ketzer. Er politisierte auf dem revolutionären Flügel der Sozialdemokratie, engagierte sich um 1905 als revolutionärer Syndikalist in der von ihm mitgegründeten Antimilitaristischen Liga Zürich und zog sich 1914 nach einem gescheiterten Ausschlussverfahren aus der Sozialdemokratischen Partei zurück. 1921 war er Mitgründer der Kommunistischen Partei der Schweiz und 1925 sogar deren Stadtratskandidat. Er lehnte sich früh gegen den stalinistischen Kurs der Partei auf und wurde 1933 ausgeschlossen. Fritz Brupbacher zeichnete sich ebenso durch sein Engagement für Freiheit und Gerechtigkeit als auch durch eine sehr hohe persönliche Integrität aus.

Plaque: Paulette Brupbacher-Raygrodski (1880-1967)
Ärztin in Aussersihl und Sozialistin. Setzte sich mit
hohem sozialen Engagement für die Gleichberechtigung
der Frauen und die Aufklärung der Arbeiterschaft in
Fragen der Geburtenplanung und der Sexualmoral ein.
Fritz Brupbacher (1874-1945)
Zürcher Arzt in Aussersihl und Politiker.
Er kämpfte als überzeugter Sozialist für bessere Bildung
und für die Aufklärung der Arbeiterschaft",Brupbacherplatz,3,2009
zs_34f5998268af,"Benannt nach der 1893 mit der Stadt vereinigten Gemeinde Hirslanden. Der Name Hirslanden geht auf die Hirse zurück, die vor der Einführung der Kartoffel ein Grundnahrungsmittel war.",Hirslanderstrasse,7,1911
zs_a7a7ff29f465,"Gustav Hermann Joseph Philipp Volkmar (1809-1893): deutscher protestantischer Theologe und Altphilologe.
Wegen seinem Engagement für die liberale katholische Bewegung der Deutschkatholiken und seiner Opposition gegen die kurhessische Obrigkeit wurde er 1852 inhaftiert. Aus der Haft wurde er 1853 als Privatdozent an die Universität Zürich berufen. Von 1858 bis 1893 war er dort Professor für Theologie, wo er sich der historisch-kritischen Exegese des Neuen Testaments und der älteren Kirchengeschichte widmete.

Plaque: Gustav Volkmar (1809-1893)
Professor für Theologie an der Universität",Volkmarstrasse,6,1903
zs_62f18e9f553f,"Vermutlich nach Kaspar Köchli (1811-1887), Landwirt, wohnhaft an der Badenerstrasse 186, welcher Grundbesitz in der Gegend dieser Strasse besessen haben könnte.",Köchlistrasse,4,1885
zs_44c8d788e6da,"Giovanni Segantini (1858-1899): Kunstmaler aus dem Trentino (damals Österreich), der 1886 aus Italien nach Graubünden übersiedelte und hier alpine Landschaften von ungemeiner Leuchtkraft und hohem symbolistischen Gehalt malte.",Segantinisteig,10,1966
zs_0e4aca2e351b,"Waldbezeichnung «Eschenhau» im Adlisberg, was auf Holzschlag im Eschenwald hinweist.",Eschenhaustrasse,7,1931
zs_c070f0651a69,Laura Hezner (1862-1916): Mineralogin. Sie habilitiert 1910 als erste Frau an der ETH Zürich.,Laura-Hezner-Weg,10,2010
zs_0122e6ae375e,"Schmale Gasse im Niederdorf, die ihren Namen wohl vom 1940 abgetragenen Grauen Haus, [Name] 9, erhalten hat. Der Gassenname ist seit 1427 bezeugt, der Hausname bezog sich wohl auf die Farbe des Hauses. Es gab in Zürich auch «rote» oder «gelbe» Häuser und entsprechende Häusernamen.",Graue Gasse,1,1865
zs_51647993474d,"Wilhelm Baumgartner (1820-1867): Schweizer Chordirigent, Pianist, Komponist von Klavierstücken, Liedern und Chorwerken sowie Musikpädagoge. Baumgartner war 1845-1867 Musikdirektor der Universität Zürich. Er war mit Gottfried Keller eng befreundet und vertonte sein Lied «O mein Heimatland...». Sein Denkmal steht in der Platzpromenade.",Baumgartnerstrasse,4,1927
zs_4a146e5e4818,Tiername: ein Nagetier aus der Familie der Hörnchen.,Eichhörnliweg,10,1956
zs_4e78376e0d5c,"Platz vor dem einstigen Wollishofer- oder Katzentor, der durch die Ausweitung der Befestigung im 17. Jahrhundert in die Stadt einbezogen wurde. Bis 1775 wurde hier der Vieh- und Schweinemarkt abgehalten, weshalb der Platz Säumarkt genannt wurde. Danach hiess er Neumarktplatz. Aufgewertet und zu einem Verkehrsknotenpunkt wurde der Platz durch den Bau der neuen Post an der [street] und des gegenüberliegenden Hotels Baur en Ville 1836/38 sowie vor allem durch die Anlage der Bahnhofstrasse in den 1860er Jahren. 1864 tauschte der Kanton die Kaserne und die Zeughäuser um den [Name] mit der Stadt ab und zentralisierte die Militäranstalten in der Kaserne in Aussersihl. Der an diese Militäreinrichtungen erinnernde Name [Name] wurde erst danach zur offiziellen Platzbezeichnung. Hier entstanden 1856-1959 mit den Tiefenhöfen die ersten modernen Geschäftshäuser der Stadt. Das einstige Feldhof-Zeughaus wurde 1876 durch das Gebäude der Kreditanstalt, [Name] 8, ersetzt. Schon 1882 kreuzten sich hier die beiden ersten und einzigen Rösslitramlinien, so dass sich an dieser Stelle das Geschäftszentrum der Stadt bildete. Mit dem Bau des Bankvereingebäudes, [Name] 9, war die Bebauung 1899 abgeschlossen.",Paradeplatz,1,1863
zs_950164805c7b,"Emil Künzli (1858-1898): Gerbermeister, Stifter der Partizipantengenossenschaft Zürich-Unterstrass, einer gemeinnützigen, 1929 in Konkurs gegangenen Baugenossenschaft.",Künzlistrasse,6,1927
zs_0a8793925a02,Flurname: Acker entlang eines natürlich gebildeten Hages («Lebhag»). Der schweizerdeutsche Mundartausdruck Hag steht für Zaun.,Im Hagacker,3,1931
zs_0bfb6bca6937,"Alte Ortsgegend in Riesbach. Von Reben ab der Winegg, also ab dem Weinberg am Bergvorsprung oberhalb von Riesbach, bezog die Abtei Zürich 1369 einen Zins; um 1500 gab es dort einen Hof mit Baumgarten und Reben.",Weineggstrasse,8,1868
zs_3083d62a4f58,"Johann Gottfried Ebel (1764-1830): Politiker, Geologe, Reiseschriftsteller. Der schlesische Arzt Ebel verfasste 1792 in Zürich den geologisch ausgerichteten Reiseführer «Anleitung, auf die nützlichste und genussvollste Art die Schweiz zu bereisen». 1796 reiste Ebel als Anhänger der Französischen Revolution nach Paris , wo er sich auch mit politischen Reformen für die Schweiz befasste. 1801 erhielt er das helvetische, 1803 das Zürcher Bürgerrecht. Nach 1803 war Ebel als medizinischer und geologischer Forscher in Zürich tätig, wo er 1808 das Werk «Über den Bau der Erde in dem Alpen-Gebirge» und 1813 die politische Schrift «Abriss der politischen Zustände der Schweiz am Ende des Jahres 1813» veröffentlichte. Ebel setzte sich als Philanthrop für die Verbesserung der Lebensumstände der Bergbevölkerung ein und gilt als einer der frühesten Förderer der Alpentourismus.

Plaque: Johann Gottfried Ebel (1764-1830)
Politiker, Geologe, Reiseschriftsteller",Ebelstrasse,7,1893
zs_3af359d630d6,"Flurname, der möglicherweise auf einen hornförmigen, einen spitzigen Stein hinweist.",Horensteinstrasse,11,1933
zs_84e76f0cc65d,"Johann Jakob Locher-Oeri (1806-1861): Stadtrat von Zürich, Bauherr 1857-1861, und Gründer des Bauunternehmens Locher. Baumeister beim Bau der Münsterbrücke in Zürich.",Locher-Oeri-Platz,2,2010
zs_8a4e3308d2de,Benennung nach einem typischen bäuerlichen Nebengebäude. Der Weg führt auf dem Gelände der denkmalgeschützten Liegenschaft Käshaldenstrasse 20 am Wohnhaus und dem zugehörigen Waschhaus vorbei.,Waschhausweg,11,2005
zs_01200dff9130,"Charles Eugen Lancelot Brown (1863-1924), Leiter der technischen Abteilung, und Walter Boveri (1865-1924), Leiter der Monatgeabteilung der Maschinenfabrik Oerlikon MFO, gründeten 1891 zusammen das Elektrotechnikunternehmen Brown-Boveri & Cie. BBC in Baden. 1967 fusionierte die MFO mit der BBC und 1988 wurde aus dem Zusammenschluss mit der schwedischen Firma ASEA der ASEA-Brown-Boveri, also ABB-Konzern.

Plaque: Charles E. L. Brown (1863-1924)
Walter Boveri (1865-1924)
Ing. der MFO, Gründer der BBC in Baden 1891",Brown-Boveri-Strasse,11,1996
zs_af92576934ab,"Der Bau der Hohen Promenade erfolgte von 1784 bis 1789. Die Lage dieses Spazierweges geht auf die Stadtbefestigung des 17. Jahrhunderts zurück. Durch spätere Schulhausbauten zwischen der Schanzengasse und dem Privatfriedhof wurde der südliche Teil der Hohen Promenade stark verändert. Sie beginnt bei einer Art Aussichtskanzel mit Blick vor allem in Richtung [street], Winkelwiese und Kunsthaus und endet in einer gut 20 Meter langen Sackgasse neben dem Privatfriedhof über den Schulbauten.",Hohe Promenade,1,2011
zs_5f1c216ffa85,"Flurname, ursprünglich «Nid den Höfen», d. h. Gelände unterhalb der Höfe Witellikon in der Gemeinde Zollikon.",Niederhofenrain,8,1952
zs_6567941aec98,"Flurname für eine Wiese auf ehemals gerodetem Land, auf dem die Wurzelstöcke stehen gelassen wurden.",Stockenwiesweg,7,1988
zs_0b79374baf40,"Weg am Hang, am Rain, an dem Grundstücke einem Höngger Untervogt gehört haben dürften.",Vogtsrain,10,1904
zs_54ab7e1014f4,Früher verlief dort ein grosses «Moos» in einer Senke entlang der Albisstrasse.,Moosstrasse,2,1894
zs_7b3840b4659d,"Benannt nach dem von den Gebrüdern Gugolz 1855 erbauten und bis 1893 bewirtschaftenen Gut, Hohlstrasse 313, das 1931 abgetragen wurde.",Gugolzstrasse,4,1931
zs_6799d5c4ef3f,"Gustav Gull (1858-1942): Zürcher Architekt. Von 1895 bis 1900 hatte er das Amt des Stadtbaumeisters in Zürich inne und war unter anderem Erbauer des Schweizerischen Landesmuseums und des Stadthauses. Sein Hauptwerk war vom Heimatstil und Neubarock geprägt.

Plaque: Gustav Gull 1858-1942
Architekt. 1895-1900 Stadtbaumeister in Zürich. Erbauer unter anderem des Schweizerischen
Landesmuseums und des Stadthauses.",Gustav-Gull-Platz,4,2007
zs_888abf2626e6,"Flurname «Gesteigge», steil ansteigender Weg (1326).",Gsteigstrasse,10,1932
zs_4aa415f8d5eb,"Oskar Bider (1891-1919): Schweizer Flugpionier. Er verstarb bei einem Flugzeugabsturz am 7. Juli 1919 in Dübendorf.

Plaque: Oskar Bider (1891-1919)
Schweizer Flugpionier",Oskar-Bider-Strasse,6,1920
zs_5b4e48b865e5,Wegen der Aussicht auf den Uetliberg wurde das Quai [Name] genannt. Uto ist der literarische Name für den Uetliberg.,Utoquai,1+8,1887
zs_cd71a7176ed8,"Konrad Schneebeli (1806-1878): Wirt in Aussersihl. Konrad Schneebeli erbaute 1857 mit dem Haus zum Vorbahnhof, [Name] 9, das erste Wohnhaus und legte um 1875 auch eine Privatstrasse an. Diese nach seinem Vornamen benannte Strasse trat er 1877 unentgeltlich an die Gemeinde Aussersihl ab.",Konradstrasse,5,1882
zs_653ff0d5902d,Flurname: Acker eines ehemaligen Bauern namens Suter.,Am Suteracher,9,1963
zs_53770c93ddde,"1558 erwähnter Flurname für Acker auf einem abgeholzten Waldboden, in dem sich noch die Wurzelstöcke befinden.",Stöckenackerstrasse,11,1966
zs_ad95eb608b3a,"Franz Schubert (1797-1828): Wiener Komponist der frühen Romantik, der neben seinen Opern, Sinfonien und Messen auch den kleineren lyrischen Werken, wie Liedern und Klavierstücken, breiten Raum in seinem Schaffen einräumte.

Plaque: Franz Schubert (1797-1828)
Wiener Komponist",Schubertstrasse,10,1926
zs_c065423004b9,Name der in den 1870er Jahren angelegten neuen Verbindungsstrasse vom Heimplatz in Zürich durch die Gemeinde Hottingen zum Römerhof. Der Name der Gemeinde Hottingen geht auf einen alemannischen Siedler mit dem Namen Hotto zurück.,Hottingerstrasse,7,1881
zs_03becc03ecbe,"Johann Jakob Treichler (1822-1906): sozialistischer und später liberaler Politiker und Rechts-Professor. Treichler begann seine Karriere als Lehrer, dann gründete er das «Allgemeinen Noth- und Hülfsblatt» in Uster, die erste sozialistische Zeitung der Schweiz. Nach dem faktischen Verbot der Zeitung wurde er Anwalt und 1851 mit Karl Bürkli Gründer des Konsumvereins Zürich. Von 1850 an war Treichler Parlamentarier in Bund, Kanton und Stadt Zürich und ab 1856 Regierungsrat des Kantons Zürich für die Liberalen. Ab 1869 Oberrichter und ab 1871 Professor der Rechtswissenschaften an der Universität und ab 1876 auch an der ETH Zürich.

Plaque: Johann Jakob Treichler (1822-1906)
Politiker, Professor der Rechte an der ETH
und an der Universität",Treichlerstrasse,7,1906
zs_ce17a08d516d,"Um 1895 angelegte Privatstrasse im Selnauquartier, die aus nicht überlieferten Gründen den weiblichen Vornamen Diana erhielt. Diana war auch die römische Göttin der Jagd und des Mondes.",Dianastrasse,2,1895
zs_9b28149de12a,Wilhelm Fröhlich (1504/05-1562): Aus Riesbach stammender Söldnerführer in königlich-französischen Diensten.,Fröhlichstrasse,8,1892
zs_1bb979847c65,"Flurname, der den unteren Teil des Stöckentobels in Zürich-Witikon bezeichnet, das in einem steilen Rain, d. h. Abhang, ausläuft.",Raintobelweg,7,1934
zs_172a0f946032,"Baum- oder Strauchname, Name einer Frucht.",Aprikosenstrasse,12,1933
zs_6182fc03c083,"Flurname «Ifang» nach einem «eingefangenen», d. h. umzäunten Grundstück.",Einfangstrasse,11,1933
zs_278697b503e4,"Die Bezeichnung [Name] wurde neuzeitlich von den Anwohnern vorgeschlagen. Diese Benennung ist gegeben, da an diesem Punkt der Waidabhang in einer scharfen Wendung des Terrains endet.",Im Waidegg,10,1927
zs_fd80da36c429,"Marie Baum (1874-1964): Sozialpolitikerin. Sie studierte Chemie an der ETH Zürich von 1893 bis 1899 und war eine Wegbereiterin der sozialen Arbeit.

Plaque: Marie Baum (1874-1964)
Studierte Chemie an der ETH Zürich von 1893 bis 1899.
Sozialpolitikerin: Wegbereiterin der sozialen Arbeit.",Marie-Baum-Weg,10,2010
zs_587648da7f32,"Louis Braille (1809-1852): Erfinder der Braille-Blindenschrift. Die Braille-Schrift des Franzosen ermöglicht blinden Menschen auf der ganzen Welt das Lesen mit Hilfe ihres Tastsinns. Die [Name] liegt in unmittelbarer Nähe der [street], an der sich die Schweizerische Bibliothek für Blinde und Sehbehinderte SBS befindet.",Louis-Braille-Strasse,3,2002
zs_a333bb4c159d,"Frauental, nach einer Kapelle «Unser lieben Frauen» im Gnadental, erstmals 1521 erwähnt.",Frauentalweg,3,1910
zs_35d16663246e,"Strasse nach Opfikon, wo ein grosser Wald nach den dort vorkommenden Hainbuchen Hagenholz genannt wird.",Hagenholzstrasse,11+12,1948
zs_57503e944dc8,"Carl Spitteler (1845-1924): Schweizer Dichter und Schriftsteller, Literaturnobelpreisträger. Spitteler arbeitete zunächst als Lehrer, u. a. in St. Petersburg und in Bern, dann als Redaktor und freier Journalist in Basel. 1890-1892 wurde er Feuilletonredaktor an der Neuen Zürcher Zeitung. Spitteler wurde berühmt mit dem Epos «Olympischer Frühling» (1900-1905), weitere seiner Hauptwerke sind «Prometheus und Epimetheus» (1881, unter Pseudonym Carl Felix Tandem), «Imago» (1906) und «Prometheus der Dulder» (1924). Spitteler hielt 1914 die bedeutende Rede «Unser Schweizer Standpunkt», in der er sich zu Beginn des 1. Weltkrieges für die Einheit der neutralen Schweiz einsetzte. Er wurde Ehrendoktor der Universitäten Zürich 1905 und Lausanne 1915, erhielt den Schillerpreis der Schweizerischen Schillerstiftung 1918 und den Nobelpreis für Literatur 1919.

Plaque: Carl Spitteler (1845-1924)
Dichter, Erneuerer des Versepos, 1890 bis 1892 in Zürich",Carl-Spitteler-Strasse,7,1950
zs_f775f6341dea,Hans Roelli (1889-1962): Lyriker und Liederkomponist. Er war Bürger von Zürich und wohnte abwechselnd in Arosa und der Zürcher Altstadt.,Hans-Roelli-Weg,7,1963
zs_6ad38def3e9b,"Sophie Taeuber-Arp (1889-1943): Innenarchitektin, Malerin, Plastikerin, Textilkünstlerin und Tänzerin. Sie arbeitete als Lehrerin an der Kunstgewerbeschule (1916-1929) und war mit ihrem späteren Mann Hans Arp Mitbegründerin der Dada-Bewegung in Zürich.

Plaque: Sophie Taeuber (1889-1943)
Schweizer Künstlerin, Architektin und Kunsthandwerkerin",Sophie-Taeuber-Strasse,11,1996
zs_628effda72f7,Flurname: Wiese bei einer Esche oder einem Eschengehölz.,Eschwiesenstrasse,3,1895
zs_0ff86b0cf1f2,"Weg entlang dem Sägertenbach, dessen Name sich von «Sägerten» oder «Sägeten» aus dem mittellateinischen «saigata» herleiten und ein Ackermass bezeichnen könnte, oder von einer «Ägerten», einem Grundstück, das ausserhalb der Zehntenordnung stehend teils als Acker und teils als Weide genutzt wurde.",Am Sägertenbach,11,1933
zs_048011a2d601,"Otto Jaag (1900-1978): Professor für Hydrologie, Abwasserreinigung und Gewässerschutz an der ETH Zürich.

Plaque: Otto Jaag (1900-1978)
Professor für Hydrologie, Abwasserreinigung
und Gewässerschutz an der ETH Zürich",Otto-Jaag-Strasse,12,2009
zs_5266b4d441de,"Carl Culmann (1821-1881): Professor für das Bauingenieurwesen am Polytechnikum Zürich (ab 1911 Eidgenössische Technische Hochschule ETH) von 1855 bis 1881, und ETH-Direktor von 1872 bis 1875. Er leistete Grundlegendes insbesondere auf dem Gebiet der Baumechanik und der Statik im Brückenbau. Er gilt als einer der bedeutendsten Ingenieurwissenschaftler des 19. Jahrhunderts. Die im Jahr 1892 nach ihm benannte Strasse war ursprünglich die alte Landstrasse Richtung Winterthur, von 1883 bis 1892 hiess sie Friedensstrasse. Die Umbenennung im Jahr 1892 erfolgte, weil es auch in der Stadt eine Friedensgasse gab.

Plaque: Carl Culmann (1821-1881)
Professor für Ingenieurwissenschaft an der ETH",Culmannstrasse,6,1892
zs_fe2856132b34,"Biberlinsburg: Hügel zwischen Degenried und Elefantenbach, wo keine Spur einer Burg zu finden ist. Die Burgstelle liegt unmittelbar unterhalb der alten Strasse von Zürich zum Greifensee. Die im 19. Jahrhundert noch erkennbaren Mauerzüge auf dem Burgareal sind heute unter der Erde verschwunden. Falls hier nicht die Stammburg der Ritter Biberli stand, handelt es sich möglicherweise um einen vorgelagerten Wachturm der Stadt Zürich.",Biberlinsburgweg,7,1997
zs_8eec3ef139f3,"Der Strassenzug Sood-Kirche Leimbach-Manegg, mit welcher die Bauten der Kirche und des Schulhauses von Leimbach an eine öffentliche Strasse angeschlossen werden sollten, wurde 1899 geplant, ohne dass schon ein Strassenname beschlossen wurde. Der Name [Name] geht wahrscheinlich auf einen Flurnamen zurück.",Wegackerstrasse,2,1902
zs_84451c653edc,"Hans Roth (1831-1891): Seidenfabrikant, Gemeindepräsident von Hirslanden 1856-1864 und Kantonsrat 1861-1869. Hans Roth war Mitglied der Gemeinnützigen Gesellschaft des Wahlkreises Neumünster und Mitbegründer des in dieser Gesellschaft gegründeten Aktienbauvereins Zürich 1872-1901. Die dritte Siedlung des Aktienbauvereins Zürich wurde 1891-1898 auf damals noch in Wipkingen gelegenen Grundstücken an der heutigen [Name] errichtet.",Rothstrasse,6,1907
zs_6a68d6962b1e,"Querstrasse zur Schulstrasse, die vom Zentrum von Oerlikon zum 1874 eingeweihten Schulhaus Halde A führt.",Schulsteig,11,1931
zs_dd3ede58fc02,"Flurname und Bauerngut «Häderli» oder «Häderlig», Schaffhauserstrasse 157, das 1943 abgetragen wurde. Der Zusammenhang mit «hädere», für eilig herumlaufen oder schnell reden, ist nicht offensichtlich.",Häderlihof,6,1928
zs_2cf7dd1e41b8,"Grundstücke am Fuss oder vor der Halde, des Rebhanges unterhalb der Kirche.",Vorhaldenstrasse,10,1932
zs_560ca99918f8,Weg an aussichtsreicher Lage am Hang des Uetlibergs.,Panoramaweg,3,1973
zs_fda7b692e190,"Der Name bezieht sich vielleicht auf die Funktion der Strasse als kurzer, rückwärtiger Erschliessungsweg.",Rückgasse,8,1892
zs_d7c08469a280,"Rudolf Mötteli vom Rappenstein (gest. 1482): Kaufmann. Erstmals 1441 erwähnt, Sohn des Rudolf, Leiters der Ravensburger Handelsgesellschaft, und der Walpurga Muntprat, Patriziertochter aus Konstanz. Lehr- und Wanderjahre im Dienst der Ravensburger Handelsgesellschaft. Mit der nach 1450 mit seinem Halbbruder Lütfried gegründeten Mötteli-Gesellschaft betrieb er vor allem mit Südfrankreich und Spanien erfolgreich Handel. Als sozialer Aufsteiger suchte er den Kontakt zu adligen Kreisen (1458-1468 Besitzer von Schloss Alt-Regensberg). Er war u. a. 1458-1466 Bürger von Zürich, 1463-1471 von Luzern und ab 1465 von beiden Unterwalden. Rudolf Mötteli war stets in Rechtsstreitigkeiten verwickelt und wurde kurz vor seinem Tod verhaftet, was zum sogenannten Mötteli-Handel (1482-1486) führte.",Mötteliweg,11,1951
zs_82cbf720b1a2,"Das Eckhaus [Name] und Seefeldstrasse 37, erbaut 1862 und abgetragen 1956, war von 1863 bis 1923 eine Bäckerei.",Brotgasse,8,1892
zs_7341109e44ac,"Die [Name] in der Stadt Zürich ist die Verlängerung der auf Gemeindegebiet von Schlieren liegenden [Name]. Der Name erinnert an die Ballonflüge, die oft beim städtischen Gaswerk in Schlieren gestartet wurden, von wo das Gas bezogen wurde.",Ballonstrasse,9,2006
zs_b5ee48f3d6c4,Eine Gegend Stapferweg in Oberstrass ist bereits im Jahr 1650 bekannt. Vermutlich hatte hier einst die einflussreiche Zürcher Junkerfamilie Stapfer Grundbesitz; die Familie tritt in Zürich ab 1360 auf und starb 1670 in der männlichen Linie aus.,Stapferstrasse,6,1883
zs_56a66b3d2b12,"Verbindungsweg zwischen den einstigen Zugängen zur Stadt durch das Oberdorftor sowie auf dem Wasserweg in den Hafen durch das Grendeltor, als [Name] bezeichnet 1737. Zuvor hiess die Gasse seit dem 14. Jahrhundert oberste Gass auf Dorf, um 1300 auch Füchinggasse nach einer dort sesshaften Familie Fütschi.",Torgasse,1,1865
zs_d8cda2d86b27,"Eduard Stiefel (1909-1978): Professor für höhere Mathematik an der ETH Zürich 1943-1978. Stiefel wurde 1948 Leiter der Instituts für angewandte Mathematik. Er war ein Computerpionier und erkannte früh die Bedeutung des programmgesteuerten Rechnens. 1950 setzte er den 1942 von Konrad Zuse entwickelten Rechner Z4 an der ETH ein und baute die ERMETH, die elektronische Rechenmaschine der ETH, einen der ersten Computer Europas.

Plaque: Eduard Stiefel (1909-1978)
Professor für Mathematik 1943 bis 1978. Pionier der
numerischen Mathematik und der Informatik. Erbaute
den Ermeth, eine der ersten Computer Europas.",Eduard-Stiefel-Weg,10,2010
zs_1994d78ad45e,"Johann Jakob Wissmann (1843-1903): Pfarrer zu St. Peter von 1888 bis 1903. Wissmann war ein bedeutender Vertreter der freisinnigen Theologie, aktiv im Schweizerischen Verein für ein freies Christentum, Kirchen- und Erziehungsrat sowie Politiker der Liberalen Partei.

Plaque: Johann Jakob Wissmann (1843-1903)
Pfarrer am St. Peter 1888 bis 1903
Erziehungs- und Kirchenrat",Wissmannstrasse,6,1922
zs_7709344c5bc5,Name des lediglich 49 Meter langen Verbindungssträsschens zwischen der Hohlstrasse und der [street] in Aussersihl. Im Strassenverzeichnis von 1882 wird das Strässchen seiner Kürze wegen als Kurze Gasse bezeichnet.,Kurzgasse,4,1882
zs_0fc25a0e76fa,Benannt nach dem Friedhof Rehalp. Die [Name] zieht nordöstlich am Friedhof vorbei. Der Name Rehalp geht wohl auf einen Hausnamen zurück. Das Haus an der Forchstrasse 395 (1861-1970) wurde Rehalp genannt. Heute steht an seiner Stelle ein grosses Geschäftshaus.,Rehalpstrasse,8,1932
zs_c8b163ddca9b,"Hans-Rudolf Hägi (1723- ca. 1808) von Hirzel: war wie Jakob Gujer (Kleinjogg) ein Musterbauer im späten 18. Jahrhundert.

Plaque: Hans-Rudolf Hägi (1723- etwa. 1808)
von Hirzel
wie «Kleinjogg» Gujer ein Musterbauer im späten 18. Jahrhundert",Rudolf-Hägi-Strasse,11,2005
zs_8b69d9f8a150,"Alter Verbindungsweg von Zürich durch die höheren Ortsgegenden von Hottingen und Hirslanden nach Witikon und weiter nach Maur ins Zürcher Oberland. Die Strasse war für den Verkehr ungenügend und wurde deshalb 1849/50 ausgebaut, wobei die Querung des Stöckentobels zwischen Hirslanden und Witikon anspruchsvoll war. [Name] heisst das Teilstück der Strasse zwischen Klusplatz und Witikon. Witikon ist eine Vorortsgemeinde von Zürich, die 1934 eingemeindet wurde und deren Name auf einen ersten Ansiedler zurückgeht, der wohl Wito hiess.",Witikonerstrasse,7,1880
zs_f87c989d1001,"Wilhelm Friedrich Hertenstein (1825-1888): Forstmeister, freisinniger Regierungsrat 1872-1879 und Bundesrat 1879-1888, Vorsteher des Militärdepartements, von Kyburg.

Plaque: Wilhelm Friedrich Hertenstein (1825-1888)
von Kyburg
Bundesrat 1879 bis 1888",Hertensteinstrasse,11,1949
zs_e6132bb26ec9,"Bezeichnung für einen Privatwald, der aus im Gemeineigentum stehenden Gemeinwald ausgeschieden oder ausgesondert wurde.",Sonderistrasse,10,1956
zs_5044adbaf9bd,"Hans von Reinhard (1755-1835): Zürcher Bürgermeister, d. h. Regierungspräsident 1803-1830, Landammann der Schweiz 1807-1813.",Reinhardstrasse,8,1895
zs_09205e0d8c5e,"Die Zypresse steht seit der Antike für die Unterwelt und symbolisiert die Langlebigkeit. Deshalb wird der Baum häufig zur Friedhofsbepflanzung verwendet.
Der ursprüngliche Namen der Strasse war Zentralfriedhofstrasse. Er musste 1897 angepasst werden, weil der Friedhof von Zentralfriedhof auf Friedhof Sihlfeld umbenannt wurde.",Zypressenstrasse,3+4,1897
zs_ae11724388da,"Bedeutung unklar, verweist vielleicht auf einen Eigennamen.",Linderweg,3,1997
zs_4ae307b2af24,"Benannt nach dem angrenzenden Hof Geissberg, zu dem früher eine Ziegenweide gehörte.",Geissbergstrasse,10,1956
zs_de0b505ad8d0,Rudolf Zangger (1804-1877): Gemeindepräsident von Unterstrass von 1843 bis 1861. Zangger wohnte an der Röslistrasse 47/49 und betrieb dort eine Wolltuchfabrik.,Zanggerweg,6,1926
zs_e10fd1d98e24,Weg zum ehemaligen Lehenhaus des Kornamtes in Affoltern.,Kornamtsweg,11,1933
zs_9a4c6d3bdabb,"Benannt nach dem Haus zur Flora (1846-1931), Seefelstrasse 61, das an der Ecke zur [Name] stand. Flora war die römische Göttin der Blumen und der Jugend.",Florastrasse,8,1881
zs_ccfb1de8cc23,Auf einer Anhöhe oberhalb der Witikonerstrasse verlaufende Quartierstrasse.,Höhenweg,7,1909
zs_14c889688dee,"Strasse bei den 1877 und 1889 erbauten Schulhäusern in Hottingen, die deshalb Schulstrasse hiess. Weil es Schulstrassen auch in anderen Zürcher Ausgemeinden gab, erfolgte 1892 die Umbenennung in [Name]. Ilge ist die alte mundartliche Bezeichnung für Lilie. Besonders in Hottingen gab es um 1900 zahlreiche Blumengärten. Gerne wurden hier Strassen nach Blumenarten benannt.",Ilgenstrasse,7,1892
zs_22c8c952aa78,"Strasse in der alten Ortsgegend Lehen in Zürich-Wipkingen, benannt nach dem 1927 abgetragenen Haus zum Lehen, [Name] 29. Ein Lehen war bis in das 19. Jahrhundert hinein ein verpachtetes oder entlehntes Gut, das oft auch dem Staat gehörte.",Lehenstrasse,10,1888
zs_59da8ee9b389,"Um 1877 im Zusammenhang mit der Anlage des Industriequartiers ausgebaute und umbenannte Quaistrasse längs der Sihl und der Limmat. Zuvor hiess der bestehende Weg Kreuelstrasse nach der dortigen Gegend, die schon im 14. Jahrhundert «Krewel» oder «Kreuel» genannt wurde. Was «Kreuel» ursprünglich bedeutete, ist ungewiss; vielleicht war es ein Familienname wie Grebel, vielleicht ein Flurname, der an eine Geländeform ähnlich einer hakenförmigen Gabel, den Kräuel, erinnerte.",Sihlquai,5,1918
zs_2231dbd114bf,"In Anlehnung an bestehende Strassennamen aus dem Spinnereigewerbe. Der Begriff des Tuchmachers stammt ursprünglich aus dem Mittelalter und der frühen Neuzeit, wo das Handwerk des Tuchmachens generell ein Männerberuf war. Ein Tuchmacher war ein Weber, der spezialisierte Fasern, vor allem Wolle, verarbeitete und das damals so genannte Tuch herstellte. Im 19. Jahrhundert war diese Berufsbezeichnung nicht mehr verbreitet.",Tuchmacherstrasse,2,2013
zs_ec554d105483,"Strasse in Aussersihl, die bei ihrer Anlage ab etwa 1860 vom Flussübergang nach Wipkingen in das grosse Landgut Hardau an der Gabelung der Badenerstrasse und der Albisriederstrasse führte. Als «Hard» bezeichnet wurde von alters her die ausgedehnte Ortsgegend in Aussersihl, die sich an der Limmat von der Höhe Wipkingens bis gegen Altstetten hinzog. «Hard» bezeichnet einen als Weide benutzten, lichten Wald.",Hardstrasse,4+5,1869
zs_7ab462fd8103,"Strasse in der «Münchhalden», einer alten Ortsgegend von Riesbach. Reben in der «Münchhalden» sind zum Beispiel im Jahr 1390 urkundlich erwähnt. Der Namensteil Münch (d. h. Mönch) kann auf ursprünglich geistlichen Besitz hindeuten, aber auch auf einen Familiennamen. Im 15. Jahrhundert hatte dort eine Familie Münch Grundbesitz.",Münchhaldenstrasse,8,1867
zs_a28eff40c0a6,"Flurname «Mülizälgli», ein Hinweis auf einst dort gelegene Getreidefelder der 1230 erstmals urkundlich erwähnten ehemaligen Mühle am Albisrieder Dorfbach, [street] 19.",Mühlezelgstrasse,9,1928
zs_44170d97686d,"Flurbezeichnung und Hofname für den dortigen Bauernhof am [Name] 115. Ein «Ris» ist eine Rinne oder Schneise im Wald, wo man gefälltes Holz «risen», d. h. abgleiten lässt.",Risweg,2,1897
zs_b5c4ccac3d9a,"[Name] steht wohl im Zusammenhang mit dem Flurnamen «Auf der Heu» bzw. «Untere Heu» im Gebiet des Schwandenholzes und des heutigen Friedhofs («Hau»: Holzschlag im Wald, Rodung).",Heuweg,11,1999
zs_163edabc6c45,Aussichtspunkt beim Beginn der Strasse an der Winterthurerstrasse über das Glattal.,Luegislandstrasse,12,1933
zs_de29e3a370b7,"Flurname «Degenried», sumpfiges Grasland, vermutlich abgeleitet vom Namen eines Grundeigentümers; der Familienname «Tegan» im 14. Jahrhundert in der Nachbarschaft ist belegt; «Tegan», «Degen», Kämpfer, Held.",Degenriedstrasse,7,1930
zs_504a23b4a586,"Die [Name] befinden sich beim ehemaligen Riedgraben, dem Entwässerungsgraben des unteren Ried, der dem Riedgrabenweg den Namen gab. Vermutlich war der Zugang zu diesen Äckern eine kleine Brücke über den Riedgraben.",Brüggliäcker,12,1944
zs_e4619dc6a50d,Strasse durch die ehemaligen Rebberge oberhalb der Limmattalstrasse.,Rebbergstrasse,10,1928
zs_2d94607a00f0,"Die Gasse nennt sich nach der Liegenschaft am Ende der [Name] an der [street] 9 (vor 1812-1960). Diese wurde 1839 von Gabriel Vogel (1787-1842), Hufschmied, übernommen und von da an Schmidtenhof oder Schmidhof genannt.",Schmidhofgasse,1,2003
zs_3ef7b0d6482d,"Die ab 1256 erwähnte Gasse musste gemäss den Statutenbüchern des Grossmünsters von 1346 mit Fackeln und Pechlichtern beleuchtet werden, um die Anlieferung von Wein während der Nacht von der Schifflände in die Trotte des Grossmünsters zu ermöglichen. Ab 1561 ist ferner der dortige Hausname zur Laterne, [Name] 2, belegt. Der Name [Name] erscheint auf dem Stadtplan von Johannes Müller 1794.",Laternengasse,1,1794
zs_3e9aa4808542,"Altes Altstetter Geschlecht, das seit etwa 1500 hier erwähnt wird.

Plaque: Neeser
Alte Familie von Altstetten",Neeserweg,9,1952
zs_4efddbc47037,"Jakob Staub (1837-1892): Baumeister und Gemeindepräsident von Wollishofen von 1868 bis 1877.

Plaque: Jakob Staub (1837-1892)
Gemeindepräsident von Wollishofen 1868 bis 1877",Staubstrasse,2,1908
zs_670b3cd3bdac,"Alfred Escher (1819-1882): Politiker und Wirtschaftsführer. Im Zusammenhang mit den Quaibauten um 1885 angelegte Strasse in der Enge, die vom Bahnhof Enge her zum «Belvoir», dem Landgut von Alfred Escher, führt. Escher war einer der bedeutendsten Politiker und Wirtschaftsführer der Schweiz des 19. Jahrhunderts. Er war unter anderem Zürcher Regierungsrat 1848-1855, Nationalrat 1848-1882, Mitbegründer der Eidgenössischen Technischen Hochschule ETH 1855, der Schweizerischen Kreditanstalt 1856 (heute Credit Suisse) und der Gotthardeisenbahn (Gotthardtunnel 1882). Das Denkmal für Alfred Escher auf dem Bahnhofplatz von Zürich stammt aus dem Jahr 1889.

Plaque: Staatsmann und Wirtschaftsführer
Schöpfer der Gotthardbahn 1819 bis 1882",Alfred-Escher-Strasse,2,1886
zs_16ad51386182,"Boulevard, der entlang der früheren Stadtmauer und an Stelle des zur Mauer gehörenden Stadtgrabens - des Fröschengrabens - von der Schifflände über den Paradeplatz zum Zürcher Hauptbahnhof führt. Nach dem Entscheid, den Standort des ersten Bahnhofs von 1846-1847 nicht zu verändern, wurde die [Name] zur repräsentativen Verkehrsverbindung zwischen dem See, den Hotels und der Post am Paradeplatz und dem Bahnhof. Sie entstand durch Aufschüttung des mittelalterlichen Stadtgrabens, der damals noch immer Wasser führte, in den Jahren 1864-1865 Teilstück Bahnhofplatz-Paradeplatz und 1877-1880 Teilstück Paradeplatz-Schifflände.",Bahnhofstrasse,1,1863
zs_b66baa5e0241,"Abgeleitet vom Flurnamen «Looren», d. h. steiniges Gelände, hier bei einer Strasse mit enger Kurve.",Loorenrank,7,1963
zs_f1bb4941fde5,Susanna Orelli-Rinderknecht (1845-1939): Gründerin und langjährige Präsidentin des Zürcher Frauenvereins für alkoholfreie Wirtschaften. Für ihre Verdienste um die Volksgesundheit erhielt sie als erste Frau einen Ehrendoktortitel der Medizinischen Fakultät der Universität Zürich.,Orelliweg,7,1950
zs_783b89dfe7bc,Wiese an einem Bach- oder Entwässerungsgraben.,Grabenwies,6,1935
zs_bc5fc0ac0280,Der Acker mit sandigem Grund wurde 1543 als Flurname erwähnt.,Sandacker,11,1935
zs_0180162fac0c,"Johannes Fries (1809-1888): Kirchenpfleger von Seebch. Bekannt durch sein wohltäges Wirken.

Plaque: Johannes Fries (1809-1888)
Kirchenpfleger, Wohltäter",Friesstrasse,11,1932
zs_13490858da91,"Am Standort bei der [Name] hat die Oerlikon Contraves ab 1970 die Nutzlastverkleidung der europäischen Trägerrakete Ariane entwickelt. Der Raumfahrtbereich der Oerlikon Contraves wurde 1999 als Contraves Space verselbständigt, 2009 von der Ruag übernommen und in Ruag Space umbenannt. Deren Hauptsitz befindet sich bei der [Name] an der Schaffhauserstrasse 580.",Arianestrasse,11,2011
zs_b3d109dbdd92,"Karl Stauffer, genannt Stauffer-Bern (1857-1891): 1874 abgebrochene Lehre als Dekorationsmaler in München, ab 1876 an der dortigen Akademie. 1880 zog Karl Stauffer nach Berlin, wo er ein Jahr später an der dortigen Kunstausstellung eine Goldmedaille gewann und schlagartig berühmt wurde. 1885 weilte er bei seinem Schulkameraden Friedrich Emil Welti auf dessen Zürcher Landsitz Belvoir, um ein Bildnis von dessen Frau Lydia, der Tochter Alfred Eschers, zu malen. In Zürich entstanden auch die Porträts von Gottfried Keller und Conrad Ferdinand Meyer. Vom Ehepaar Welti finanziell unterstützt, zog Stauffer 1888 nach Rom, um sich ganz der Bildhauerei zu widmen.

Plaque: Karl Stauffer (1857-1891)
Berner Maler",Karl-Stauffer-Strasse,8,1932
zs_04ad9d64c0aa,"Genannt nach dem Restaurant Wartau, eröffnet 1898, an der Limmattalstrasse 184.",Wartauweg,10,1932
zs_126e232a9a14,"Strasse in Hottingen, die 1866 erstellt wurde und die mittels des älteren Fehrenstegs den Wolfbach überquerte. Ob der Steg und damit die Strasse nach einem dortigen Grundeigentümer namens Fehr benannt wurde oder ob «Fehr» eine Furt durch den Bach bezeichnete, ist unbekannt.",Fehrenstrasse,7,1881
zs_d1d62108cee9,"Jakob Diener (1820-1882): Baumeister Jakob Diener aus Männedorf gründete um 1840 ein eigenes Baugeschäft und wurde bekannt durch den Bau der Eisenbahnbrücke Wipkingen 1853-1856 und den Bau des Hauptbahnhofs Zürich 1865-1871. Ab 1862 kaufte er Land in Aussersihl und erstellte dort Strassen und Häuser, so auch die sogenannten Dienerhäuser, [Name] 29, 31, 33, 35 und 37.",Dienerstrasse,4,1869
zs_3bacc8ec6106,"Führte zu dem nach der einstigen Eigentümerin, der Zürcher Familie Ott, benannten Ottengut in Riesbach, dessen Herrschaftshaus zum Kreuzhof, Kreuzbühlstrasse 44, im Jahr 1951 abgetragen wurde. Die Ott von Zürich sind ein altes einflussreiches Zürcher Bürgergeschlecht, das der Tradition gemäss von Felix Ott abstammt, der 1444 bei Greifensee im Alten Zürichkrieg von den Eidgenossen enthauptet wurde.",Ottenweg,8,1867
zs_df25390c0a8e,"Die Mitglieder der Famlie Giacometti aus dem Bergeller Dorf Stampa bildeten die wohl bedeutendste Künstlerdynastie der Schweiz. Giovanni Giacometti (1868-1933) führte mit Cuno Amiet den Stil des Post-Impressionismus in der Schweiz ein und hatte 1912 eine eigene Ausstellung im Kunsthaus Zürich. Sein Cousin Augusto (1877-1947) war engstens mit Zürich verbunden, wo er seit 1915 seinen ständigen Wohnsitz hatte und in der Nachfolge des Jugendstils und des Symbolismus neben populär gewordenen Plakaten auch Werke der Glasmalerei, wie die Chorfenster in Grossmünster und ein Kirchenfenster im Fraumünster, oder monumentale Wandmalereien, wie in der Eingangshalle des Amtshauses I (Giacometti-Halle, die so genannte «Blüemlihalle»), schuf. Der Sohn von Giovanni Giacometti, Alberto (1901-1966), ist einer der international bedeutendsten Bildhauer des 20. Jahrhunderts geworden. Dank der Leihgaben der 1965 gegründeten Alberto-Giacometti-Stiftung Zürich verfügen das Kunsthaus Zürich und die Fondation Beyeler in Riehen über die umfangreichste Sammlung der Werke von Alberto Giacometti.",Giacomettiweg,10,2003
zs_6d00df56ef31,"Flurname «Loh» (häufig «Loo» geschrieben), d. h. lichtes Gehölz, das als Weide diente.",Breitlooweg,9,1939
zs_35b6ae9f3a43,Benannt zu Ehren des Nachbarkantons Aargau.,Aargauerstrasse,9,1969
zs_b5ae35b52dcd,"Name der 1837/38 auf dem Gemeindegebiet von Oberstrass gänzlich neu erstellten Landstrasse, die über Schwamendingen nach Winterthur führte. In Oberstrass löste sie die später Frohburgstrasse genannte alte Landstrasse als Hauptverbindungsstrasse ab.",Winterthurerstrasse,6+11+12,1883
zs_a62488f99964,"Flurname «Im Strähler», «Streleren» (1293) nach dem Namen eines Eigentümers.",Im Sträler,9,1970
zs_04622c3a1552,Eventuell von «Hauer» im Sinn von Wurzelhacker oder einfach beim Holzschlag benützter Weg.,Hauerweg,7,1997
zs_862a9ab5ce6d,An der «Steinhalden» befanden sich ausgedehnte Weinberge.,Rebhaldenstrasse,2,1898
zs_fa8961c12cda,"Name für die Limmatinsel zwischen Limmat und Giessenkanal in Höngg mit der verdoppelten Bedeutung (Pleonasmus) von Werd und Insel als eines Geländes am Wasser, einer Insel oder Halbinsel, die durch zwei Flussarme gebildet wurde.",Werdinsel,10,1991
zs_c77444512182,"Alte Ortsgegend von Riesbach am gleichnamigen Bachlauf. Der Wildbach heisst in seinen Oberläufen Wehrenbach und Elefantenbach, in seinem Unterlauf Hornbach. Bis zu seiner Verbauung 1878-1881 und auch später noch konnte der Wildbach wegen seines grossen Einzugsgebietes zu einem reissenden Gewässer werden. Dies führte namentlich in den Jahren 1778, 1852, 1878 und 1953 zu grossen Überschwemmungen.",Wildbachstrasse,8,1867
zs_815833fc9a2e,"Heinrich Wettstein (1831-1895): Direktor des Seminars Küsnacht von 1875 bis 1895 und Erziehungsrat von 1881 bis 1895.

Plaque: Heinrich Wettstein (1831-1895)
Direktor des Seminars Küsnacht 1875 bis 1895
Erziehungsrat 1881 bis 1895",Wettsteinstrasse,2,1899
zs_7210d1086688,"[Name] endete, bevor der Limmatquai um 1860 vom «Rank» bis zum [street] verlängert wurde, die Strasse im Niederdorf der Limmat entlang; es musste «ein Rank», eine Kurve, in die Niederdorfstrasse gemacht werden . Die Bezeichnung «[Name]» findet sich bereits auf dem Stadtplan von 1793.",Am Rank,1,1859
zs_f594afbc218e,Brücke über die SBB-Gleise von der Regensbergstrasse 173 bis zur Hofwiesenstrasse in Zürich-Oerlikon.,Regensbergbrücke,11,2012
zs_041dc7ce7663,"Benannt nach einer um 1878 angelegten, mittlerweile wieder verschwundenen Anlage (mit Tisch und Bänken) oberhalb des im Adlisberg gelegenen Waldstücks Katzenschwanz.",Katzentischstrasse,7,1956
zs_f8bca124b497,"Ein seit langem bestehender Güterweg, der 1838/39 von der Gemeinde Riesbach übernommen und zur Kommunikationsstrasse erhoben wurde. Ein «Höschacker» im Seefeld ist bereits 1405 erwähnt. «Hösch» geht vielleicht auf das 1552 ausgestorbene Zürcher Ratsherrengeschlecht dieses Namens zurück, das Grundbesitz in Riesbach hatte.",Höschgasse,8,1867
zs_f840be3badd4,"Ricarda Huch (1864-1947): Deutsche Schriftstellerin. Sie studierte Geschichte und Philosophie an der Universität Zürich 1888-1891 (Promotion 1891). Anschliessend arbeitete sie an der Stadtbibliothek, der späteren Zentralbibliothek, als Bibliothekarin 1891-1896 und als Lehrerin an einer Privatschule.

Plaque: Ricarda Huch (1864-1947)
Deutsche Schriftstellerin, Promotion an der Universität Zürich 1891",Ricarda-Huch-Strasse,11,1996
zs_2dde03ee61e9,Der Name [Name] ist nach dem Vorbild der schon bestehenden Spulen- und Spindelstrasse gebildet. Eine Haspel dient zum Aufwinden von Garn in Strangform und ist wie die Spule und die Spindel ein Werkzeug in der industriellen Spinnerei. Die Strassennamen erinnern an die historische Bedeutung des Gebiets als Standort eines Textilindustriebetriebs seit der zweiten Hälfte des 19. Jahrhunderts.,Haspelstrasse,2,2010
zs_90235967818e,"Flurname «Eichhalde», mit Eichen bewachsener Hang (Halde).",Eichhaldenweg,7,1947
zs_5e4bc22f5b95,"Albert Heinrich Landis (1877-1916): Kofferfabrikant und Stifter des Albert-Heinrich-Landis-Fonds, welcher der Fürsorge durch die Amtsvormundschaft gewidmet war.",Landisstrasse,11,1933
zs_65f7f29960a9,Kurt Guggenheim (1896-1983): Zürcher Schriftsteller (Hauptwerk: «Alles in Allem») und Dramatiker sowie Literaturpreisträger der Stadt Zürich 1955.,Kurt-Guggenheim-Anlage,1,1999
zs_190e4219c7ab,"Ida Schneider (1869-1968): Mitbegründerin der Schweizerischen Pflegerinnenschule in Zürich. Schneider besuchte das Lehrerinnenseminar in Zürich, wo sie dann eine Krankenpflegeausbildung im Schwesternhaus des Roten Kreuzes absolvierte. Sie leitete das 1899 in Zürich eröffnete Büro für Arbeitsnachweis (Stellenvermittlung für Pflegepersonal). 1901 gründete Ida Schneider mit Anna Heer und Marie Heim-Vögtlin die Schweizerische Pflegerinnenschule im Frauenspital Zürich und war bis 1914 deren erste Oberin. Sie wirkte dort auch als Dozentin, Fürsorgerin und Quästorin. Von 1910 bis 1923 war sie Mitglied des Zentralvorstands des Schweizerischen Krankenpflegebunds. Ida Schneider wurde 1923 zum Ehrenmitglied der Krankenpflegekommission (Stiftungsrat) der Schweizerischen Pflegerinnenschule Zürich ernannt.

Plaque: Ida Schneider (1869-1968)
Mitbegründerin Schweizerische Pflegerinnenschule",Idastrasse,3,1895
zs_12046ee3a552,"Benannt nach dem Erlöser, lateinisch Salvator, wegen der in der Nähe befindlichen katholischen Herz-Jesu-Kirche.",Salvatorstrasse,11,1933
zs_58d636c03ae1,Der Büsisee wurde als künstliches Sammelbecken für die Entwässerung des Autobahnabschnittes beim Bau der Nordumfahrung erstellt. Die Benennung erfolgte in Anlehnung an den nahe gelegenen Katzensee.,Büsiseeweg,11,1996
zs_0beb850cd5b4,"Paul Pflüger (1865-1947): Pfarrer, sozialdemokratischer Stadtrat 1910-1923, Nationalrat 1911-1917, Sozialpolitiker und Schriftsteller. Er war zudem Gründer des Schweizerischen Sozialarchivs und des Vereins für Familiengärten.

Plaque: Paul Pflüger (1865-1947)
Pfarrer, Stadtrat, Sozialpolitiker und Schriftsteller.
Gründer des Schweizerischen Sozialarchivs
und des Vereins für Familiengärten.",Paul-Pflüger-Strasse,9,2006
zs_6b703cd26db8,"Parallel zur Münchhaldenstrasse gelegen. Strasse in der «Münchhalden», einer alten Ortsgegend von Riesbach. Reben in der «Münchhalden» sind zum Beispiel im Jahr 1390 urkundlich erwähnt. Der Namensteil Münch (d. h. Mönch) kann auf ursprünglich geistlichen Besitz hindeuten, aber auch auf einen Familiennamen. Im 15. Jahrhundert hatte dort eine Familie Münch Grundbesitz.",Münchsteig,8,1908
zs_ec3be6a91986,"Die Klinge ist eine Sand- oder Kiesbank unterhalb der Einmündung der Sihl in der Limmat, die sich aus dem Geschiebe der Sihl gebildet hat.",Klingenstrasse,5,1869
zs_43a826c474fb,"Flurname für eine Wiese, auf der zuweilen Hirsche erschienen.",Hirschwiesenstrasse,6,1937
zs_835a8541535f,"Einer der fünf Verbindungswege zwischen der Militärstrasse und der [street] beim Kasernenareal in Aussersihl. Zunächst hiessen diese Wege schlicht Quergasse I, Quergasse II usw. Mit dem Bau der Kasernenanlagen wurden sie 1869 umbenannt. Die bisherige Quergasse I wurde zur [Name] und nahm damit Bezug auf die Truppengattung der Kavallerie. Zwei der anderen Quergassen wurden damals analog zur Schützengasse (später: Freischützgasse) und zur Jägergasse.",Reitergasse,4,1869
zs_9ed634f8ff50,"Fussweg mit Gleisüberführung beim Bahnhof Stadelhofen, benannt nach dem 1819 erbauten Wohnhaus mit Restaurant zum Falken, Kreuzbühlstrasse 1.",Falkenweg,1,1893
zs_6c6d5254b8ee,Entlang der Autobahn A1 verlaufender nördlicher Ast der Bernerstrasse.,Bernerstrasse Nord,9,1972
zs_cccc8fab8902,"Max Tièche (1878-1938): Professor für Dermatologie an der Universität Zürich, Gründer und Leiter der ersten städtischen Poliklinik für Haut- und Geschlechtskrankheiten.

Plaque: Max Tièche (1878-1938)
Gründer der ersten städtischen
Dermatologischen Poliklinik,
Professor an der Universität",Tièchestrasse,10,1947
zs_252fe87fffff,"Anna (Maria) Häuptli (1895-1977), Posthalterin in Schwamendingen. Sie überliess der Gemeinnützigen Gesellschaft des Kantons Zürich ein substantielles Legat, um ein Pflegeheim für alte Leute im Quartier zu errichten, so dass 1989 das neue Wohnpflegeheim Häuptli an der Dübendorfstrasse 9 eröffnet werden konnte.

Plaque: Anna Häuptli (1895-1977)
Posthalterin und Stifterin des Wohnpflegeheims Häuptli in Schwamendingen",Anna-Häuptli-Weg,12,2013
zs_94802ab4dd9f,"Ab 1637 bezeugter Name der Gasse beim Grossmünster, die im 13. Jahrhundert [street] hiess. Namensgebend war das Haus zum Römer, [Name] 11, das unter dieser Bezeichnung 1401 erwähnt wird.",Römergasse,1,1865
zs_6c29b0872bab,"Strasse, die an der alten, Hammer genannten Ortsgegend am Wehrenbach oder Hornbach in Hirslanden vorbeiführt. Namengebend war die dortige, zuerst 1368 erwähnte Hammerschmitte, Drahtzugstrasse 72.",Hammerstrasse,7+8,1892
zs_7733bb8d1b6a,"Vogelname, Brut- und Zugvogel, der in der Region vorkommt.",Eisvogelweg,2,2011
zs_96169395b22f,"Der Name der Strasse steht im Zusammenhang mit dem ehemaligen Petroleummagazin, das seinen Standort an der heutigen Adresse Geroldstrasse 31 und 35 hatte. Petroleumlampen waren im 19. Jahrhundert noch weit verbreitet und sind erst später durch elektrische Lampen ersetzt worden. Die [Name] war die Verbindung zwischen dem Petroleummagazin und der Hardstrasse. Sie wurde 1970 durch die Verlängerung der Hardstrasse bis an die Bahngeleise aufgehoben. 2003 ist der Name für eine Strasse auf dem Maagareal wieder aufgenommen worden.",Lichtstrasse,5,1896
zs_fad65df9d929,"Flurname nach einem Grundstück, das früher der Probstei zum Grossmünster gehörte.",Probsteistrasse,12,1932
zs_52312f61765b,"Berg mit einer Höhe von 2282 m im Kanton Schwyz, nördlich des Pragelpasses gelegen.",Drusbergstrasse,7,1901
zs_fbbac63f4a9a,"Frei gewählter Name. Offenbar Stelle, an der Füchse gesichtet wurden.",Fuchspass,10,1936
zs_7108cc72805f,"Flurname «Chlose» (1265). «Klus» geht vermutlich auf lateinisch clausa zurück, was etwas Enges, Abschliessendes oder Eingeschlossenes bezeichnet. Das [Name] befindet sich oberhalb des Klusplatzes in Zürich-Hirslanden. Das Gebiet zwischen der Klus- und der Hegibachstrasse wird auch Obere Klus genannt.",Klusdörfli,7,1925
zs_2aae4cfdac5f,"Reinhold Frei (1881-1960): Lehrer, Förderer der Heimatkunde von Höngg.",Reinhold-Frei-Strasse,10,1962
zs_b07cea9cc04d,"Jakob Gujer, genannt Kleinjogg (1716-1785): Landwirt. 1769 wurde Gujer Pächter des heruntergekommenen Katzenrütihofs bei Rümlang, den er mit beträchtlichen Ertragssteigerungen in einen Musterbetrieb verwandelte. Mit Hans Caspar Hirzels Werk «Die Wirthschaft eines philosophischen Bauers», das sich mit seinem Betrieb befasste, wurde Kleinjogg europaweit bekannt.",Kleinjoggsteig,7,1896
zs_d4d8c68bc576,"Otto Schütz (1907-1975): Sozialdemokratischer Politiker und Gewerkschafter. Der in Affoltern wohhafte Mechaniker Schütz war 1938-1975 Mitglied des Gemeinderates der Stadt Zürich, Sektretär des Gewerkschaftskartells der Stadt Zürich und Leiter der kantonalen Geschäftsstelle 1942-1974, Genossenschaftsrat der Verwaltungskommssion des Lebensmittelvereins Zürich 1937-1975, Mitglied des Bundeskomitees des Schweizerischen Gewerkschaftsbundes 1946-1975, Nationalrat 1947-1975 und Verwaltungsrat des Verbandes der schweizerischen Konsumvereine und von Coop Schweiz 1957-1975. Er war eine der prägenden Figuren der Vor-1968er Generation der Zürcher Arbeiterbewegung.

Plaque: Otto Schütz (1907-1975)
In Affoltern wohnhafter sozialdemokratischer Politiker
Gemeinderat 1938 bis 1975, Nationalrat 1947 bis 1975
und Gewerkschaftsführer",Otto-Schütz-Weg,11,1996
zs_6253b2a26e70,Weg zum ehemaligen Kloster St. Martin auf dem Zürichberg in der Nähe des heutigen Zoos. Das 1127 gegründete Augustiner-Chorherrenstift wurde im Gefolge der Reformation 1525 aufgehoben. Die letzten Überreste des Klosters wurden erst 1847 abgetragen.,Klosterweg,7,1908
zs_b5aa3c2d9c60,"Benannt nach Merkur, dem römischen Gott, der wie der griechische Hermes als Götterbote und Gott des Handels, der Klugheit und der Beredsamkeit, aber auch der Diebe verehrt wurde. Eine von mehreren Strassen in Zürich-Hottingen, deren Benennung an die römische Antike erinnert.",Merkurstrasse,7,1875
zs_d9dbd114fd77,"Benannt nach der Staumauer von Solis in Mittelbünden, erbaut im Auftrag des Elektrizitätswerks der Stadt Zürich (1982 bis 1986).",Solisweg,9,2007
zs_a4f988b1d490,"Strasse in Hottingen, benannt nach der dortigen Ortsgegend beim gleichnamigen Bach, dem Klosbach. Der Klosbachweg wurde 1848 ausgebaut, der Bach 1873 eingedolt. «Klos» geht vermutlich auf lateinisch clausa zurück, das etwas Enges, Abschliessendes oder Eingeschlossenes bezeichnet, hier vielleicht die Herkunft des Baches aus einem engen Tobel am Adlisberg.",Klosbachstrasse,7,1881
zs_ebdf59c162a3,"Daniel Gottlieb Moritz Schreber (1808-1861): Deutscher Arzt und Professor an der Universität Leipzig. Er war Vorläufer der modernen Naturheilkunde, aber auch wichtiger Exponent einer auf Belohnung und Strafen basierenden, sogenannten Schwarzen Pädagogik. Nach seinem Tode wurde in Leipzig ein kindergerechter Spiel- und Turnplatz, bei dem auch die Gartenarbeit eine grosse Rolle spielte, nach ihm benannt. Aus dieser Anlage stammt der Begriff des Schrebergartens für die in Zürich Familiengärten genannten Pflanzplätze.",Schreberweg,7,1913
zs_91ee3da2c7ba,"Die Familie Weidmann aus Affoltern, nämlich Hans Ulrich und Dorothea Weidmann und drei Kinder, wanderte am 11. Februar 1847 nach Virginia in Nordamerika aus. Hans Rudolf Weidmann (1928-1996), war Reallehrer und Pädagoge sowie von 1964 bis 1981 Präsident des Quartiervereins Affoltern.

Plaque: Familie Weidmann
Auswanderer von Affoltern nach Nordamerika 1847

Hans Rudolf Weidmann (1928-1996)
Reallehrer und Pädagoge
Präsident des Quartiervereins Affoltern 1964 bis 1981",Weidmannstrasse,11,2005
zs_453aa70210f1,"Abfahrtsrampe von der Hardbrücke an die Hardturmstrasse beim [street]. Der Hardturm ist ein wohl aus dem 13. Jahrhundert stammender Wohn- und Festungsturm. «Hard» bezeichnet einen als Weide benutzten, lichten Wald.",Hardturmrampe,5,1972
zs_9fa060b24dd8,"Flurname «Kleeweiden», was auf ehemals kleehaltiges Weideland hinweist.",Kleeweidstrasse,2,1897
zs_ca8f4453992d,"Familie, die Bürgerrecht in Hirslanden und Hottingen besass.",Wetlistrasse,7,1909
zs_ace3142ce831,"Name eines Waldes, der der Zürcher Ritterfamilie Schwend gehörte, die im 15. Jahrhundert die Vogtei über Ringlikon ausübte und Grundbesitz sowie die niedere Gerichtsbarkeit in Wiedikon besass.",Schwendenholzweg,3+9,1956
zs_6bc9438e4434,"Haus zum Sydefädeli, Hönggerstrasse 127, benannt nach einem früheren Besitzer. Es steht wohl an der Stelle des Rebgutes, welches der Armbruster, der Hersteller von Armbrüsten, Hans Sidenfaden 1452 erwarb.",Im Sydefädeli,10,1929
zs_1990d91b82d2,Der Weg befindet sich im Gebiet des auf das Hochmittelalter zurückgehenden Rodungshofs Köschenrüti. Der Name stammt daher aus dem Bedeutungsfeld der bäuerlichen Gebäude und Arbeitsgeräte.,Heugabelweg,11,2005
zs_45800280e3b0,"Adrian von Bubenberg (1434-1479): Berner Schultheiss und Kommandant der Berner Truppen in der Belagerung von Murten 1476. Bubenberg wurde 1451 in den grossen Rat von Bern gewählt, wurde 1457 Vogt in Lenzburg und 1465 Herr zu Spiez. 1466 empfing er auf einer Pilgerreise nach Jerusalem am Heligen Grab den Ritterschlag. 1468 wurde er erstmals zum Schultheissen gewählt. Da er sich im Vorfeld der Burgunderkriege 1474-1477 erfolglos gegen die Offensivallianz mit Frankreich gegen das Herzogtum Burgund widersetzte, verlor er 1475 alle seine politischen Ämter. 1476 hielten die Berner Truppe unter seinem Kommando einer 12-tätigen Belagerung von Murten stand, bevor die Schlacht bei Murten die Entlastung brachte. Daraufhin wurde er vollständig rehabilitiert. Die Nachwelt stilisierte Bubenberg danach zum selbstlosen Ritter und staatsmännischen Diener des Vaterlands.",Bubenbergstrasse,3,1894
zs_7469eea90ed4,Wiese bei einer Wassergrube zum Einlegen und Einweichen oder eben «Rössen» von Hanf oder Flachs.,Roswiesenstrasse,12,1932
zs_9f9844b9049d,"An der [Name] standen zwei Liegenschaften mit dem Namen Freudenberg. Einerseits war es das Wohnhaus zum Freudenberg (1863-1923), [Name] 24, das sich heute bei den Liegenschaften Forsterstrasse 73/75 befinden würde, und andererseits das 1870 erbaute Wohnhaus an der [Name] 105, das 1896 zur Wirtschaft augebaut und 1962 abgetragen wurde.",Freudenbergstrasse,6+7,1909
zs_749adf817a1e,"Schächental, ein Seitental der Reuss im Kanton Uri, von der Reussebene in östlicher Richtung bis zum Klausenpass verlaufend, das vom Schächenbach entwässert wird.",Schächenstrasse,9,1933
zs_2a95172dee0a,"Strasse beim Landgut Beckenhof in Unterstrass. Der entsprechende Ortsname rührt von den Rittern «von Beggenhoven» her, die hier im 13./14. Jahrhundert begütert waren. Das heute noch bestehende Herrschaftsgut Beckenhof wurde im 18. Jahrhundert angelegt, das Hauptgebäude stammt aus der Zeit um 1740. Die heutige [Name] war bis zum Bau der Stampfenbachstrasse um 1870, die unterhalb des Landgutes vorbeiführt, Teil der nach Oerlikon führenden Landstrasse und wegen ihrer Steilheit gefürchtet.",Beckenhofstrasse,6,1878
zs_865d54cc4374,"Flurname: Ende einer Anhöhe, eines Hügels («Bühl»).",Bühleggweg,11,1933
zs_6b4431eacd18,"Rudolf Stüssi (gest. 1443): Zürcher Bürgermeister. Ab dem 14. Jahrhundert bis um 1700 entstand die Hofstatt bzw. der Platz durch Beseitigung der umliegenden Bauten. Die nähere Bestimmung als Stüssis Hofstatt kommt erstmals 1496 vor. Sie erinnert an die Stadtzürcher Familie Stüssi, die hier von etwa 1375 bis zu ihrem Aussterben um 1469 die Häuser zum Weissen Wind und Königstuhl, [Name] 3 und 4, besass. Herausragender Vertreter der Familie war Bürgermeister Rudolf Stüssi, der während des Alten Zürichkriegs in der Schlacht bei Sankt Jakob an der Sihl am 22. Juli 1443 den Tod fand.

Plaque: Rudolf Stüssi (gestorben 1443)
Zürcher Bürgermeister, gefallen in der
Schlacht bei St. Jakob an der Sihl",Stüssihofstatt,1,1865
zs_d7b443bba372,"Karl Bürkli (1823-1901): Vorkämpfer des Sozialismus. 1851 trat Karl Bürkli dem Grütliverein bei und war Mitbegründer des Konsumvereins, in dem er aktiv mitwirkte. 1867-1869 führend in der demokratischen Bewegung, gehörte er auch der 35er-Kommission des Verfassungsrats an. Hier erreichte er die Gründung der Kantonalbank und die Unterstützung der Genossenschaften durch den Staat. 1866 trat Bürkli der Internationale bei, war 1867-1876 Gründer und Präsident der Sektion Zürich und beteiligte sich an den in der Schweiz tagenden Kongressen. Der sich im letzten Viertel des 19. Jahrhunderts herausbildenden sozialdemokratischen Arbeiterbewegung schloss er sich von Beginn weg an und unterstützte sie in seinen Schriften.",Karl-Bürkli-Strasse,4,1930
zs_f5b7f62872ea,"Friedrich Traugott Wahlen (1899-1985): Professor für Landwirtschaft, Politiker und Bundesrat. Wahlen war von 1929 an Direktor der Landwirtschaftlichen Versuchsanstalt in Oerlikon und von 1943 bis 1951 Professor für Pflanzenbau an der ETH. Als Leiter der Sektion für landwirtschaftliche Produktion und Hauswirtschaft des eidgenössischen Kriegsernährungsamts 1938-1945 schuf er den so genannten Plan Wahlen zur Ernährungssicherung im 2. Weltkrieg («Anbauschlacht»). 1942-1949 war er Ständerat für den Kanton Zürich und arbeitete dann für die FAO, die UNO-Organisation für Ernährung und Landwirtschaft. 1958-1965 wirkte er als Bundesrat.

Plaque: Friedrich Traugott Wahlen (1899-1985)
Agronom (Plan Wahlen für die
Anbauschlacht im zweiten Weltkrieg)
Zürcher Ständerat 1942 bis 1949
Bundesrat 1958 bis 1965",Wahlenpark,11,1996
zs_a1a053388ff4,"Männlicher Vorname, süddeutsche Kurzform von Heinrich.",Hainerweg,8,1897
zs_b6d0322a4fa5,"Hörnli, Aussichtsberg in der Gemeinde Fischenthal im Zürcher Oberland (1136 m).",Hörnlistrasse,11,1920
zs_8d33134048b7,"Der Flurname bezeichnet eine Wiese beim Schwandenholz, einem Wäldchen, dessen Holz durch «Schwand», Kahlschlag, gewonnen wurde. Die Strasse ist eine Querstrasse zum Schwandenacker.",Schwandenwiesen,11,1957
zs_6026c87adbd0,"Flurname «Luckenholz», d. h. Lücke (Durchgang) in einem Zaun oder einer Hecke, die mit Stangen abgesperrt werden konnte.",Luckenholzweg,7,1988
zs_ed748061dc7f,"Uli Rotach (gest. 1405): mythischer Appenzeller Freiheitskämfer. Er soll sich gemäss dem so genannten Jahrzeitbuch von Appenzell von 1566 in der Schlacht am Stoss vom 17. Juni 1405 durch grosse Tapferkeit ausgezeichnet haben.

Plaque: Uli Rotach
Appenzeller Freiheitskämpfer
Fiel in der Schlacht am Stoss 1405",Rotachstrasse,3,1898
zs_0f94f126db31,"Benannt nach dem ab 1357 erwähnten Haus zum Krebs, das im 17./18. Jahrhundert mit dem benachbarten Zunfthaus zur Safran vereinigt wurde. Der Name [Name] ist seit 1407 belegt.",Krebsgasse,1,1865
zs_9be833684654,"Albrecht Rengger (1764-1835): Arzt und Aargauer Staatsmann. Albrecht Rengger gehörte zu den führenden Politikern der Helvetischen Republik und vertrat dort als Unitarier die Idee des helvetischen Zentralstaates. Als Minister des Innern (1798-1800) war er für den Aufbau einer modernen Zentralverwaltung zuständig. Danach bekleidete er noch die Position des Staatssekretärs des Innern (1802-1803) und wurde zum Landamman (1803) gewählt. Im neu errichteten Kanton Aargau war er Mitglied der Kantonskommission zur Einführung der Kantonsverfassung, wurde dann aber bei der Wahl in den Kleinen Rat des Kantons Aargau übergangen. Er vertrat 1814-1815 erfolgreich die Interessen der Kantone Aargau, Thurgau, St. Gallen, Tessin und zusammen mit Fréderic-César de La Harpe der Waadt am Wiener Kongress. 1815-1821 war Rengger noch Mitglied des Kleinen Rates des Kantons Aargau, dann zog er sich endgültig aus der Politik zurück.

Plaque: Albrecht Rengger (1764-1835)
Von Brugg
Arzt in Bern, Staatsmann der Helvetik",Renggerstrasse,2,1896
zs_4b3c28b2237f,Lydia Welti-Escher (1858-1891): Kunstmäzenin und Gründerin der Gottfried-Keller-Stiftung.,Lydia-Welti-Escher-Hof,1,2008
zs_1c0bd9be3654,"Flurname «Restilberch» (1252), wohl nach einem Grundeigentümer namens Rastilo, Restilo.",Restelbergstrasse,6+7,1918
zs_784a94174f70,"Moosgut bezeichnet wie der dort belegte Flurname «Moos» ein früher feuchtes, sumpfiges Gelände im Areal der früheren Lehmgrube im Giesshübel unweit der Sihl.",Moosgutstrasse,3,1971
zs_8ac85f1e2456,"Friedrich von Beust (1817-1899): Pädagoge und Journalist. Beust floh als Teilnehmer am Badischen Aufstand 1849 nach Zürich, wo er erst als Lehrer an der Schule von Karl Froebel an der Merkustrasse 6 in Hottingen unterrichtete und diese 1854 als eigene Pestalozzi-Schule übernahm.

Plaque: Friedrich von Beust (1816-1899)
Pädagoge, Leiter der Beust-Schule
an der Merkurstrasse.",Beustweg,7,1934
zs_33d98db57666,"Benannt nach dem 1864 erbauten und 1962 abgetragenen Wohnhauskomplex zur Sihlhalle an der Ecke zur Langgasse und zur [street] in Aussersihl, zu dem auch eine Wirtschaft dieses Namens mit einem Bierkeller gehörte.",Sihlhallenstrasse,4,1869
zs_93b59cbacae2,"Heute wieder aufgeforstete Wiese, die einem Huber gehörte, einem zinspflichtigen Inhaber und Bebauer eines Lehensgutes.",Huberwiesenstrasse,10,1956
zs_3dc91ff1a8bc,"Flurname, nach dem auch die dort ab 1943 errichtete Siedlung [Name], Teil der Siedlungsgenossenschaft Sunnige Hof, bezeichnet wurde.",Mattenhof,12,1946
zs_0b91d3da5781,"Name der ehemaligen Liegenschaft Haus zum Eisernen Zeit, Schaffhauserstrasse 36 (vor 1812-1930), an deren Hausfassade sich eine schmiedeeiserne Sonnenuhr befand. Der Begriff «eisernen Zeit» ist als Synonym für die eiserne Uhr zu verstehen.",Im Eisernen Zeit,6,1907
zs_22491d0a622c,"Rechteckige Grünanlage an der Merkurstrasse, angelegt 1887 und mit dieser nach der römischen Bezeichnung für Hermes, den Götterboten und Gott des Handels, der Klugheit und der Beredsamkeit, aber auch der Diebe, benannt.",Merkurplatz,7,1891
zs_bee49c5e18f6,"Maria Stader (1911-1999): Schweizer Sopranistin ungarischer Herkunft, bekannt als Mozart- und Bach-Interpretin. Sie debütierte am Stadttheater Zürich und war Trägerin der Hans-Georg-Nägeli-Medaille (1962). Sie war Dozentin am Zürcher Konservatorium und leitete Meisterklassen an der Zürcher Oper.",Maria-Stader-Weg,11,2008
zs_8cadce0bcbaa,"Flurname für den tiefer gelegenen, ebenen Talgrund unterhalb der Riedenhalde.",In Böden,11,1933
zs_c98403333439,"Strasse, die ursprünglich im Zentrum von Wiedikon zwischen Birmensdorfer- und Zweierstrasse lag. Sie wurde ab 1895 bis an die Badenerstrasse verlängert, um damit die Grundstücke des Quartiers mit der besten Verkehrsanbindung (Tram ab 1882 und Bahn 1891) zum neuen Zentrum von Wiedikon zu machen.",Zentralstrasse,3,1880
zs_b9f8e29e52fd,"Robert Maillart (1872-1940): Bauingenieur und Pionier des Brückenbaus. Zu seinen frühesten Werken gehört die Stauffacherbrücke in Zürich. Weltberühmt wurde er mit der Salginatobelbrücke bei Schiers.

Plaque: Robert Maillart (1872-1940)
Bauingenieur, Pionier des Brückenbaus",Robert-Maillart-Strasse,11,1996
zs_c791cbd67c11,"Die [Name] bezieht sich einerseits auf das Projekt der Genossenschaftssiedlung «Mehr als Wohnen», welches von den verschiedenen Baugenossenschaften der Stadt Zürich getragen wird und eine Innovations- und Lernplattform für alle Baugenossenschaften bietet. Andererseits ist sie eine Anerkennung für die herausragende Bedeutung des genossenschaftlichen Wohnungsbaus in der Stadt Zürich.",Genossenschaftsstrasse,12,2011
zs_f6ffecea92cb,Weg in der Allmend Brunau. Die Allmend in Wollishofen diente seit dem 17. Jahrhundert auch militärischen Zwecken und wurde dafür vom Kanton 1816 erworben. Teile der Wollishofer Allmend wurden als eidgenössischer Waffenplatz genutzt (1877-1987).,Allmendweg,3,2011
zs_718db76a2848,"Gasse durch einen Stöckenacker, also einen Acker mit Wurzelstöcken.",Stöckengasse,11,1930
zs_f40f448b6b0b,"Flurname «Lukenwäg» (15. Jahrhundert), vermutlich aus «lugg», d. h. locker abgeleitet. Der Luggenweg wäre somit ein Weg auf lockerem, vielleicht kiesigsandigem Grund.",Luggwegstrasse,9,1930
zs_f8304efb4bae,«Loo» bedeutet lichtes Gehölz. Der Name der Anlage lehnt sich an einen Flurnamen in unmittelbarer Umgebung an.,Looächeranlage,11,2012
zs_398e78d907e5,Flurname «[Name]». Der Name Albis bedeutet Berg und ist verwandt mit dem Wort Alpen.,Kleinalbis,3,1931
zs_4b710d955f38,"Die untere Brücke neben dem Rathaus war die erste befahrbare Limmatbrücke in Zürich und beruhte teils auf einer Holz- und teils auf einer Steinkonstruktion. Sie gehörte zu den ältesten bekannten Steinbrücken und war seit dem 17. Jahrhundert die breiteste Brücke in der Schweiz. 1882 wurde sie durch eine von Ludwig Tetmajer entworfene, gusseiserne Brücke ersetzt. Seit 1973 steht hier die Betonbrücke von Architekt Manuel Pauli und Ingenieur Edy Toscano. Die umgangssprachliche Bezeichnung Gemüsebrücke erinnert an den früher hier abgehaltenen Gemüsemarkt.",Rathausbrücke,1,1893
zs_1c80a783736e,Vermutlich in Verbindung mit der nahe gelegenen Langgrütstrasse bezeichnet der [Name] ein früher durch eine Grünhecke («Lebhag») begrenztes Grundstück.,Langhagweg,9,1933
zs_bf2f706c54dd,"Johann Lukas Schönlein (1793-1864): Professor für Medizin an der Universität Zürich von 1833 bis 1840. Der aus Bamberg stammende Mediziner gehörte zu jenen zahlreichen deutschen Professoren, die 1832 wegen demokratischer Umtriebe in der Schweiz Zuflucht suchten und eine Berufung an die neu gegründete Universität Zürich annahmen. Vor 1892 hiess die Strasse [street]. Die Umbenennung erfolgte unter anderem, weil es in Riesbach eine Strasse gleichen Namens gab und weil diese Strasse in der Nähe des 1842 erbauten Kantonsspitals liegt, zu dessen Verwirklichung Johann Lukas Schönlein massgeblich beitrug.

Plaque: Johannes Lukas Schönlein (1793-1864)
Professor für Medizin an der Universität",Schönleinstrasse,7,1892
zs_131afa037e8f,"Die nördlichste von drei Verbindungsgassen in der Neustadt, die deshalb vom 15. bis ins 19. Jahrhundert die vordere Gasse oder die erste Gasse hiess. Der Name [Name] scheint erst ab 1865 gebräuchlich geworden zu sein. Er ist vielleicht den drei Schlossermeistern zu verdanken, die damals an der Gasse wohnten. Die Neustadt war seit dem Mittelalter und noch im 19. Jahrhundert stark durch das Kleinhandwerk geprägt.",Schlossergasse,1,1865
zs_b4967bd6daad,"Hauptstrasse im sogenannten Selnauquartier, das ab 1850/60 durch Überbauung entstand; der dort zuvor seit langem bestehende Weg hiess im Selnau. Er führte zum ehemaligen, 1256 gegründeten und 1525 aufgehobenen Kloster Selnau, dessen letztes Gebäude 1767 niederbrannte. Der ursprüngliche Name «Seldenouwe» hatte im Mittelhochdeutschen die Bedeutung von einer Wohnung, Herberge, einer «Selde», am Wasser, an einer Au.",Selnaustrasse,1,1863
zs_05aa5433caff,"Der [Name] ist benannt nach Hans Conrad Escher von der Linth (1767-1823): Liberaler Politiker, Wasserbaupionier und Leiter der Linthkorrektion. Der Hof liegt zwsichen der Lintheschergasse 13-19, der Löwenstrasse und der Schützen- und Schweizergasse. Hans Conrad Escher bekleidete während der revolutionären Periode der Helvetik 1798-1803 hohe politische Ämter. Die Krönung seines Lebenswerks bestand in der Korrektion der Linth in den Jahren 1807-1822. Durch diese Korrektion wurde das zuvor versumpfte Gebiet zwischen Walensee und Zürichsee zu Kulturland. Die Tagsatzung verlieh ihm deshalb 1823 postum den Ehrentitel «von der Linth».",Linthescherhof,1,1916
zs_e474c86a2b41,"Wäldchen, das zum Bauerngut des 1256 erstmals erwähnten «Fallenden Brunnenhofs» gehörte, das umgangssprachlich als der «Hof» bezeichnet wurde.",Hofhölzliweg,11,1952
zs_224fe96e6f5d,"Das Albisgütli war ein Wirtshaus 1844-1871. Der Name Albis, an welchem das Gütlein lag, bedeutet Berg und ist verwandt mit dem Wort Alpen. Der [Name] liegt unterhalb des 1897 eingerichteten Schiessplatzes.",Albisgütliweg,3,1997
zs_57d87ebe7203,"Altes, seit dem 15. Jahrhundert in Albisrieden ansässiges Geschlecht.

Plaque: Bockhorn
Alte Familie von Albisrieden",Bockhornstrasse,9,1951
zs_20e178e869c9,"Flurname (1533) in Schwamendingen mit Hinweis auf Wiesen, die vermutlich zu einem Haus zur Krone gehörten.",Kronwiesenstrasse,12,1948
zs_097a3a734d65,"Flurname, erwähnt 1415, vermutlich nach dem Übernamen, der mundartlich für Prasser oder Schlemmer steht, eines Eigentümers.",Rässlerweg,11,1933
zs_6c77a4ae56bc,"Gewässername Lötschenbach (1450), später Leutschenbach. Der mittlerweile eingedolte Leutschenbach entsprang gemäss der Wildkarte von 1850 in der ehemaligen Spitalwaldung oberhalb des Strickhofs, führte über Oerlikon und mündete schliesslich mit dem Mühlebach und dem Chatzenbach vereinigt in die Glatt. Im Gebiet Riedgraben-Glattwiesen bildete er die Grenze zu Schwamendingen und Oerlikon. Als Namensbestandteil von Fliessgewässern bedeutet «Leutschen» oder «Läutschen» vermutlich gemächlich dahinfliessen.",Leutschenbachstrasse,11,1948
zs_3e0e4d730bb0,"Rudolf Clausius (1822-1888): Professor für Physik an der Eidgenössischen Technischen Hochschule (ETH) und an der Universität Zürich von 1855 bis 1867. Rudolf Clausius gilt gemeinsam mit William Thomson als Begründer der mechanischen Wärmetheorie, der Thermodynamik.

Plaque: Rudolf Clausius (1822-1888)
Professor für Physik an der ETH",Clausiusstrasse,6,1895
zs_eb165052b272,"Erna Yoshida Blenk (1913-1996): Malerin, Zeichnerin und Illustratorin. Als Sechzehnjährige absolvierte Blenk den Vorkurs der Kunstgewerbeschule Zürich. Ende der 1930er Jahre arbeitete sie an mehreren Wandbildentwürfen und realisierte 1939 ein Wandbild im Jugendhaus der Landesausstellung Zürich. 1942, 1945 und 1947 erhielt sie das Eidgenössische Kunststipendium. Sie beteiligte sich an mehreren Nationalen Kunstausstellungen sowie anderen jährlichen und grossen Gruppenausstellungen Zürcher Kunstschaffender im Helmhaus und Kunsthaus Zürich sowie in der Westschweiz. Mit ihrem Mann Eugen Früh war Blenk Teil der lebendigen und vielfältigen Zürcher Kultur- und Kunstszene. Kurz vor ihrem Tod 1996 initiierte sie die Eugen- und Yoshida-Früh-Stiftung.

Plaque: Erna Yoshida Blenk (1913-1996)
Malerin und Illustratorin",Ernastrasse,4,1905
zs_b6db2b23ba03,"Flurname am Adlisberg, der dem zwischen 1893 und 1896 errichteten Hotel Sonnenberg, [street] 101, und dem 1909 bis 1911 gebauten ehemaligen Waisenhaus Sonnenberg, Oberer Heuelsteig 15, den Namen gab.",Sonnenbergstrasse,7,1902
zs_160f777c8391,"Fritz Heeb (1911-1994): Rechtsanwalt und Politiker. Der Sohn des Chefredaktors der sozialdemokratischen Zeitung Volksrecht, Friedrich Heeb (1884-1958), setzte sich 1942 für einen Ausgleich mit den Kommunisten ein und wurde 1944 aus der Sozialdemokratischen Partei ausgeschlossen. Er wurde 1944 Mitgründer der Partei der Arbeit, aus der er nach dem Ungarnaufstand von 1956 austrat. 1960 wurde er wieder in die Sozialdemokratische Partei aufgenommen, wo er sich zu einer wichtigen Persönlichkeit entwickelte. Er vertrat die SP von 1967 bis 1975 im Kantonsrat.

Plaque: Fritz Heeb (1911-1994)
Rechtsanwalt, sozialdemokratischer Politiker",Fritz-Heeb-Weg,11,1996
zs_5861c9f7eb9b,"Die Familie Saler war ein altes, inzwischen ausgestorbenes Geschlecht aus Oerlikon.

Plaque: Saler
Ausgestorbene Familie von Oerlikon",Salerstrasse,11,1933
zs_7171eb5fb024,Typisches bäuerliches Nebengebäude. Der einstige Speicher des Hofs Köschenrütistrasse 185 steht oberhalb des Hauptgebäudes jenseits der Käshaldenstrasse.,Speicherweg,11,2005
zs_60c7d6bb5802,Eine über die freie Wiesenflur führende Strasse.,Flurstrasse,9,1956
zs_e32d0880d0ba,Geschützstellungen der französischen Truppen in der Ersten Schlacht bei Zürich im Juni 1799.,Franzosenweg,12,1993
zs_0342a2a7d61a,"Flurname für ein feuchtes Gelände mit vielen Maulwürfen, im Dialekt auch «Scher» oder «Tscher» genannt.",Schärenmoosstrasse,11,1911
zs_980f93f09ce1,"Scheidegg steht für einen Bergkamm, der zwei Talgebiete scheidet, einen Grenzberg oder Bergübergang und ist deshalb ein mehrfach verwendeter Name für einen Berg, etwa für den Aussichtsberg in der Gemeinde Wald im Zürcher Oberland (1247 m ü. M.).",Scheideggstrasse,2,1905
zs_b2f8558d9498,Strasse auf dem früher Spitalrain genannten Hügelzug oberhalb der Rieterstrasse.,Hügelstrasse,2,1892
zs_8df646cee881,"Hinweis auf eine Spenglerei, die sich wahrscheinlich im Hofgebäude der [Name] 5 und 7 befand.",Nietengasse,4,1894
zs_00f5b6c17568,"Flurname «Schwesternbungert», der auf das benachbarte ehemalige Frauenkloster mit Obstbaumgarten («bungert») hinweist. In unmittelbarer Nähe liegt der Schwesternbungertbach.",Schwesternbungertweg,12,2021
zs_9c001b1aeb77,"Der Hottingerberg ist der Teil des Adlisbergs, der heute mit Dolder bezeichnet wird. Der Name der Gemeinde Hottingen geht auf einen alemannischen Siedler mit dem Namen Hotto zurück.",Hottingerbergstrasse,7,1956
zs_c032f8edaa4b,"Strasse in der Enge, die am 1872 bis 1874 erbauten Schulhaus auf dem Gabler, [Name] 21, vorbeiführt, einem imposantem Bau an dominierender Hanglage.",Schulhausstrasse,2,1877
zs_61fda6432985,"Louis Conne (1905-2004): Bildhauer und Grafiker. Er lebte über 50 Jahre in seinem Atelier-Wohnhaus am Tobelsteig 5 in Zürich-Affoltern. In Sichtweite zu seinem Atelier befindet sich das Schulhaus Holderbach, wo seine aus einem Wettbewerb ausgewählte Brunnenskulptur der «Bremer Stadtmusikanten» steht. Der nach ihm benannte Weg führt zum Schulhaus.

Plaque: Louis Conne (1905-2004)
Bildhauer und Grafiker",Louis-Conne-Weg,11,2011
zs_22b2f4f73b14,"Flurname: Acker, der zu einer einst vom Holderbach getriebenen Mühle gehörte.",Alte Mühlackerstrasse,11,1973
zs_3f3b7c653a3b,"Zentraler städtischer Platz beim Fraumünster. Erstmals als [Name] wird die Örtlichkeit vor der im 9. Jahrhundert gegründeten Fraumünsterabtei im Jahr 1221 erwähnt. Der Platz in seiner heutigen Ausdehnung dürfte zwischen 1250 und 1350 entstanden sein. Zuvor diente er dem Fraumünster auch als Kirchhof. Die Umgestaltung zum öffentlichen Platz wird als Zeichen der erstarkenden Stadt gedeutet, die sich aus ihrer Abhängigkeit von der Fraumünsterabtei zu lösen begann.",Münsterhof,1,1865
zs_5f18abf1a7db,"Strasse, die durch die Flur und Waldlichtung «in den drei Wiesen» oberhalb von Hottingen führt. Der Flurname wurde schon 1535 erwähnt. 1832 wurde dort ein Wohnhaus mit Scheune errichtet.",Dreiwiesenstrasse,7,1881
zs_cac2ba4152bc,"Benannt nach einem Grundstück, das dem [street] zum Weingarten wohnhaften Stadtzürcher Bürger Johann Caspar Ulrich (1703-1778), Goldschmied und Zunftmeister der Gerwi (Gerber) 1750-1777 gehört haben soll. Johann Caspar Ulrich war 1753-1777 Bauherr der Stadt Zürich.",Bauherrenstrasse,10,1932
zs_ac393acde61f,"Steiler Weg zur Höngger Kirche, mundartlich «Chille».",Chillesteig,10,1932
zs_395fba3e47d7,"Johann Heinrich Fierz (1813-1877): Textilindustrieller, Nationalrat und Präsident des von ihm gegründeten Aktienbauvereins. Der Aktienbauverein erstellte im Limmatquartier eine Siedlung von ursprünglich fünf, heute noch vier Zeilen Arbeiterwohnhäuschen. Zum Andenken an den Stifter und Präsidenten dieses Vereins, Johann Heinrich Fierz, wurden die [Name], die Fierzgasse und die Johannesgasse nach ihm benannt.",Heinrichstrasse,5,1878
zs_e86c47f0293e,Benannt nach dem geographischen Mittelpunkt zwischen der Scheidegg im Zürcher Oberland und dem Churfirsten. Es handelt sich dabei um das Gebiet um den «Tanzboden» (1443 m ü. M.) im Grenzgebiet zwischen den Gemeinden Rieden und Ebnat-Kappel.,Tanzbodenstrasse,2,2011
zs_3b750f18af66,Hans von Hallwyl (um 1434-1504): Kommandant der Vorhut der Berner Truppen in der Schlacht bei Murten 1476.,Hallwylstrasse,4,1894
zs_de785e639d43,Der Flurname bezeichnete ein Gebiet in der Umgebung des unteren Hirzenbachs gegen die Glatt. Unter Ried versteht man ein Feuchtgebiet oder einen Vegetationsbestand an einem nassen Standort.,Im Altried,12,1980
zs_b736e70fb962,"Benannt nach dem im 18. Jahrhunderts erbauten Haus zur Krone, heute Schaffhauserstrasse 1, einem angesehenen Gasthaus. Auf dem Weg in die Stadt kehrten hier früher Landleute ein oder auch Fuhrleute aus Schwaben, die Kernen auf den städtischen Markt brachten. Die alte Krone wich 1935 einem Neubau.",Kronenstrasse,6,1878
zs_54ca74465456,"Flurname: Waldstück an einem Abhang («Rain»), wo Buchenbäume vorkommen.",Buchholzrain,11,1958
zs_eec16f99b31f,"Kurzform des Flurnamens «Leemannsbergli», vermutlich auf einen früheren Anwohner namens Leemann zurückgehend.",Bergliweg,9,1928
zs_9b1848e6afb8,"Haus zum Schlössli, [Name] 28, 1910 errichtet an Stelle des Schlösslis am Susenberg, das 1513 von Saffran-Zunftmeister und Apotheker Anton Klauser zu einem stattlichen Landhaus mit Garten ausgebaut wurde.",Schlösslistrasse,7,1911
zs_be49fb55e411,"Arnold Böcklin (1827-1901): Basler Kunstmaler. Böcklin lebte und arbeitete bis in die 1880er Jahre in Italien und Deutschland, bevor er sich 1885 bis 1892 in Hottingen niederliess, wo er sich vom Architekturprofessor Georg Lasius ein Atelier an der heutigen [Name] 17 errichten liess. Hier war er eng befreundet mit Gottfried Keller, wurde 1888-1890 Mitglied der Eidgenössischen Kunstkommission, erhielt 1889 den Ehrendoktor der Universität Zürich und 1890 das Bürgerrecht der Stadt Zürich. Nach einem Schlaganfall zog er sich 1892 nach Fiesole bei Florenz zurück, wo er 1901 verstarb. Böcklin gilt als einer der bedeutendsten bildenden Künstler des 19. Jahhhunderts.",Böcklinstrasse,7,1898
zs_dab12fa0d83b,"Benannt nach dem Haus zur Frohburg, [Name] 2, abgetragen 1942. Die [Name] war ursprünglich in der Fortsetzung der Culmannstrasse die obere Strasse von Zürich nach Schwamendingen und Winterthur.",Frohburgstrasse,6+11+12,1883
zs_541c3a1d69f6,"Ulrich Zwingli (1484-1531): Pfarrer am Grossmünster und Reformator. Nach Aufhebung des Grossmünsterkirchhofs und der letzten Bestattung dort im Jahr 1786 wurde der Platz im Jahr 1812 planiert. Die Umbenennung des früheren «oberen Kirchhofs» und des früheren «Chorherrenplatzes» in «[Name]» folgte spätestens im Jahr 1865.

Plaque: Ulrich Zwingli (1484-1531)
Reformator der Zürcher Kirche",Zwingliplatz,1,1865
zs_8daac19a63ba,"Strasse in Riesbach, die bis 1881 Schwanengasse hiess. Die Umbenennung erfolgte, um nach der Eingemeindung von Riesbach eine Verwechslung mit der gleichnamigen Gasse in der Stadt Zürich zu vermeiden. Um 1880 wurden mehrere Strassen in Riesbach, das für seine Blumengärten bekannt war, nach Pflanzen benannt.",Akazienstrasse,8,1881
zs_a19df9130536,"Flurname für einen wegen seines rauhen, steinigen Grundes schwer zu bearbeitenden Acker.",Ruchackerstrasse,11,1933
zs_15b5626d5e89,"Namengebend war das Haus zur Glocke, [Name] 9. Das Haus gehörte 1357 dem Glockengiesser Konrad Gloggner, dessen Beruf und Familienname auch zum Namen der Gasse wurde. Im 18. und noch in der ersten Hälfte des 19. Jahrhunderts hiess nur der Platz auf dem Scheitel der Gasse vor dem Haus zur Glocke [Name], während die schmale Verbindung hinab zur Strehlgasse Knopfgasse genannt wurde.",Glockengasse,1,1865
zs_481839368808,Im Zürcher Oberland (Gemeinde Hinwil) gelegener Berg (1083 m. ü. M.).,Allmannstrasse,11,1932
zs_21a570c5a13f,"David Hess (1770-1843): Berufsmilitär und konservativer Politiker, aber vor allem Schriftsteller, Komponist, Zeichner und Karikaturist. Er war 1790-1843 Mitglied der Künstlergesellschaft Zürich und schrieb Gedichte, Novellen, Erzählungen, Aufsätze über Kunst sowie Monografien und Biografien von bekannten Zeitgenossen, u. a. über Salomon Landolt (1820). 1818 veröffentlichte er unter dem Titel «Die Badenfahrt» einen Führer durch die Bäder von Baden. Hess sammelte und ordnete den künstlerischen und literarischen Nachlass von Johann Martin Usteri, den er unter dem Titel «Dichtungen in Versen und Prosa» 1831 herausgab.",David-Hess-Weg,2,1949
zs_2193dbfaed79,"Varlin, alias Willy Guggenheim (1900-1977): Maler, Zeichner und Illustrator. Er wurde in Zürich geboren, lebte und arbeitete sowohl in Zürich als auch in Bondo (Bergell).

Plaque: Varlin, alias Willy Guggenheim (1900-1977)
Maler, Zeichner und Illustrator
geboren in Zürich, lebte in Zürich und Bondo (Bergell)",Varlinweg,10,2003
zs_912786d061f8,"Frei gewählter Name, vermutlich mit der Bedeutung kleiner Hausgarten oder Ort der Zusammenkunft, Treffpunkt.",Im Heimgärtli,9,1933
zs_cc512aefd3bd,"Alter Verbindungsweg durch die «Hard», die alte Ortsgegend unterhalb Zürichs, links der Limmat. Der «Turm in der Hard», ein wohl im 13. Jahrhundert entstandener Wohn- und Festungsturm, sicherte ursprünglich eine Brücke über die Limmat, die allerdings bereits 1343 durch Hochwasser zerstört und danach nicht mehr wiederhergestellt wurde. «Hard» bezeichnet einen als Weide benutzten, lichten Wald.",Hardturmstrasse,5+9,1882
zs_e8a30df7b182,"Ortsgegend «im Baschlig», einer der frühen Siedlungsmittelpunkte von Hottingen, am Wolfbach gelegen. Der Name lautete noch im 17. Jahrhundert «Bachschlatt», was für eine sumpfige Mulde («Schlatt») an einem Bach (hier dem Wolfbach) stand. Im 18. Jahrhundert wurde aus dem «Bachschlatt» der heutige Name «Baschlig».",Baschligplatz,7,1866
zs_ab131410dbf2,"Tunnel aus der Bucheggstrasse nach der Hirschwiesenstrasse, die nach einer Wiese benannt ist, auf der zuweilen Hirsche erschienen.",Hirschwiesentunnel,6,2014
zs_2d9a55df2523,"Vermutlich nach dem 1895 erbauten Restaurant Frohalp, Butzenstrasse 39, benannt.",Frohalpstrasse,2,1911
zs_9ce07fa68fde,"Germaniahügel (ursprünglich Hochbuck), wo die Studentenverbindung Germania ihren Stammbaum, eine Linde (Germanialinde) pflanzte, in der Absicht, hier ihr Stiftungsfest zu feiern. 1875 wurde das Grab des 1837 in Zürich verstorbenen Georg Büchner auf den Germaniahügel beim Rigiblick versetzt.",Germaniastrasse,6,1896
zs_bd8157d493fc,"Strasse, die vom mittelalterlichen Rennwegtor durch die im 17. Jahrhundert entstandene und befestigte Vorstadt zur Sihlporte und weiter zur Brücke über die Sihl führte. Die Sihlporte und das Rennwegtor waren bis zur Schleifung der Befestigungsanlagen im 19. Jahrhundert die einzigen befahrbaren Toranlagen der linksufrigen Stadt. Die [Name] stellte somit eine Hauptverkehrsachse der alten Stadt Zürich dar.",Sihlstrasse,1,1865
zs_73ef60a15768,"Flurname «Buechleren» oder «Buecheren», Sammelbezeichnung zum Baumnamen Buche.",Buchlernstrasse,9,1960
zs_c7b3622dfd7c,Strasse am Rande des Hochplateaus des Hönggerbergs. Der Name Höngg geht auf «Hoinga» (820) zurück und bezeichnet die auf der Höhe wohnenden Leute.,Am Hönggerberg,10,1947
zs_adb24c013fb0,"Weg beim Haus zum Schlössli, Schlösslistrasse 28. Das Haus zum Schlössli wurde 1910 an Stelle des Schlösslis am Susenberg errichtet, das 1513 von Saffran-Zunftmeister und Apotheker Anton Klauser zu einem stattlichen Landhaus mit Garten ausgebaut wurde.",Schlössliweg,7,1939
zs_7de380a2c004,"Felix und Regula: Zürcher Stadtheilige und Märtyrer (Festtag: 11. September). Sie wurden nach der Legende Anfang des 4. Jahrhunderts auf der Insel, wo heute die Wasserkirche steht, von der römischen Staatsgewalt ihres christlichen Glaubens wegen hingerichtet.",Felix-und-Regula-Platz,4,1985
zs_49d5693438a7,"Flurname «am Bord» oder «[Name]», d. h. am Abhang oder am Rand einer Fläche.",Am Börtli,10,1971
zs_22f3e6f040c5,"Das Zehntenhaus, [Name] 8, mit Zehntenscheuer erinnern an den Ort, an dem die Bauern von Affoltern dem Kloster Wettingen den jährlichen Zehnten entrichteten.",Zehntenhausstrasse,11,1933
zs_3adc77d7669f,"Flurname «Grossrieglen», grösserer Durchgang in einem Zaun, der mit verschiebbaren Stangen geöffnet oder geschlossen, verriegelt, werden konnte.",Grossrieglenweg,7,1988
zs_522f24dad945,"Das Grossmünsterstift besass in Schwamendingen 16 grosse Lehensgüter, so genannte Huben. Diese besassen einen Umfang von rund 40 Jucharten und reichten damit zur Ernährung einer grossen Familie aus.",Hubenstrasse,12,1932
zs_4c3525299d80,"Strasse, die im Jahr 1661 im Zusammenhang mit dem Bau der neuen und erweiterten Stadtbefestigung erstellt wurde. Das betroffene Gebiet hiess bereits im Jahr 1259 «[Name]», es bestand damals und noch im 16. Jahrhundert aus Äckern und Fluren in der Niederung, im Tal, vor der Stadt gegen die Sihl und den See hin.",Talacker,1,1865
zs_1d20d34a143f,Der Flurname «Schweighof» ist ein Synonym für eine Sennerei und steht für einen Vieh- und Milchwirtschaftsbetrieb. Der Friesenberg am Abhang des Üetliberges wurde bis ins 20. Jahrhundert als Weideland für die Viehwirtschaft genutzt.,Schweighofstrasse,3,1908
zs_a79e514e24db,"Rudolf Albert (von) Kölliker (1817-1905): Mediziner und Zoologe. Seit 1844 ausserordentlicher Professor für Physiologie und vergleichende Anatomie an der Universität Zürich, 1847-1902 ordentlicher Professor für Physiologie, Anatomie, vergleichende Anatomie und Mikroskopie in Würzburg (1870-1871 Rektor). 1897 Verleihung des Adelstitels durch den bayerischen Prinzregenten Luitpold.

Plaque: Rudolf Albert Kölliker (1817-1905)
Professor für Anatomie
an den Universitäten Zürich und Würzburg",Köllikerstrasse,7,1905
zs_61bd163cd8b3,"Julius Weber (1853-1886): Gemeindeingenieur und Baupolizeiverordneter von Aussersihl 1877 bis 1886.
Julius Weber erwarb sich bedeutende Verdienste um die bauliche Entwicklung der stark wachsenden Zürcher Vorortsgemeinde, deren Einwohnerzahl von 2600 im Jahr 1860 auf 19'800 im Jahr 1888 anstieg.",Weberstrasse,4,1891
zs_b975bb47caee,"Elfen: leichte, luftige Erdgeister, in der nordischen Mythologie dämonische Wesen.",Elfenweg,2,1931
zs_fee069b344a1,Der Flurname «Honrain» (1259) ist ein Zusammenzug aus «(am) hohen Rain». Der Flurname «Rain» bezeichnet einen Abhang.,Honrainweg,2,1945
zs_04fc95d0322b,"Um 1877 angelegte Strasse entlang des Adlisberghanges, die vom Klusplatz nach Fluntern führt. Zuvor gab es dort einen Verbindungsweg, der als «oberer Fussweg» bezeichnet wurde. Die dem «Berg» entlang führende Strasse wurde nach 1890 wichtig für die bauliche Entwicklung Hottingens, das seit 1893 ein Stadtteil Zürichs ist.",Bergstrasse,7,1877
zs_5f97a30820e0,Der Flurname «Looren» bezeichnet ein steiniges Waldgelände.,In der Looren,7,1968
zs_6a187d88442f,"Die Eleonorenstiftung ist die Trägerin des Zürcher Kinderspitals. Sie wurde benannt zu Ehren der Eleonore Cramer-Mylius (1844-1866), der früh verstorbenen Gattin des Arztes und Philantropen Conrad Cramer (1831-1918), welcher den Anstoss gab für die Gründung des 1874 eröffneten Kinderspitals in Zürich-Hottingen.",Eleonorenstrasse,7,1934
zs_a5c6f327241d,"Flurname «Rossäcker»: Zur Namensgebung gibt es verschiedene Erklärungen. So könnten auf diesen Äckern einst Pferde (Rösser) gehalten worden sein, oder die Äcker wurden von Pferdekraft bewirtschaftet. Eine weitere Möglichkeit wäre, dass vielleicht in der Nähe abgegangene Pferde verscharrt wurden.",Rossackerstrasse,9,1948
zs_6a657051ef15,"Flurname, d. h. grosses oder grosszügiges Ackerland.",Grossackerstrasse,2,1897
zs_b26a26bb2c05,"Josef Blickle (1841-1895): Gipsermeister. In den Jahren 1877-1878 von der Gemeinde Aussersihl angelegte Strasse, zu der Gipsermeister Josef Blickle unentgeltlich Land abtrat. In der Folge wurde die neue Strasse nach seinem Vornamen benannt, und Josef Blickle errichtete dort auch mehrere der ersten Häuser. 1877-1880 war er Gemeinderat in Aussersihl. Von den Gefahren des damaligen Baufiebers zeugt der Konkurs, den Josef Blickle 1884 erlitt.",Josefstrasse,5,1882
zs_f7c596500677,Strassenrampe von der Bernerstrasse Nord auf die Europabrücke. Der Name Höngg geht auf «Hoinga» (820) zurück und bezeichnet die auf der Höhe wohnenden Leute.,Hönggerrampe,9,1973
zs_75058f2246c0,"Wolfgrim war Gefolgsmann des ostfränkischen Kaisers Karl III. oder Karl dem Dicken. Er erhielt von diesem im Jahre 881 den Weiler Wipkingen zur Nutzniessung.

Plaque: Wolfgrim
Gefolgsmann Kaiser Karls III
Erhielt 881 Wipkingen als Lehen",Wolfgrimweg,10,1932
zs_5f74e935ffab,"Benannt nach der 1924 von der Baugenossenschaft [Name] erstellten Siedlung. Die Baugenossenschaft wurde 2007 aufgelöst. «Hard» bezeichnet einen als Weide benutzten, lichten Wald.",Hardhof,9,1976
zs_1dd852b1afa7,Jakob Sennhauser (1826-1903): Landwirt und Gemeinderat von Hottingen.,Sennhauserweg,7,1910
zs_2848ff8dd290,"Das ausgestorbene Zürcher Bürgergeschlecht der Füssli wurde 1357 ertmals urkundlich erwähnt. Es führte während Jahrhunderten und bis 1845 die Glocken- und Stückgiesserei Füssli an der Ecke Sihlstrasse und St. Annagasse. Hier wurde der grösste Teil der Zürcher Artilleriegeschütze produziert. Neben dem Giesseregewerbe betrieben die Füssli auch das Druckereigewerbe, wovon der Name der Firma Orell Füssli zeugt. Die Füssli waren auch eine politisch sehr einflussreiche Familie; auch wenn es ihnen nie gelang, einen Bürgermeister zu stellen, brachten sie viele Geistliche, aber auch Künstler wie den Kunstmaler Johann Heinrich Füssli, genannt Henry Fuseli (1741-1825), hervor.

Plaque: Füssli
Ausgestorbene Zürcher
Künstler - und Glockengiesserfamilie",Füsslistrasse,1,1908
zs_b71e5e733749,"Albrecht Rengger (1764-1835): Arzt und Aargauer Staatsmann. Albrecht Rengger gehörte zu den führenden Politikern der Helvetischen Republik und vertrat dort als Unitarier die Idee des helvetischen Zentralstaates. Als Minister des Innern (1798-1800) war er für den Aufbau einer modernen Zentralverwaltung zuständig. Danach bekleidete er noch die Position des Staatssekretärs des Innern (1802-1803) und wurde zum Landamman (1803) gewählt. Im neu errichteten Kanton Aargau war er Mitglied der Kantonskommission zur Einführung der Kantonsverfassung, wurde dann aber bei der Wahl in den Kleinen Rat des Kantons Aargau übergangen. Er vertrat 1814-1815 erfolgreich die Interessen der Kantone Aargau, Thurgau, St. Gallen, Tessin und zusammen mit Fréderic-César de La Harpe der Waadt am Wiener Kongress. 1815-1821 war Rengger noch Mitglied des Kleinen Rates des Kantons Aargau, dann zog er sich endgültig aus der Politik zurück.",Renggersteig,2,1901
zs_b49b271159e5,"Familienname mit dem sowohl an Johann Welti-Hausheer (1844-1928), Kantonsrat und Gemeinderat von Enge, Besitzer des Weltigutes, Bederstrasse 120, oder an Emil Welti (1825-1899), Dr. h.c., freisinniger Bundesrat aus Zurzach 1867-1891, der sich für die Revision der Bundesverfassung von 1872, die Gotthardbahn und den Rückkauf der grossen Eisenbahnlinien durch den Bund einsetzte, oder an Albert Welti (1862-1912), Maler, der das Wandbild im Ständeratssaal des Bundeshauses schuf, erinnert wird.",Weltistrasse,2,1915
zs_042f87d45c74,"Otto Stern (1888-1969): ETH-Privatdozent für physikalische Chemie 1913-1915, Nobelpreis für Physik 1943.

Plaque: Otto Stern (1888-1969)
1913 bis 1915 Privatdozent für physikalische Chemie
an der ETH Zürich. 1922 Stern-Gerlach-Versuch.
1943 Physik-Nobelpreis für die Molekularstrahl-Methode
und Entdeckung des magnetischen Moments des Protons.",Otto-Stern-Weg,10,2010
zs_f42771d87d54,"Strasse entlang dem Tobel des Kolbenhofbaches.

Plaque: Flurname",Bachtobelstrasse,3,1956
zs_e1b6621cc398,"Wirtshaus zum Morgenthal, Mutschellenstrasse 200, erbaut 1854 und abgetragen 1942.",Morgentalstrasse,2,1924
zs_0303621d5ab4,"Strasse entlang dem Sagentobel, der vom Sagentobelbach gebildet wurde, welcher aus dem Adlisberg nach Dübendorf und dort in die Glatt fliesst. Der Name des Baches leitet sich von einer Sägerei her, die im Besitze des Klosters Zürichberg war und sich hinter dem Tobelhof befunden hat.",Sagentobelweg,7,1997
zs_31713f6c41ab,"Hauptgott der nordischen Mythologie der Edda, wo er Odin genannt wird. Wotan ist die aus dem südgermanischen Wodan gebildete neuhochdeutsche Form von Odin. Er gilt als Göttervater, Kriegs- und Totengott, als Gott der Dichtung und der Runen, der Magie und der Ekstase.",Wotanstrasse,7,1908
zs_21ef7018b011,"Vermutlich nach Alois von Reding (1765-1818) von Schwyz benannt, zwischen 1801 und 1802 Landammann der Schweiz.",Redingstrasse,2,1894
zs_6687d7bc47a3,"Benannt nach dem Haus zum Pan, Universitätstrasse 56, erbaut 1840/41, dem griechischen Wald- und Weidegott gewidmet.",Panweg,6,1894
zs_95f27b702ef7,"Frei gewählter Name, anlehnend an den Flurnamen «Bettliacker», welcher wohl einen früheren Acker bezeichnet, der als Garten umgenutzt und in Beete eingeteilt wurde.",Im Wiesenbeetli,11,1933
zs_cbb4a759b152,Auf diesem in unmittelbarer Nähe zum Bahnhof Oerlikon gelegenen Platz gibt es jeweils mittwochs und samstags einen grossen Lebensmittelmarkt.,Marktplatz Oerlikon,11,1960
zs_dbcc9aa0c22d,Der Flurname «Im Bläsi» leitet sich ab von der mundartlichen Form des männlichen Vornamen Blasius und bezeichnet einen früheren Grundbesitz des Benediktinerklosters St. Blasien im Schwarzwald.,Bläsistrasse,10,1904
zs_0ed397116f65,"Benannt nach dem 3267 Meter hohen Clariden oder Claridenstock oberhalb des Klausenpasses in den Glarner bzw. Urner Alpen. In der Enge wurden um 1880-1890 mehrere neue Strassen nach Schweizer Bergen benannt, die zum Teil vom damals angelegten Quai am Zürichsee (Alpenquai) aus auch sichtbar waren.",Claridenstrasse,2,1877
zs_fb3ba499cddf,"Zentrales Teilstück des Marktes im alten Zürich und Kern der Wohn- und Wirtschaftssiedlung rechts der Limmat, damit ursprünglich auch einer der Hauptverbindungswege in der Stadt. An die [Name] als dem allgemeinen Marktplatz schlossen sich Spezialmärkte wie der Salzmarkt gegen Norden oder der Fischmarkt gegen Süden an. Das Marktareal insgesamt wurde im Mittelalter Forum oder Markt genannt, die engere Bezeichnung und Abgrenzung des Teiles [Name] erfolgte zu Beginn des 16. Jahrhunderts.",Marktgasse,1,1865
zs_60c8e96eb356,"Die Altzürcher Familie Nüscheler bewohnte von 1698 bis 1948 die Häuser zum Neuegg, Pelikanstrasse 19, und Grünenhof, Talacker 32, im Talackerquartier.",Nüschelerstrasse,1,1910
zs_a9ee2789782a,"Die Flurnamen «Holzern hort», «Holzeren acher», «Holzer wiss» (1643) bezeichnen Grundstücke, die einem Mann gehörten, der den Namen oder Übernamen Holzer trug. Da eine Hurd ein geflochtener Zaun ist, dürfte die Holzerhurd ein eingezäuntes Grundstück gewesen sein.",Im Holzerhurd,11,1963
zs_04eec87cc6be,Der Flurname «In der Horgen» (1474) ist abgeleitet von «Horb» («Horw») und bedeutet Sumpf.,Horgenweg,10,1956
zs_4669340791ab,"Sod-, Ziehbrunnen, Quelle aus einer Bodensenkung.",Lochbrunnenweg,7,1933
zs_b129634e01af,Flurname: Eiche auf der Kuppe eines Hügels.,Giebeleich,11,1938
zs_b30b7513e7f8,"Weg, der zum 1559 erstmals erwähnten Bauerngut zum Steinernen Tisch, [street] 146, führte. Um 1850 war der Steinerne Tisch eine Gastwirtschaft und ein beliebtes Ausflugsziel der Stadtzürcher Bürgerschaft. 1866 verlegte Albert Hürlimann seine Bierbrauerei von Feldbach hierher.",Steinentischstrasse,2,1877
zs_c5c111bd3f40,"Genannt nach der Zimmerei des Johannes Brunner (1802-1880), der [street] zur Akazie, Zimmerstrasse 9, eine Parqueteriefabrik betrieb.",Zimmergasse,8,1868
zs_aa1566929886,"Johann Georg Faust (um 1480-1540): Deutscher Astrologe, Wahrsager und Schwarzkünstler, bekannt als Dr. Faust. Sein Leben schildert legendenhaft das 1587 erschienene «Volksbuch», das den Stoff für zahlreiche künstlerische Bearbeitungen lieferte u. a. von Christopher Marlowe, Wolfgang von Goethe, Ferruccio Busoni und Thomas Mann.",Doktor-Faust-Gasse,1,1936
zs_2e0742550c0d,"Strasse durch die ehemaligen Rebberge an der Klinge, unterhalb der Limmattalstrasse.",Winzerstrasse,10,1932
zs_3333e438ee3b,"Jeremias Gotthelf, eigentlich Albert Bitzius (1797-1854): Berner Pfarrer, Dichter und Schriftsteller. Die Erzählungen und Romane von Gotthelf thematisieren u. a. bäuerliches Leben im 19. Jahrhundert, Religions-und Lebensformen, und die Auswirkung der fortschreitenden Industrialisierung. Sie reagieren auf die verschiedenen Krisen des 19. Jahrhunderts und stellen diesen eine konservative Antwort entgegen. So beziehen sich die Werke «Die schwarze Spinne» (1842) und «Geld und Geist» (1843-1844) auf die Niederlage von 1798 und die napoleonische Zeit, «Leiden und Freuden eines Schulmeisters» (1838-1839) und «Ueli der Knecht» (1841) auf die soziale Frage, «Ueli der Pächter» (1849) auf den Sonderbund, «Die Käserei in der Vehfreude» (1850) auf das Revolutionsjahr von 1848. Gotthelf kritisiert in seinen Werken die Auswüchse der kapitalistischen Wirtschaft, das Fabrikwesen und den damals üblichen Fortschrittsglauben.",Gotthelfstrasse,3,1897
zs_6217b2ffa81d,"Steg zwischen der Bahnhofbrücke und der Rudolf-Brun-Brücke, benannt in Erinnerung an die dort seit dem Spätmittelalter nachgewiesenen Mühlestege über die Limmat, die im Zuge der Verkehrssanierung rund um den Hauptbahnhof und als Folge der Seewasserregulierung 1943-1950 abgebrochen wurden.",Mühlesteg,1,1982
zs_750515fc69c0,"Waldweg auf dem Zürichberg, der in die Nähe des Zoologischen Gartens führt.",Zooweg,7+12,1957
zs_9c98ea47226a,Weiblicher Vorname und bekannte Oper «Carmen» von Georges Bizet.,Carmenstrasse,7,1895
zs_2d3675d7f13e,"Teilstück der alten Zürcherstrasse, die rechts der Limmat von Zürich über Wipkingen nach Höngg und weiter nach Wettingen führte. 1892 wurde die Strecke von Unterstrass bis zum Bahndamm von Wipkingen in [Name] umbenannt, um Verwechslungen mit anderen Zürcherstrassen auszuschliessen. Namengebend war das 1875 eröffnete Wasserwerk im Letten, an dem die Strasse vorbeiführte. Das Werk diente der Wasserversorgung, ab 1892 auch der Elektrizitätsgewinnung für die Stadt Zürich.",Wasserwerkstrasse,6+10,1892
zs_a21c846db147,"Albert Einstein (1879-1955): Mathematiker und Physiknobelpreisträger. Nach seinem Physikstudium an der ETH Zürich arbeitete Albert Einstein 1902-1909 als Gutachter am Eidgenössischen Patentamt in Bern und publizierte zu dieser Zeit zur Lichtquantentheorie resp. bewies die Äquivalenz von Masse und Gewicht (E=mc²). 1909-1911 war Einstein Professor an der Universität Zürich und 1912-1914 an der ETH. Dann wechselte er an die Universität in Berlin. 1921 erhielt er als Begründer der Relativitätstheorie den Physiknobelpreis. 1933 emigrierte Einstein in die USA und erwarb dort, neben seinem Bürgerrecht der Stadt Zürich, das er seit 1901 besass, 1940 die amerikanische Staatsangehörigkeit. Einstein vertrat schon im Ersten Weltkrieg pazifistische Positionen und wandte sich 1955 mit Bertrand Russell in einem Manifest gegen die Entwicklung und Verbreitung von Atomwaffen.",Albert-Einstein-Strasse,10,2017
zs_51b816671779,Beim Strassennamen handelt es sich wohl um eine frei gewählte Bezeichnung.,Rosenbühlstrasse,7,1913
zs_3142327da8d7,"Péz Segnes (oder Segnas) und Segnespass, Alpenübergang zwischen Graubünden und Glarus von Flims nach Elm (2627 m ü. M.).",Segnesstrasse,9,1933
zs_a3ada6f95281,Hans (Joan) Gamper (1877-1930): Mitbegründer und erster Captain des Fussball Clubs Zürich 1898-1903 sowie Gründer und erster Captain des Futbol Club Barcelona 1899-1903 und dessen Präsident 1908-1925.,Gamperstrasse,4,1894
zs_3d243c22437c,Landstrasse vom Milchbuck nach Affoltern und dem Wehntal.,Wehntalerstrasse,6+11,1837
zs_b243aff4aff2,"Bernhard Stocker (1807-1860): Oberrichter. Besitzer eines herrschaftlichen Landgutes in der Enge, des nach ihm benannten Stockergutes. In den 1860er Jahren entstanden auf dem zum Gut gehörigen Land Quartiere. Das 1835-1840 erbaute Wohnhaus zur Palme wurde 1959-1964 durch das gleichnamige Hochhaus am Bleicherweg ersetzt.",Stockerstrasse,2,1877
zs_9f045b160754,Flurname: Acker in der Nähe einer Eiche oder eines Eichengehölzes.,Eichacker,12,1946
zs_96b4ac081cc1,"Weg von Oberstrass hinauf in den nordwestlichen Teil des Zürichbergs, der Geissberg heisst und in dem unter anderem von 1891 bis 1896 das Rigiquartier entstand. Der Name Geissberg geht auf die Ziegen zurück, die hier zur Weide getrieben wurden; noch im 17. Jahrhundert berichtet ein Rechtsstreit davon. Damals dürfte die Ziegenweide, die schädlich für Bäume und junge Kulturen war, aufgegeben worden sein.",Geissbergweg,6,1892
zs_5e60be74f5b9,Der Weg wurde möglicherweise auf dem Land einer Gärtnerei Vetterli gebaut.,Vetterliweg,9,1933
zs_77556f839425,"Flurname «Zelg», d. h. Flur der Dreifelderwirtschaft an der Au, einer Wiese an einem Gewässer.",Auzelg,12,1952
zs_db9de32ac2e3,"Flurname für das Wäldchen, dessen Holz durch «Schwand», Kahlschlag, gewonnen wurde.",Schwandenholzstrasse,11,1932
zs_eec8d8f8e4b8,"Flurname: Acker, einst im Besitz eines Angehörigen der Zürcher Familie Grebel (1495).",Grebelackerstrasse,6,1928
zs_396fe463577e,"Eduard Imhof (1895-1986): Kartograf, Professor der Eidgenössischen Hochschule ETH, Gründer und Vorsteher des Instituts für Topografie und Kartografie von 1925 bis 1965, Redaktor des Schweizer Mittelschulatlas 1927-1976, Chefredaktor des «Atlas der Schweiz», Schöpfer wichtiger Kartenwerke; Ehrendoktor der Universität Zürich 1949, diverse Medaillen und Ehrenmitgliedschaften im In- und Ausland.

Plaque: Eduard Imhof (1895-1986)
Kartograph, Schöpfer wichtiger Kartenwerke",Eduard-Imhof-Strasse,11,1996
zs_a128deb5f61a,Strasse am Hang des Gubels. Ein Gubel ist eine rundliche Anhöhe.,Gubelhangstrasse,11,1933
zs_6c1f0763644d,"Salomon Gessner (1730-1788): Maler und Dichter von Idyllen. Die als Allee angelegte ehemalige Promenade von der Sihlporte in den Schützenplatz führte zum 1793 errichteten Denkmal von Salomon Gessner. Durch den Bau des 1847 eröffneten Hauptbahnhofes wurde die Spitze des Schützenplatzes, der Platzspitz, abgetrennt und die Allee unterbrochen. Das auf der Seite des Bahnhofquartiers verbleibende Teilstück der Allee wurde im Zusammenhang mit der Neuanlage des Bahnhofquartiers und der Ableitung des Schanzengrabens in die Sihl in den 1860er Jahren zur Strasse ausgebaut und Salomon Gessner gewidmet. Dieser war zu seiner Zeit einer der bekanntesten deutschsprachigen Autoren. Er arbeitete als Buchdrucker und Verleger und war Teilhaber der Orell, Gessner & Co., dem bedeutendsten Verlag der Aufklärung in der Schweiz. Er gründete 1780 die Zürcher Zeitung, die Vorläuferin der Neuen Zürcher Zeitung, war Teilhaber und künstlerischer Leiter der Porzellanmanufaktur im Schooren bei Kilchberg sowie Mitgründer der Helvetischen Gesellschaft von 1760. Als Ratsherr war Gessner unter anderem auch Sihlherr, also Verwalter des Sihlwaldes.

Plaque: Salomon Gessner (1730-1788)
Zürcher Maler und Dichter, Verleger und
Oberaufseher des städtischen Sihlwaldes
(«Sihlherr»)",Gessnerallee,1,1863
zs_4399b07b188d,Der Holzhof dürfte der nahegelegene Reckenholzhof gewesen sein.,Holzhofweg,11,1999
zs_7a42f6a95793,"An Stelle des hölzernen Steges, genannt obere Brücke, liess der Kaufmännische Verein Zürich 1838 die Verbindungsbrücke zwischen Gross- und Fraumünster nach den Plänen von Ingenieur Alois Negrelli errichten. Gebaut wurde diese steinerne Bogenbrücke mit vier Bogenöffnungen unter Leitung der Baumeister Hans Conrad Stadler und Jakob Locher. Von 1882 bis 1901 und von 1910 bis 1920 führten die Kurse des Rösslitrams und der elektrischen Strassenbahn der Stadt Zürich über die Brücke.",Münsterbrücke,1,1893
zs_923ff8fa9f11,"Hochtal im Kanton Graubünden, eines der höchstgelegenen bewohnten Täler Europas.",Engadinerweg,10,1952
zs_6064fcf970aa,"Arnold Achermann (1890-1970): Erster Präsident des Schulkreises Glatttal 1934-1954.

Plaque: Arnold Achermann (1890-1970)
Erster Präsident des Schulkreises Glatttal",Achermannweg,11,1971
zs_c8adb919face,"Aurel Stodola (1859-1942): Professor für Maschinenbau an der ETH 1892 bis 1929. Er hat als Fachmann für Strömungs- und Wärmekraftmaschinen massgeblich zur Weiterentwicklung von Turbinen und mit philosophischen Beiträgen zur Technik-Diskussion beigetragen.

Plaque: Aurel Stodola (1859-1942)
Professor für Maschinenbau der ETH 1892 bis 1929",Stodolastrasse,7,1963
zs_f9afc31e0e5c,Hans Konrad Spöndli (1790-1856): erster Professor für Geburtshilfe an der Universität Zürich und Leiter der Geburtshilfeklinik des Kantonsspitals.,Spöndlistrasse,6,1985
zs_73b4610a7583,"Im 1836 erbauten «Farbhof», [Name] 15, wurde bis 1875 eine Färberei betrieben. Das Gebäude ist 1958 abgetragen worden.",Farbhofstrasse,9,1933
zs_c5699cafedd0,"Flurname «Im Barendiss» (1520), «Berendyss» (1628), «Paradys» (1788). Die Bezeichnung verweist auf hochgelegene, fruchtbare, in bevorzugter Lage liegende Grundstücke in Zürich-Wollishofen oder ironisch auf schwer zu bearbeitendes Gelände.",Paradiesstrasse,2,1898
zs_3ba4023872c3,"Wiese, die in der mittelalterIichen Dreifelderwirtschaft während zweier Jahre bepflanzt und im dritten Jahre als Weide benutzt wurde.",Zelgwiesenstrasse,11,1933
zs_39a4e2fbe676,Frei gewählter Name eines Waldweges durch das Gänziloo.,Schäferweg,3,1997
zs_4c093afdcfab,"Fridtjof Nansen (1861-1930): Norwegischer Zoologe, Ozeanograf und Polarforscher. Nansen war 1921-1923 Leiter der Hilfsaktionen in den russischen Notgebieten und schuf als Hochkommissar des Völkerbundes für Flüchtlingsfragen den nach ihm benannten Pass für staatenlose Flüchtlinge und Emigranten. Er erhielt dafür 1922 den Friedensnobelpreis.

Plaque: Fridtjof Nansen (1861-1930)
Norwegischer Polarforscher, 1921 bis 1923 Leiter
der Hilfsaktionen in der russischen Notgebieten.
Er erhielt 1922 den Friedensnobelpreis",Nansenstrasse,11,1933
zs_053ce4955922,"Als Auflage für den Bau der Station Letten, die 1894 in Betrieb genommen wurde, hatte die Nordostbahn den Linden- oder Letzibach von der Wasserwerkstrasse an die Limmat einzudolen. Der [Name] folgt dem früheren Bachlauf.",Röhrenweg,10,1893
zs_a6b93904ce9e,Wohl in Anlehnung auf die Namen der angrenzenden [street] und [street] gewählter Getreidename.,Weizenstrasse,10,1911
zs_f0bd8dfecb6a,"Alois von Negrelli, gebürtig Luigi Negrelli (1799-1858): Österreichischer Ingenieur und Pionier des Verkehrsbaus. Ihm unterstand die Planung und Bauleitung der zweiten fahrbaren Brücke über die Limmat, der 1839 fertiggestellten Münsterbrücke. Dann wurde er Projektleiter für die erste Schweizer Eisenbahn, die Spanischbrötli-Bahn von Zürich nach Baden AG. Nach seinen Plänen wurde zwischen 1859 und 1869 der Suezkanal gebaut.

Plaque: Alois von Negrelli (1799-1858)
Ingenieur und Pionier des Verkehrsbaus
Projektleiter für die Spanischbrötli-Bahn von Zürich nach Baden / AG",Negrellisteg,4+5,2007
zs_42a68b6ffa11,"Der Flurname «Im Trum(m)eter» kann bereits alten Stadtplänen entnommen werden und bedeutet ungefähr so viel wie «Grundstück, das dem Trompeter (Wächter, Bote, Herold) gehört» oder aber «Grundstück, das einer Person mit dem Familiennamen Trum(m)eter gehört» (oder bewirtschaftet wird).",Im Trumeter,10,2012
zs_ab8ed76c9f3e,"Strasse zum Kreuzplatz. Am Kreuzplatz stand eines der zehn Kreuze, die bis zum Schanzenbau im 17. Jahrhundert, als die Schanzen die neue Banngrenze bildeten, den mittelalterlichen Stadtbann um die Stadt Zürich herum markierten. Der Stadtbann war ein Gebiet, in dem bis ins 19. Jahrhundert hinein besondere städtische Vorrechte galten. Nach diesem Kreuz wurde die ganze Umgebung und auch die 1611 hier erbaute und 1839 - nach der Erstellung der Neumünsterkirche - abgebrochene Kreuzkirche benannt.",Kreuzstrasse,7+8,1867
zs_980401677d21,"Flurname: Strasse zu einem Anwesen, das an einem Gewässer («Au») liegt.",Auhofstrasse,12,1932
zs_864762da221b,"Othmar Ammann (1879-1965): Bauingenieur ETH, berühmter Brückenbauer. Ammann konstruierte zahlreiche Stahlfachwerkbrücken in den USA und wirkte als Experte beim Bau der Golden-Gate-Brücke in San Francisco und der Verrazano-Narrows-Hängebrücke in New York mit.",Othmar-Ammann-Weg,10,2010
zs_2e99c95f79f7,"Paul Trautvetter (1889-1983): Reformierter Pfarrer von Höngg 1918-1954 und Pazifist.

Plaque: Paul Trautvetter (1889-1983)
Pfarrer von Höngg 1918 bis 1954",Paul-Trautvetter-Weg,10,2004
zs_6f13b2c80354,"Fruchtname, verwendet wegen ihrer Nähe zur [street].",Quittenstrasse,11,2009
zs_b81b0cbdf6fc,"Baumname «Hagenbuech», schweizerdeutsch für Hainbuche, Birkengewächs. Der [Name] wäre demzufolge ein mit Hainbuchen bewachsener Abhang («Rain»).",Hagenbuchrain,9,1933
zs_ae57ee0d19b5,"Nach der beim Beginn des Steigs in die Obstgartenstrasse einmündenden Sonneggstrasse benannt, die ihrerseits ihren Namen von der 1864 erbauten und 1940 abgetragenen Liegenschaft zum Sonneneck, Sonneggstrasse 41, herleitet.",Sonneggsteig,6,1909
zs_872aee6ad218,"Der Name leitet sich von mehreren Flurnamen ab, die auf einen früheren Eigentümer, Hans Siler, um 1418, verweisen. Siller oder Siler kann ein Familienname sein oder auf ein Lehenverhältnis mit St. Jakob an der Sihl hinweisen.",Zum Sillerblick,7,1934
zs_1b4fba6e6b07,"Gehölz eines Besitzers namens Gerentz oder Geret, Kurzform von Gerold, abgewandelt in Gänt (Gäntz). Wäldchen beim Höckler (1424 «Gerentzenloo», 1441 «Gentzenlow»).",Gänzilooweg,2+3,1897
zs_a430cdb104d6,"Uferstrasse an der Limmat, wurde durch den Ausbau des bisherigen Waisenhausquais 1913 als Zugangsstrasse zum Bahnhof erstellt.",Bahnhofquai,1,1913
zs_175dca1472f2,Seit 1904 wird hier als Abschluss des Sechseläutenumzuges der Böögg als Symbol des Winters verbrannt.,Sechseläutenplatz,1,1947
zs_9c7c37c72c6e,"Strasse in Wiedikon, die bis zum Jahr der ersten Zürcher Eingemeindung 1892/93 Zürcherstrasse hiess. Der neue Name war wohl, nach dem Vorbild anderer Grossstädte, der Lage der Strasse im Westen der Stadt und am damaligen Rand des Siedlungsgebietes zu verdanken; eine Parallellstrasse mit noch unüberbauten Parzellen hiess entsprechend Westendstrasse. In Riesbach auf der anderen Stadtseite wurde 1892 eine Strasse in Südstrasse umbenannt.",Weststrasse,3,1892
zs_d8f2613c0fb0,"Die [Name] ist eine 1901 nach einem Projekt des Gartenarchitekten Evarist Mertens gestaltete Parkanlage, die auf dem Grundstück des Eidgenössischen Schützenfestes von 1872 angelegt wurde. Sie lag ursprünglich an der Bäckerstrasse, die vom Stauffacher bis zum Farbhof führen sollte. Die Bäckerstrasse wurde benannt nach dem Eckhaus Pfistern, Badenerstrasse 20-Bäckerstrasse 1. Das Wort Pfister geht auf das lateinische «pistor» zurück, was Bäcker oder Müller bedeutet. In diesem Haus wurde denn auch bis 1957 eine Bäckerei betrieben. Der Bau des [street] verkürzte die Bäckerstrasse auf ihre jetzige Länge. Das Strassenstück unterhalb des neu gestalteten Platzes wurde der Stauffacherstrasse zugeschlagen. Deshalb wurde diese Grünanlage umbenannt in Aussersihler Anlage, ein Name der sich nie durchsetzte. Die Rückbenennung in [Name] 2005 erfolgte auf Vorstösse aus dem Quartier hin; hilfreich war auch, dass die Verkehrsbetriebe der Stadt Zürich die Haltestelle Hohlstrasse vorher schon in «[Name]» umbenannt hatten.",Bäckeranlage,4,2005
zs_5a4755d43a1f,"Namengebend war im 18. Jahrhundert das Haus zum Storchen, das 1357 erstmals erwähnt wird und das spätestens ab 1471 ein Gasthaus war. Das heutige Gebäude stammt aus dem Jahr 1939. Der Legende nach soll der Name von einem seltenen schwarzen Storchenpaar herrühren, das einst auf dem Hausdach nistete. Vom 14. bis ins 18. Jahrhundert hiess die Gasse Schmiedgasse, und noch um 1800 wurde sie auch als Hauptstrass bezeichnet - vielleicht, weil sie im Mittelalter Teil des Weges war, den Könige auf ihren Besuchen in Zürich vom Niederdorftor her zur Fraumünsterabtei passierten.",Storchengasse,1,1865
zs_6be83e92c06c,Verbindungsstrasse zwischen der Witikonerstrasse und dem oberhalb derselben angelegten Höhenweg.,Höhensteig,7,1909
zs_fb27991d4a4d,"Flurname «Breitenloobach», Gewässer beim Letzigraben, «Loh» (häufig «Loo» geschrieben), d. h. lichtes Gehölz, das als Weide diente.",Breitenlooweg,9,1939
zs_ecfb25188148,"Vermutlich benannt nach dem Bauerngut der Familie von Hans Ulrich Bryner, geboren 1806, Schuster und Landwirt aus Bassersdorf, der 1846 das Bürgerrecht von Wiedikon erhalten hat und 1854 mit seiner Familien nach Utah/USA ausgewandert ist.",Brinerstrasse,3,1905
zs_b9f7a195fe05,"Strasse in Zürich-Aussersihl bei der Kaserne, die zwischen 1864 und 1875 erbaut wurde. Das Militär war auch namensgebend für andere benachbarte Strassen ([street], Zeughausstrasse usw.).",Militärstrasse,4,1869
zs_4541dba6f916,"Um 1884 angelegte Aussichtsterrasse am Käferberg, oberhalb einer alten Ortsgegend von Wipkingen mit dem Namen «Rötel». Das dortige Gehöft Rötel hiess noch im 17. Jahrhundert Reuental, was vielleicht eine Bezeichnung für geringe oder schlechte Güter war. Der Name wurde dann über «Rütel» oder «Reutel» im 18. Jahrhundert zu «Rötel» umgewandelt.",Rötelterrasse,10,1888
zs_128dac0c37cc,"Lorenz Oken (1779-1851): Deutscher Naturforscher und Naturphilosoph. Oken wurde in Deutschland zweimal wegen seiner liberalen politischen Einstellung als Professor entlassen und konnte als Professor an der 1833 gegründeten Universität Zürich gewonnen werden. Hier wirkte er von 1833 bis 1851 und war von 1833 bis 1835 auch deren erster Rektor. Oken wohnte in Wipkingen.

Plaque: Lorenz Oken (1779-1851)
Naturforscher und Naturphilosoph
Erster Rektor der Universität",Okenstrasse,10,1929
zs_a88bf583eb51,"Im Zusammenhang mit den Quaibauten am Zürichsee in den Jahren 1884-1885 angelegte Strasse, die das zwischen der [street] und dem Quai liegende Gelände in Riesbach der baulichen Erschliessung öffnen sollte. Die Strasse hiess zunächst Parallelstrasse, da sie parallel zur Seefeldstrasse und zur [street] verlief. 1890 wurde sie auf Wunsch von Anwohnern in [Name] umbenannt. Das französische Wort «Bellerive» bedeutet schönes Ufer, es war der Name eines Landgutes, das an der benachbarten Klausstrasse 22 stand und das 1891 abgetragen wurde. Danach war «Bellerive» der Name einer Baugesellschaft, die ab 1889 an der [Name] mehrere Häuser erstellte.",Bellerivestrasse,8,1890
zs_8fb8f7cf3121,"Flurname «Pünt» (um 1450): «Pünt» oder «Bünt» bezeichnet ein umzäuntes, privat genutzes und mit der Zeit auch in Privatbesitz übergegangenes Grundstück, z. B. einen Garten oder eine Wiese. Dies im Unterschied zur gemeinsam genutzten Allmend.",Püntstrasse,9,1928
zs_159eb17bca63,"Flurname, ursprünglich Mettenfeld, vielleicht mit der Bedeutung das Feld in der Mitte, zwischen den Gütern von Seebach und Oberhausen (Gemeinde Opfikon) gelegen.",Ettenfeldstrasse,11,1924
zs_cc2015fee031,"Flurname «Chrüzwisen» (1520), d. h. ehemals bei einer Wiese an einer Wegkreuzung gelegen.",Kreuzwiesen,12,1949
zs_7f6d8b1ccb80,"Blumenname, Gattungen von Korbblüten-Gewächsen.",Distelweg,9,1939
zs_fc5fa7512f38,"Vormals die Neue Landstrasse in Oberstrass, die 1883 auf Wunsch der Anwohner in Universtätstrasse umbenannte wurde, weil sie damals bei der Universität Zürich begann. Die 1833 gegründete Universität Zürich befand sich von 1864 bis 1914 im Südflügel des dortigen Gebäudes des Polytechnikums bzw. der Eidgenössischen Technischen Hochschule ETH. Dieses war von 1858 bis 1864 erbaut worden. Das 1914 bezugsbereite Gebäude an der [street] war nach den Plänen von Karl Moser und Robert Curjel gebaut worden.",Universitätstrasse,6,1883
zs_5e84e28c366b,"Marie Curie Sklodowska (1867-1934): Naturwissenschafterin. Sie forschte auf dem Gebiet der Röntgenstrahlung (Radioaktivität) und erhielt 1903 den Nobelpreis für Physik und 1911 den Nobelpreis für Chemie.

Plaque: Marie Curie Sklodowska (1867-1934)
Naturwissenschafterin. Ihr Forschungsgebiet war
die Röntgenstrahlung (Radioaktivität)
1903 Nobelpreis für Physik
1911 Nobelpreis für Chemie",Marie-Curie-Platz,11,2005
zs_f4bffa059359,"Flurname «Eichbüel», mit Eichen bestandener Hügel, Erhöhung.",Eichbühlstrasse,4,1912
zs_4f1fddf64889,"An der benachbarten Zweierstrasse 161 bis 169 lag der 1899 abgetragene Kehlhof von Wiedikon. Der Keller oder Kellner war der im Kehlhof ansässige Amtmann, der die an den Grundherrn zu leistenden Abgaben, insbesondere die Naturalabgaben, einzog.",Kehlhofstrasse,3,1901
zs_6a54784ce40d,"Johann Heinrich Fierz (1813-1877): Textilindustrieller, Nationalrat und Präsident des von ihm gegründeten Aktienbauvereins. Der Aktienbauverein erstellte im Limmatquartier eine Siedlung von ursprünglich fünf, heute noch vier Zeilen Arbeiterwohnhäuschen. Zum Andenken an den Stifter und Präsidenten dieses Vereins, Johann Heinrich Fierz, wurden die [Name], die Fierzgasse und die Heinrichstrasse nach ihm benannt.",Johannesgasse,5,1878
zs_8ddea49fa1ea,"Hermann Hüttis (1877-1918), Ingenieur, ursprünglich von Aachen, Gründer der zuerst in Oerlikon und ab 1912 in Seebach ansässigen gleichnamigen Maschinenfabrik für Automobilzubehör (später SKAG Steuerungen & Kupplungen AG, Seebach).",Hüttisstrasse,11,1925
zs_478fc7bca22b,"Rosa Luxemburg (1871-1919): Politikerin, Nationalökonomin und Publizistin: Rosa Luxemburg  war eine zentrale Figur der europäischen Bewegung der Arbeitenden, des Antimilitarismus, des Marxismus und des proletarischen Internationalismus. Neun Jahre lang, von 1889 bis 1898, lebte sie in Zürich, bevor sie in Berlin zur Anführerin der deutschen Bewegung der Arbeitenden wurde. In Zürich studierte Rosa Luxemburg an verschiedenen Fakultäten, bevor sie ihr Studium der Volkswirtschaftslehre abschloss und eine Dissertation zum Thema «Die industrielle Entwicklung Polens» schrieb. Während ihrer Jahre in der Schweiz war Rosa Luxemburg politisch aktiv. Sie publizierte zusammen mit ihrem Lebenspartner, den sie in Zürich kennenlernte, Schriften gegen Imperialismus und Militarismus und gab die polnische marxistische Zeitschrift «Sprawa Robotnicza» («Sache der Arbeiter») heraus. Im August 1893 sprach sie auf dem III. Internationalen Kongress der Arbeitenden in Zürich vor einem grossen Publikum und begeisterte die Massen mit ihrem Redetalent mit einer Rede, in welcher sie für das Recht ihrer eigenen Zulassung am Kongress plädierte. Emotional blieb Rosa Luxemburg der Stadt Zürich verbunden. Auch nach ihrer Auswanderung nach Berlin sprach sie über die schönen Jahre, die sie im «heiteren, gottbegnadeten Zürich» verbracht hatte.

Plaque: Rosa Luxemburg (1871-1919)
Sozialistin und politische Aktivistin der internationalen Arbeiterbewegung",Rosa-Luxemburg-Platz,9,2025
zs_3e393a7dc16a,"Robert Owen (1771-1858): Britischer Sozialpolitiker, Förderer des Genossenschaftswesens, das für Zürich insbesondere im Wohnbau wichtig ist.

Plaque: Robert Owen (1771-1858)
Britischer Frühsozialist,
Unternehmer und Pionier
des Genossenschaftswesen",Owenweg,2,1929
zs_fd06259ec54b,"Der Name leitet sich von der mundartlich weit verbreiteten Form «Breier» für Prediger ab. Der obere Teil wurde bereits im 15. Jahrhundert so genannt, wohl weil das nahe Predigerkloster dort Häuser besass. Noch im 18. Jahrhundert gebräuchlich war aber auch der Name Tausendseelengässli. Der untere Teil hiess im 14. Jahrhundert Küllengasse, im 15. Jahrhundert Haderngasse, später und bis 1865 Untere [street].",Preyergasse,1,1865
zs_fad68c5185c2,Abgeschliffene mundartliche Bezeichnung aus Hohlberg für den auf den Hönggerberg führenden Hohlweg.,Holbrigstrasse,10,1904
zs_b3cf959fe806,"Flurname «Förlibuck», buckelförmige Erhöhung mit Föhrenbestand.",Förrlibuckstrasse,5,1902
zs_8a48fea37ca3,Walter Hauser (1837-1902): Gerberei-Unternehmer und von 1888 bis 1902 freisinniger Bundesrat aus Wädenswil.,Hauserstrasse,7,1904
zs_8970b7eb7cce,"Max Högger (1881-1966): Oberst, Platzkommandant von Zürich im Zweiten Weltkrieg.",Max-Högger-Strasse,9,1967
zs_1ead52ea438d,"Anna von Wyss, verheiratete Cramer (1835-1909): Grundbesitzerin in Aussersihl.
Anna von Wyss stammte aus der alten und einflussreichen Zürcher Bürgermeisterfamilie von Wyss. Sie war die Tochter von «Junker Pfarrer» Hans Konrad von Wyss (1798-1873), der nach seinem Rücktritt aus dem Pfarramt von 1846 bis zu seinem Tod in Aussersihl lebte und in der Gegend über Grundbesitz verfügte. Anna von Wyss (1835-1909) war mit Oberst Heinrich Cramer (1829-1906) verheiratet. Dieser liess um 1880 auch die benachbarte Parallelstrasse mit der Bezeichnung Cramerstrasse anlegen. Die Cramerstrasse und die [Name] tragen somit die Geschlechternamen des Ehepaars Heinrich und Anna Cramer-von Wyss.",Wyssgasse,4,1882
zs_da757dc34b09,"Eine 1890 dem allgemeinen Verkehr zugänglich gemachte Strasse, die die Verbindung von der Sihlstrasse über den damaligen Sihlkanal hin zur Löwenstrasse herstellte. Dort am Sihlkanal lag noch bis zum Abbruch der Gebäude im Jahr 1928 die Mühle zum Stein oder Steinmühle, Sihlstrasse 42/44, die bereits um 1275 unter diesem Namen erwähnt wird.",Steinmühlegasse,1,1890
zs_218982ef33d5,"Flurname gebildet aus dem Plural von «Bungert», d. h. Baumgarten.",In Büngerten,11,1933
zs_1dcabb0eb417,"Die von Landenberg waren ein ursprünglich aus dem Zürcher Tösstal stammendes Adelsgeschlecht, dessen umfangreicher Besitz sich ab dem ausgehenden 13. Jahrhundert über die ganze Ostschweiz verteilte. Die Herkunft der in Süddeutschland bis in die Gegenwart bestehenden Familie ist unklar. Einzelne Familienmitglieder besassen das Zürcher Bürgerrecht.",Landenbergstrasse,10,1898
zs_b22cd593469d,"Anny Klawa-Morf (1894-1993): Fabrikarbeiterin und Aktivistin der Zürcher Arbeiterbewegung. Sie engagierte sich für bessere Lebensbedingungen der Arbeiterschaft und für die Gleichberechtigung der Frauen.

Plaque: Anny Klawa-Morf (1894-1993)
Arbeiterin und Aktivistin der Zürcher Arbeiterbewegung.
Engagierte sich für bessere Lebensbedingungen der
Arbeiterschaft und die Gleichberechtigung der Frauen",Anny-Klawa-Platz,4,2009
zs_01fddd09878f,"Verbindungsweg zwischen der Militärstrasse und der [street] beim Kasernenareal in Aussersihl. Die Gasse wurde nach der Waffengattung der Schützen benannt, einer Bezeichnung für mit Feuerwaffen ausgerüstete Infanterie. Ihre Parallelgassen wurden entsprechend zur Jägergasse und zur Reitergasse. Weil es im benachbarten Bahnhofquartier der Stadt Zürich ebenfalls eine Schützengasse gab, wurde die Strasse dieses Namens in Aussersihl 1878 zur [Name], vielleicht in Anlehnung an die 1821 uraufgeführte Oper «Der Freischütz» von Carl Maria von Weber; das Haus Nummer 9 hiess ebenfalls Zum Freischütz. Dem Volksglauben nach verfügt der Freischütz auf Grund eines Bündnisses mit dem Teufel über sechs nie fehlende Kugeln, die siebente aber wird vom Teufel gelenkt.",Freischützgasse,4,1878
zs_03f2ec3ef4d0,"Hinweis auf die Mechanikerwerkstätte des Heinrich Möckli (1845-1915), die sich an der [Name] 7 befand.",Feilengasse,8,1894
zs_fa3b789d53ed,Christian Albert Theodor Billroth (1829-1894) Professor für Chirurgie an der Universität Zürich von 1860 bis 1867.,Billrothstrasse,8,1897
zs_f9768dbab802,"Strasse, die in die Gegend des Sihlhölzlis führte, wo sich die Sihl bis 1902 in die zwei Arme der wilden und der zahmen Sihl teilte und damit ein Werd bildete. Werd bezeichnete im alten Sprachgebrauch eine Insel oder Halbinsel, die durch zwei Flussarme gebildet wurde.",Werdstrasse,3+4,1959
zs_01b899cd258a,"Weg nach einer 1884 erstellten, heute aber abgegangenen Aussichtsterrasse, einem Aussichts-Känzeli.",Känzeliweg,7,1997
zs_de0408ed53a3,"Strasse beim Peterstobelbach, auch Letzibach, am Zürichberg. Wohl nach einem früheren Anstösser benannt.",Peterstobelstrasse,6,1997
zs_606c6a49f200,"Strasse oberhalb des Restaurants zum Gemsbock (1861-1954), Schaffhauserstrasse 2.",Gämsenstrasse,6,1894
zs_c12d65187fe0,"James Watt (1736-1819): Schottischer Mechaniker, Maschinenfabrikant und Erfinder. Er verbesserte den Wirkungsgrad der Dampfmaschinen ganz wesentlich und gilt deshalb als der Erfinder dieser Maschinen.

Plaque: James Watt (1736-1819)
Schottischer Maschinenbauer
Erfinder der Dampfmaschine",Wattstrasse,11,1933
zs_6a34e998b2d8,"Strasse im alten Dorfkern von Wipkingen, der auch «Im Dorf» genannt wurde.",Dorfstrasse,10,1888
zs_128542473639,"Benannt nach dem Eckhaus zum [street] ([street] 6, [Name] 1), dem Haus zum Weggen. Dieses war von 1404 bis 1870 das Gesellschaftshaus der Bäcker- oder Pfisterzunft zum Weggen. Das mittelhochdeutsche und mundartliche Wort Wegge bezeichnet einen Wecken, ein kleines Weissbrot. Im 14. Jahrhundert hiess die Gasse Urdorfsgasse nach dem Familien- und Hausnamen Urdorf; die heutige Benennung taucht zuerst 1637 auf.",Weggengasse,1,1865
zs_847b4360ab3b,Name der alten Landstrasse von Zürich nach Baden. Vermutlich geht die Strasse auf die Römerzeit zurück. Im 18. Jahrhundert wurde sie ausgebaut und galt um 1780 als wichtige Hauptstrasse.,Badenerstrasse,3+4+9,1869
zs_335742f38488,"Weg im Gebiet der Baugenossenschaft «mehr als wohnen». Das Areal ist wegen der Betonproduktion der ehemaligen Betonfabrik Hunziker & Cie im Quartier als «Hunzikerareal» bekannt. Der [Name] steht für den Grundsatz der Genossenschaft, das Projekt im Dialogverfahren zu erarbeiten.",Dialogweg,12,2011
zs_11033f1d86ce,"Hauptstrasse im Industriequartier, das ab 1870 mit der [Name] als einer repräsentativen, baumbesetzten Allee, die zum Limmatplatz führt, angelegt wurde . Namensgebend war die nahe Limmat, zwischen der und den Eisenbahnlinien das Industriequartier liegt. Der Flussname Limmat geht wohl auf die Kelten zurück und könnte etwa Ebene am Wasser, sumpfige Ebene, Seefeld bedeuten.",Limmatstrasse,5,1869
zs_165ade98e775,Weg durch den kleinen Wald am Sonnenberg in den Wald am Hirslanderberg.,Sonnenberghölzliweg,7,1997
zs_75b427dd030d,"Johann Kaspar Lavater (1741-1801): Pfarrer zu Sankt Peter in Zürich. Johann Kaspar Lavater war ein berühmter Kanzelredner und Schriftsteller (u. a «Physiognomische Fragmente») mit europaweiter Ausstrahlung. Er starb an einer Verletzung, die ihm 1799 bei der Besetzung Zürichs durch die Franzosen zugefügt worden war.",Lavaterstrasse,2,1886
zs_093b401c4873,"Gottlieb Duttweiler (1888-1962): Unternehmer und Politiker. Gottlieb Duttweiler leitete mit der 1925 in Zürich gegründeten Migros eine Revolution im Schweizer Detailhandel ein. Seine fahrenden Läden, deren Sortiment sich auf wenige lebensnotwendige Güter beschränkte, wurden systematisch diskriminiert, so dass die Migros begann, Teile des Sortiments selbst herzustellen und Gottlieb Duttweiler in die Politik einstieg. Er wurde Nationalrat 1935-1940, 1943-1949 und Zürcher Ständerat 1949-1951 sowie Berner Nationalrat 1951-1962. 1935 gründete er seine eigene Tageszeitung «Die Tat», 1936 die Partei Landesring der Unabhängigen und 1942 die Wochenzeitung «Brückenbauer». 1940-1941 wandelte er die Migros-Aktiengesellschaft in Genossenschaften um. 1957 schuf er das Migros-Kulturprozent, durch welches ein Prozent des jährlichen Umsatzes für kulturelle, wirtschaftspolitische und soziale Zwecke verwendet wurden. Kurz vor seinem Tod legte er den Grundstein zum Gottlieb-Duttweiler-Institut in Rüschlikon, einem Zentrum für wirtschafts- und sozialpolitische Fragen.

Plaque: Gottlieb Duttweiler (1888-1962)
National- und Ständerat
Gründer der Migros",Duttweilerbrücke,4+5,1972
zs_2c81b077c85c,"Benannt nach dem ursprünglich Sonnenberg, später zum Wäldli genannten Landgut, das 1761 vom Seidenfabrikanten Hans Konrad Schulthess erworben wurde. Dieser pflanzte dort ein Wäldchen, das dem Gut im 19. Jahrhundert den Namen gab. Heinrich Schulthess-von Meiss (1813-1898) schenkte das Gut 1868 der Diakonissenanstalt Neumünster und bestimmte es zum Altersaysl bzw. Altersheim, heute Asylstrasse 24. Das Hauptgebäude wurde 1953 abgetragen und durch einen Neubau ersetzt.",Wäldlistrasse,7,1889
zs_73b8fb4e4997,"Benannt nach dem Gut und nach der Villa Belsito, [Name] 18 (1879-1931).",Belsitostrasse,7,1905
zs_13ed308fa3c1,"Quergasse zur Schipfe hin, die im 18. Jahrhundert nach dem dort gelegenen Wirtshaus zum Schwanen, [Name] 2, abgetragen 1969, benannt wurde. Die Gasse hiess seit dem 15. Jahrhundert Blüemlisgasse, Blumengasse und später auch Rindsfussgasse, letzteres, weil sich das Wirts- und Gasthaus zum Schwanen bis um 1727 zum Rindsfuss nannte und erst danach den eleganteren Namen annahm.",Schwanengasse,1,1865
zs_ffea49b32ba7,Name einer ehemaligen Wiese beim Hürstholz.,Holzmatt,11,1935
zs_b9e09288a4d2,"Furkapass in den Alpen, Übergang vom Urserental in Uri nach dem Bezirk Goms im Wallis (2429 m. ü. M.).",Furkastrasse,9,1933
zs_5efc3f047754,"Flurname «Liebwies», vielleicht nach einem ehemaligen Grundbesitzer Lieb benannt.",Liebwiesweg,7,1997
zs_8ba0f97ab11c,"Die Mittelbergstrasse ist die zwischen der Hinterbergstrasse und der Zürichbergstrasse verlaufende alte Strasse auf den Zürichberg. 1912 wurde der obere Teil in [Name], 1918 der untere Teil in Mommsenstrasse umbenannt.",Mittelbergsteig,7,1912
zs_a8178f85d6cd,"Heinrich Steffen (1833-1890): Gemeindepräsident von Seebach von 1859 bis 1883.

Plaque: Heinrich Steffen (1833-1890)
Gemeindepräsident von Seebach 1859 bis 1883",Steffenstrasse,11,1933
zs_65b42a397510,"Benannt nach der Maschinenfabrik Oerlikon, abgekürzt MFO, 1876 von Peter Emil Huber (1836-1915) als Werkzeug- und Maschinenfabrik Oerlikon gegründet. 1884/85 Einrichtung der elektrotechnischen Abteilung. 1905/06 erfolgte eine Reorganisation; u. a. wurde die Werkzeugfabrikation an die Schweizerische Werkzeugmaschinenfabrik Oerlikon (später Oerlikon-Bührle) ausgegliedert, während sich die MFO auf die Elektrowirtschaft konzentrierte.
Die MFO produzierte vor allem elektrische Maschinen wie die berühmte «Krokodil»-Lokomotive. 1967 wurde das Unternehmen in die Brown-Boveri & Cie. (BBC), später Asea Brown Boveri (ABB), integriert. Als organisatorische Einheit blieb die MFO jedoch bis Mitte der 1970er Jahre relativ selbständig innerhalb der BBC erhalten. Das Unternehmen beschäftigte 1879 199, 1930 3351 und 1967 ca. 4500 Personen.

Plaque: Maschinenfabrik Oerlikon
gegründet 1876
später BBC, heute ABB
Pionierin der Elektrowirtschaft",MFO-Park,11,1996
zs_faeb1903d63e,"Flurname, wohl von «Felbe(n)moos», d. h. Moos oder Moosgegend mit Weidenbäumen.",Feldenmoosstrasse,9,1956
zs_07272f742328,"Seit 1418 unter diesem Namen erscheinende Gasse. Namensgebend war das Haus zum Krug, [Name] 4, das ab 1357 erwähnt wird und das seine Bezeichnung wohl dem entsprechenden Gefäss verdankt.",Kruggasse,1,1865
zs_ebe88b0d6c7f,"Der Name Höckler findet sich als Flurname (1448) und als Name eines von 1809 bis 1874 dort befindlichen Landgutes. Er geht wohl auf den mundartlichen Ausdruck von Höcklen als gemütliches Sitzen zurück. Wie daraus die Ortsbezeichnung entstand, ist unklar. Die [Name] ist eine 1866 errichtete Eisenkonstruktion.",Höcklerbrücke,2,1893
zs_6b08c86cac72,"Gottfried Angerer (1851-1909): Deutscher Komponist von Bad Waldsee, von 1887 bis zu seinem Tod Musiklehrer, Musikdirektor und Dirigent in Zürich.",Angererstrasse,2,1910
zs_22b4c5252dea,"Der Flurname leitet sich wohl von einem früheren Besitzernamen «Wal» ab, was ursprünglich «Walch» oder «Welscher» bedeutet habe.",Wallisackerweg,7,1997
zs_e5f2a8723e21,"Die Liegenschaft Im Algier, [Name] 20, soll nach dem «Algier-Meier», der in Algier gewesen sein soll, benannt sein. Das Haus gehörte 1840-1844 Leonhard Meier (1805-1880) aus Kloten, vielleicht eben dieser «Algier-Meier».",Algierstrasse,9,1914
zs_0c818d3f9f2c,"Flurname «Langacher», d. h. langgezogener Acker.",Langackerstrasse,6,1928
zs_dff91d754761,"Marta von Meyenburg (1882-1972): Wegbereiterin der Sozialarbeit und Berufsbildung in der Schweiz, Mitgründerin der Sozialen
Frauenschule Zürich. Marta von Meyenburg war zusammen mit Mentona Moser und Maria Fierz eine Wegbereiterin der Sozialarbeit in der Schweiz. Sie war eine ausgebildete Krankenschwester und engagierte sich für soziale Aufgaben. Sie arbeitete als erste Frau bei der Zürcher Amtsvormundschaft. Zusammen mit Maria Fierz gründete sie 1920 die Soziale Frauenschule Zürich und war bis 1934 auch deren Leiterin. Heute ist die spätere Schule für soziale Arbeit ein Departement der Zürcher Hochschule für angewandte Wissenschaften ZHAW. Marta von Meyenburg erhielt 1945 die Ehrendoktorwürde der Universität Zürich. Sie hat zahlreiche Publikationen zur sozialen Arbeit veröffentlicht.

Plaque: Marta von Meyenburg (1882-1972)
Wegbereiterin der Sozialarbeit und Berufsbildung in der Schweiz, Mitgründerin der Sozialen
Frauenschule Zürich",Martastrasse,3+4,1898
zs_c57c60d707fa,"Der Flurname leitet sich vermutlich von einer Wiese ab, die einem Eigentümer namens Funk gehörte.",Funkwiesenstrasse,11+12,1929
zs_1f95f68bdb93,"Erinnerung an die seit dem 16. Jahrhundert hier bezeugten Flurnamen «Steinacker» oder «Steinzelg», die auf den mit Geröll der Sihl durchsetzten Ackerboden hinweisen.",Steinstrasse,3,1881
zs_5a29a20068d6,"Johann Jakob Balber (1673-1752): Erster Pfarrer an der 1702 erbauten Kirche Wollishofen.

Plaque: Johann Jakob Balber (1673-1752)
Erster Pfarrer an der 1702 erbauten
Kirche in Wollishofen",Balberstrasse,2,1922
zs_56f7ce8e42ae,"Steig beim Glaubten, einem Wald mit dichtem Laubbaumbestand.",Glaubtensteig,11,1933
zs_a77d7c890102,"Herman Greulich (1842-1925): Schweizer Arbeitersekretär und sozialdemokratischer Nationalrat. Greulich gründete Gewerkschaften und die sozialdemokratische Zeitung «Die Tagwacht», engagierte sich früh für das Frauenstimmrecht und für gleichen Lohn für gleiche Arbeit. Greulich stand ein für einen demokratischen Sozialismus und war einer der bedeutendsten Politiker der pragmatisch-reformistischen Mehrheit der schweizerischen Sozialdemokratie. 1877 in Hirslanden eingebürgert, lebte und wirkte in Zürich.

Plaque: Hermann Greulich (1842-1925)
Führer des schweizerischen Sozialismus",Herman-Greulich-Strasse,4,1920
zs_8fef5ef9eaea,"Flurname «Hegi» ist abgeleitet vom Flurnamen «Hegianwand», Ende einer Ackerfläche, auf der der Pflug gewendet wurde («Anwand») und die an eine Umzäunung grenzt («Hegi»).",Im Hegi,3,1930
zs_a6c363b5466e,Strasse vom Zentrum von Oerlikon zum 1874 eingeweihten Schulhaus Halde A.,Schulstrasse,11,1898
zs_106677d3c9e5,"Der Name des Weges scheint sich von dessen Verlauf am Ötlisberg abzuleiten. Allerdings führt der Weg an einem Waldstück entlang, das den Namen «Bogen» trägt, womit auch die Ableitung von diesem Flurnamen denkbar ist.",Bogenweg,7,1905
zs_4c5c336a92f4,"Weg an der Limmat, der zunächst vom Hardturm zur einstigen Liegenschaft zum Fischergütli führte und der später dem Fluss entlang fortgesetzt wurde. Das Fischergütli war eine Flur unmittelbar an der Limmat an der Grenze zu Altstetten hin.",Fischerweg,5+9,1869
zs_66799512ca7c,"Flurname für ein Grundstück, auf welchem früher offenbar Wölfe gesichtet wurden.",Wolfswinkel,11,1979
zs_43ef335e0c8b,"Strasse im Riesbacher Seefeld, die im Zusammenhang mit dem Bau der Quaianlagen angelegt und 1887 eingeweiht wurde. Das Seefeld ist eine bereits 1273 erwähnte Ortsgegend am See, die bis zum Ausbau der Uferanlagen nach 1830 und nach 1880 nicht selten überschwemmt wurde.",Seefeldquai,8,1887
zs_7cd7e4c6a806,Der Flurname «Betental» ist schon 1429 urkundlich belegt als «Bettental» und soll sich von einem altdeutschen Personennamen Betto ableiten.,Unter Betentalweg,9,1997
zs_469be7aba895,"Baumname. Der Name verweist vielleicht auf ein ehemals bei einer Linde gelegenes Flurstück, Feld (Zelge).",Lindenzelgweg,7,1997
zs_8c429b882ddf,Flurname «Sel(l)nau»: Eine «Selde» nannte man im Mittelhochdeutschen eine Wohnung oder Herberge und «Ouwe» oder «Au» ist ein Gelände am Wasser. Vielleicht besass das Zisterzienserinnenkloster Selnau (1256-1525) hier Land.,Oberer Selnauweg,7,1997
zs_9f436d48774a,Führt entlang der 1839-1842 vom Architekten Gustav Albert Wegmann (1812-1858) erbauten Kantonsschule.,Kantonsschulstrasse,1,1897
zs_4900c9c7a342,"Die Häuser [Name] 2, 4, 6 und 8 sind 1904 erbaut worden vom Bau- und Granitgeschäft Sassella & Cie., Mutschellenstrasse 31, und der Strassenname verweist auf das Tätigkeitgebiet des Granitgeschäftes der Sassella & Cie.",Granitweg,6,1905
zs_a23d4c442de3,"Mundartliche Bezeichnung für die Pflanzengattung der Weiden, benannt nach dem sich umweit davon befindlichen Wydenacker.",Wydenstrasse,4,1931
zs_08c00dd73949,"Das Haus zum Felsenkeller (vor 1812-1930), Bederstrasse 57, besass einen in den Hang hineingetriebenen Felsenkeller.",Felsenkellerweg,2,1906
zs_94617c0e5c0e,Tiername: eine Vogelart aus der Familie der Meisen.,Blaumeisliweg,7,1938
zs_f2a84cadc3f1,"lurname «Rietholz» (1295), der hier wohl für ein ehemals gerodetes und wieder aufgeforstetes Waldstück stehen dürfte, kann aber auch feuchter Boden oder Weideland bedeuten, das bepflanzt worden ist.",Riedenholzweg,11,1999
zs_73dfff67e490,"Kurze Gasse in der Enge, die beim Eckhaus zum Schanzenegg von der Stockerstrasse hin zum Schanzengraben führt. Namensgebend war die Lage der Strasse beim Schanzengraben, also der Graben der ehemaligen barocken Stadtbefestigung.",Schanzeneggstrasse,2,1877
zs_5611ac85ad19,Blumenname. Die [Name] hiess vor 1933 Mühlenstrasse.,Edelweissstrasse,9,1933
zs_262ced113d1d,"André Masséna (1758-1817): Herzog von Rivoli, Fürst von Essling und Marschall von Frankreich. Masséna kommandierte die französischen Truppen in den beiden Schlachten bei Zürich während des Zweiten Koalitionskriegs. Nachdem er die Stadt nach der Ersten Schlacht bei Zürich noch räumen und den Österreichern überlassen musste, besiegt er diese und die mit ihnen verbündeten Russen am 25. und 26. September 1799 in der Zweiten Schlacht bei Zürich. Die Alliierten verliessen daraufhin das eidgenössische Territorium.

Plaque: André Masséna (1758-1817)
französischer General, Sieger über die Russen
in der 2. Schlacht bei Zürich 1799",Massénastrasse,7,1956
zs_7706e85d7200,"Weg zum Bauerngut zum fallenden Brunnen in Unterstrass. Der Hof zum fallender Brunnen wird bereits im 1256 erwähnt. Der Name steht wohl für einen ergiebigen Röhrenbrunnen mit «fallendem» oder «wallendem» Wasser, im Unterschied zum Sodbrunnen, aus dem das Wasser geschöpft werden musste.",Brunnenhofweg,6,1930
zs_ee28e7a75a30,"Benannt nach Heinrich Alfred Mantel (1855-1932), früher Eigentümer des gesamten Areals mit Gärtnereibetrieb. Zur Zeit der 1911 erfolgten Benennung war er der einzige Anwohner in dieser Strasse.",Mantelgasse,8,1911
zs_0501b75be930,"In den 1870er Jahren angelegte Erschliessungsstrasse in der Enge, die vom Schanzengraben her zum Standort der ehemaligen Dreikönigskapelle an der Ecke Bederstrasse und Seestrasse führt. Die Dreikönigskapelle in der Enge wurde 1361 erstmals erwähnt. Nach der Reformation wurde die Kapelle zu einem Wohnhaus umgenutzt, ihre letzten Reste verschwanden um 1890. Die Gemeinde Enge wurde im 15. und 16. Jahrhundert oft auch als die Wacht zu den Drei Königen bezeichnet.",Dreikönigstrasse,2,1877
zs_c69cc1543f8b,"Baumname, Baum aus der Pfanzenfamilie Buchengewächse.",Eichenweg,9,1997
zs_7a55def9e2ad,"Rechtwinklig von der Froschaugasse abzweigende Sackgasse, die zum Hinterhaus der Liegenschaft zum Steinbock, [street] 17, führt. Jenes Haus befand sich 1467 im Besitz eines Ludwig Steinbock; die Sackgasse selbst wurde 1486 Stuckigässli genannt, weil dort eine Glarner Familie Stucki über Hauseigentum verfügte. Der Name [Name] dürfte aus dem Jahr 1865 stammen.",Steinbockgasse,1,1865
zs_600822cdc0d6,Strasse nördlich des Pausenplatzes des von den Architekten Gebrüder Bräm zwischen 1913 und 1915 gebauten Schulhauses Letten.,Spielweg,10,1913
zs_0efc52bb773f,"Flurname «Feusisberg», gebildet aus dem Familiennamen Feusi, ehemaligen Besitzern dieses Gebietes.",Feusisbergli,9,1937
zs_a743828e40e9,Vielleicht nach einem früheren Grundstücksbesitzer namens Metzger benannter Waldweg in Albisrieden.,Metzgerweg,9,1997
zs_4ae44cdb41df,"Paul Grüninger (1891-1972): Polizeikommandant von St. Gallen. Er verschaffte 1938 hunderten von deutschen, vor allem jüdischen Emigranten die Einreise in die Schweiz. Für dieses nach geltendem Recht gesetzwidrige Verhalten wurde er unehrenhaft aus dem Dienst entlassen und wegen Urkundenfälschung und Amtspflichtverletzung verurteilt. Erst lange nach seinem Tod wurde er 1993 durch die St. Galler Regierung politisch rehabilitiert, und 1994 veröffentlichte der Schweizer Bundesrat eine Ehrenerklärung für ihn. 1995 hob das Bezirksgericht St. Gallen das Urteil in der Sache Paul Grüninger auf und sprach ihn frei.

Plaque: Paul Grüninger (1891-1972)
St. Galler Polizeikommandant
Retter Hundeter jüdischer Emigranten 1938",Paul-Grüninger-Weg,11,1996
zs_0a6449eb5877,"Um 1880 angelegter repräsentativer Platz, Kreuzungspunkt der namensgebenden Limmatstrasse als einer baumbesetzten Allee und der [street]. Erste Bauten am [Name] entstanden ab 1881. Prägend wurde die Bebauung und die Umgestaltung im Zusammenhang mit dem Bau der [street] 1928-1929. Der Flussname Limmat geht wohl auf die Kelten zurück und könnte etwa Ebene am Wasser, sumpfige Ebene, Seefeld bedeuten.",Limmatplatz,5,1882
zs_5ebd0eab0fdf,"Der Flurname Sellnau geht auf den ursprünglichen Namen Seldenouwe zurück, was im Mittelhochdeutschen die Bedeutung von einer Wohnung oder Herberge, einer Selde, am Wasser, an einer Au, hatte. Auf welches Gebäude sich dieser Name bezieht, ist nicht mehr nachvollziehbar.",Unterer Selnauweg,7,1997
zs_5fd1dd166cfc,"Teil des in den 1860er Jahren neu gestalteten Bahnofquartiers, benannt nach der seit 1830 an der Gasse angesiedelten Gerberei von Johannes Fierz. An der [Name] gab es um 1865 nur zwei Gebäude: die Gerberei (abgetragen 1913) und einen dazugehörigen Schopf (abgetragen 1901).",Gerbergasse,1,1863
zs_3210b6e0a001,"Der Name erinnert an die historische Bedeutung des zu überbauenden Areals als Standort eines Textilindustriebetriebs seit der zweiten Hälfte des 19. Jahrhunderts, ebenso an die traditionsreiche Bauindustrie. Der [Name] liegt beim alten Spinnereigebäude, der Spinnerei Wollishofen.",Spinnereiplatz,2,2010
zs_e1216cff672c,"Weg von der Hardturmstrasse zu dem wohl aus dem 13. Jahrhundert stammenden Wohn- und Festungsturm. «Hard» bezeichnet einen als Weide benutzten, lichten Wald.",Hardturmweg,5,1931
zs_490186b1737e,"Strasse ins Furttal, das vom Furtbach gebildet wird und auf die Furt verweist, also eine seichte Stelle eines Gewässers, die als Übergang benutzt wird.",Furttalstrasse,11,1933
zs_27fcf76c050e,"Brauerei der Familie Hürlimann, gegründet 1836 in Feldbach. Die Brauerei hatte von 1866 bis 1996 ihren Firmensitz in Zürich-Enge und war während mehr als einem Jahrhundert eine der wichtigsten Arbeitgeberinnen im Quartier.",Hürlimannplatz,2,2004
zs_ffacbaf90a17,"Hans Konrad Hamberger-Huber (1824-1896): Kaufmann und Tabakhändler, wohnhaft an der Seefeldstrasse 237, am unteren Ende des Steiges.",Hambergersteig,8,1896
zs_ae727e920eb5,Friedrich Zollinger (1858-1931): Förderer des Schulwesens. Kantonaler Erziehungssekretär von 1900 bis 1930 und 1897 Gründer der Zunft Hottingen.,Zollingerweg,7,1973
zs_8c69f2ce8b85,"Namensgebend waren die Anlegestellen, Länden, am oberen rechten Limmatufer für die Schiffe, die den Zürichsee befuhren. Der dortige Gassen- und Platzname Schiffländi ist seit 1581 belegt, zuvor hiess die Örtlichkeit Stad, eine Wortform für Ufer, die in Gestade weiterlebt. Ihre Funktion als grössere Anlegestelle verlor die Schiffländigegend durch den Bau der Quaianlagen und der Quaibrücke in den 1880er Jahren.",Schifflände,1,1865
zs_d8d0ba43b365,"Flurname «Im Nagler» (1801). Der Flurname geht wohl auf den Besitzer des Grundstücks zurück, dessen Beruf Nagelschmied (Nagler) gewesen war.",Naglerwiesenstrasse,10,1980
zs_442501ddd7c7,"Alte, seit 1401 in Riesbach ansässige Familie aus Tuggen in der March. Ein Heinrich Tuggener teile sich im 16. Jahrhundert mit Felix Gossauer in den Besitz des Landes am rechten Ufer des Hornbaches bis zum Mühlebach.

Plaque: Tuggener
Alte Familien von Riesbach und Hottingen",Tuggenerstrasse,8,1910
zs_9b69f3a977ac,"Der Flurname Wisacher, ersterwähnt 1528, bezeichnet einen Acker, der zuweilen auch als Wiese genutzt wurde.",Wiesliacher,7,1977
zs_66c9e89ca0f2,"Gasse, die zum ehemaligen, im Jahr 1911 wegen des Baus der Universität beseitigten «Künstlergütli» führte. Das Haus, ein Landgut des 18. Jahrhunderts, war von 1813 bis 1910 Sitz der Zürcher Kunstgesellschaft und damit des Kunstmuseums. Die Gasse selbst entstand im Zusammenhang mit dem Bau der Schanzen und Bastionen im 17. Jahrhundert und hiess bis um 1850 Halseisen, weil sich bei ihrem unteren Eingang im 15. Jahrhundert ein Pranger mit einer Fessel für den Hals (Halseisen) befand.",Künstlergasse,1,1865
zs_0ddac9d8fb3d,"Die Familie Saler war ein altes, inzwischen ausgestorbenes Geschlecht aus Oerlikon.",Salersteig,11,1933
zs_a3b34f4523af,"Das Zehntenhaus, Zehntenhausstrasse 8, mit Zehntenscheuer erinnern an den Ort, an dem die Bauern von Affoltern dem Kloster Wettingen den jährlichen Zehnten entrichteten.",Zehntenhausplatz,11,1969
zs_8fb7c69e2ee0,«Au» ist eine Bezeichnung für Wiesland an einem Gewässer. Der Name [Name] ist also eigentlich ein Pleonasmus.,Auwiesenstrasse,12,1971
zs_0dce682f9cfd,Benannt nach dem vom Hüsliberg am Albis in die Sihl fliessenden Hüslibach.,Hüslibachstrasse,2,1931
zs_d5b3d90bc21d,"Benannt nach Helios, dem grieschischen Sonnengott. Eine von mehreren Strassen in Zürich-Hottingen, deren Benennung an die römische oder griechische Antike erinnert.",Heliosstrasse,7,1895
zs_b20b092fc740,"Weg zur Gratstrasse, der Strasse zum und auf dem Grat des Uetliberges.",Gratweg,3,1957
zs_892a8fbd8f7d,"Ab etwa 1870 angelegte neue Erschliessungstrasse, die von Unterstrass her Richtung Wipkingen führt. Bis 1878 hiess sie Langgasse, seither [Name]. Die Namensänderung erfolgte wohl, weil es auch andernorts, zum Beispiel in Aussersihl, lange Strassen gibt. Die Himmelsrichtung Norden im Namen bezieht sich vermutlich auf den Verlauf der neuen Strasse. Diese liegt nördlich der alten Verbindung von Unterstrass nach Wipkingen, die der Limmat entlang führt.",Nordstrasse,6+10,1878
zs_fda8791fb5b2,"Hauptachse im neuen, von 1875 bis 1890 angelegten Fraumünsterquartier. Dieser Stadtteil trat an die Stelle des mittelalterlichen Kratzquartiers, das damals im Zuge der Neubebauung vollständig beseitigt wurde. Namengebend für das Quartier und die Strasse, die vom Münsterhof zur neuer Quaianlage am See führt, war das Fraumünster. Dieses war ein Frauenkloster, das 853 von König Ludwig dem Deutschen gegründet wurde und das für die Geschichte Zürichs im Mittelalter überaus bedeutsam war.",Fraumünsterstrasse,1,1875
zs_a9a0d2ba020d,"Flurname «Bockhuser» (1544), «Bockhüserli» (1600), d. h. Grundstück beim Haus am Buck (Hügel, Bodenerhebung).",Buckhauserstrasse,9,1933
zs_d054cef48ced,"Der Kalander ist eine Maschine, welche zum Glätten und Satinieren von Papier verwendet wird. Der damit verbundene Prozessschritt steht am Ende der Produktion und gilt der Veredelung des Papierprodukts. Der Name des Platzes soll an die 1836 gegründete mechanische Papierfabrik an der Sihl erinnern, die 1990 stillgelegt wurde.",Kalanderplatz,3,2004
zs_082b0515855f,Eine «Schluhe» oder «Schluche» ist eine ältere Dialektbezeichnung für eine Schlucht.,Schluhenweg,2,1956
zs_7ffdb2fe8d49,"Um 1860 angelegte Strasse im neuen Selnauquartier, beim Freigut, [Name] 31, gelegen und nach diesem benannt. Das Freigut oder Freien Gut hinwiederum erhielt seinem Namen durch den Bauherrn und ersten Besitzer des Landhauses im Jahr 1772, Hauptmann Johann Heinrich Frei (1730-1787).",Freigutstrasse,1+2,1863
zs_1fe91aea6ca1,"Hildegard (um 828-856): Erste Äbtissin des Frauenmünsters. Hildegard war die erste Tochter von Ludwig dem Deutschen. Ludwig schenkte der Fraumünsterabtei in Zürich den Hof Zürich, den Albisforst und das Land Uri. Diese Stiftung übergab er am 21. Juli 853 seiner Tochter Hildegard zur lebenslangen Nutzniessung. Unter ihr als erster Vorsteherin des Klosters begann der Bau der Abteikirche des Fraumünsters, deren Einweihung sie nicht mehr erlebte.

Plaque: Hildegard (um 828-856)
Erste Äbtissin des Fraumünsters",Hildastrasse,4,1898
zs_165eece64093,"Emil Rütti (1919-1993): Architekt und Präsident des Quartiervereins Oerlikon 1981-1989.

Plaque: Emil Rütti (1919-1993)
Architekt, Oerliker Quartiervereinspräsident 1981 bis 1989",Emil-Rütti-Weg,11,1996
zs_f6a587d52507,Albert Heinrich Steiner (1905-1996): Architekt und Stadtplaner. Steiner war Stadtbaumeister von Zürich 1943-1957 und Professor für Architektur und Städtebau an der ETH Zürich 1957-1971. Er förderte die Sanierung der Altsadt durch das von ihm geschaffene Büro für Altsadtsanierung 1945. Die von ihm entwickelte Bauordnung mit Zonenplan von 1946 prägte die Entwicklung der nach 1934 eingemeindenten Quartiere nachhaltig.,Albert-Steiner-Garten,10,2010
zs_8450be790bed,"Die ursprüngliche [Name] wurde 1871 als eiserne Fachwerkbrücke gebaut und 1901 durch die jetzige Stahlbetonbrücke ersetzt, die vom Tiefbauamt der Stadt Zürich bei den Firmen Fietz & Leuthold sowie der Aktiengesellschaft vormals J. J. Rieter & Cie in Auftrag gegeben wurde. Sie heisst nach der ehemaligen Gemeinde und dem heutigen Stadtquartier Wipkingen. Der Name, der urspünglich Wibichinga lautete und seit den 9. Jahrhundert nachgewiesen ist, erinnert an die Ansiedlung der Leute des Alemannen Wibicho.",Wipkingerbrücke,5+10,1893
zs_0d55c2a7551e,"Halbkreisförmige Strasse an der Peripherie der ehemaligen Gemeinde Oerlikon, die schon im Übersichtsplan von 1864 eingezeichnet ist und im Übersichtsplan von 1901 als [Name] bezeichnet wird.",Ringstrasse,6+11,1901
zs_f82145987de8,"Der Flurname leitet sich vermutlich von einem Acker ab, der einem Eigentümer namens Funk gehörte.",Funkackerstrasse,11,1957
zs_83fdc4a3a7cd,"«Chratz» oder «Kratz» bedeutet nicht nur enger Raum oder Durchgang, der einen beim Durchschreiten «kratzt», sondern stammt auch vom Begriff «Chratten», geflochtener Korb oder Reuse, mit dem ein Quartier an einer Sackgasse mit nur einem Ein- und Ausgang bezeichnet wurde.",Im Kratz,9,1928
zs_92d4b6c944f4,"Zielhang unterhalb des heutigen Friedhofs Manegg gegen die Allmend, an welchem früher die Schützenscheiben aufgestellt waren.",Scheibenrain,2,1946
zs_cdd06af3eda5,"Benannt nach dem Haus zu den Drei Königen (vor 1812-1940), [Name] 6.",Köngengasse,1,1865
zs_6824e1913d0b,"Der Flurname lautete ursprünglich «Salenmoos» und bezeichnete ein Moos, also feuchtes, sumpfiges Land, auf dem Sal-Weiden wuchsen. Irrtümlich wurde dieser Name dann statt als «Salenmoos» als «das Alenmos» aufgefasst, der Anlaut S also als Artikel (da)s verstanden und abgetrennt.",Allenmoosstrasse,6+11,1893
zs_5de450800d94,"Weg am Dorfbach von Affoltern, an dem Holunderstöcke wachsen.",Holderbachweg,10+11,1933
zs_a72a01b86b4d,"Brunau ist ein anderer Name für die Wollishofer Allmend. Die Brunau war seit dem Mittelalter ein Weideplatz für das Vieh, ab dem 17. Jahrhundert auch der Übungsplatz für die Zürcher Artillerie. Von 1877 bis 1987 dienten Teile der Allmend als Waffenplatz der Eidgenossenschaft. Der Name «Brunau» oder «Brunnow» (so eine Schreibweise im 16. Jahrhundert) kann eine Niederung mit Quellaufstoss bezeichnen, also mit Grundwasser. Eine andere Deutung führt den Namen auf die Farbe des dortigen Grases zurück, das bei Trockenheit oft dürr wurde und eine rötliche oder braune Färbung erhielt («braune Au»). Die [Name] wurde 1875 gebaut und 1917 durch die Firma Koch & Co verstärkt.",Brunaubrücke,2+3,1893
zs_ac014dc8cda5,Garten Eden: Bezeichnung für das Paradies; vermutlich Anspielung auf den damals benachbarten Friedhof Enge.,Edenstrasse,3,1901
zs_80eeb8a1f6e5,"Flurname «[Name]», vermutlich ein Hinweis auf einen langgezogenen Einschnitt (Furche) im Boden und entsprechender Erhöhung auf beiden Seiten.",Langfurren,6,1935
zs_3715764cdb2b,"Strasse in Witikon, benannt nach dem bereits im 16. Jahrhundert nachgewiesenen Flurnamen «Lehfrauenacker». Ein Lehen war bis in das 19. Jahrhundert hinein ein von einem Lehensmann gelehntes oder von einem Lehensherrn entlehntes Gut. Der Lehfrauenacker war somit ein Acker, der von einer Frau gepachtet oder von einer Frau (im Mittelalter z. B. von der Fraumünsteräbtissin) als der Lehensherrin verpachtet worden war.",Lehfrauenweg,7,1933
zs_9c6eab247407,"Johann Jakob Meier-Bosshard (1838-1928): Posthalter in Altstetten, Stifter des Meier-Bosshard-Fonds, welcher die Heilung von Lungenkranken, die Unterstützung von schwachen, aber bildungsfähigen Kindern und die Berufsbildung für hilfsbedürftige Bürgerkinder bezweckte.

Plaque: Johann Jakob Meier-Bosshard (1838-1928)
Posthalter in Altstetten, Stifter des Meier-Bosshard-Fonds",Meier-Bosshard-Strasse,9,1933
zs_85d55ab2937f,"Fussweg am rechten Limmatufer vom Drahtschmidlisteig bis zur Stadtgrenze und nach Oberengstringen. Das 1130 gegründete, dem Kloster Einsiedeln zugeordnete Benediktinerinnenkloster Fahr liegt weiter limmataufwärts in einer Exklave des Kantons Aargau und gehört seit 2008 zur Gemeinde Würenlos. Von 1944 bis 2013 führte das Kloster eine Bäuerinnenschule.",Kloster-Fahr-Weg,6+10,1993
zs_cedd38fcb5c1,"Weg zur Friesenburg, deren Name sind aus dem altdeutschen Personennamen Frieso herleitet.",Friesenburgweg,3,1997
zs_07506c8201ca,"Flurname «Grüt» (1368), d. h. gerodetes Waldstück.",Grütstrasse,9,1928
zs_1f99100c7f2b,"Rolf Balsiger (1933-2006): Geschäftsleitungsmitglied der Ringier AG, freisinniger Gemeinde- und Kantonsrat und von 1966 bis 1999 Präsident und ab 1999 bis 2004 Verwaltungsratspräsident des Zoo Zürich.

Plaque: Rolf Balsiger (1933-2006)
1966 bis 1999 Präsident und ab 1999 bis 2004 Verwaltungspräsident
des Zoo Zürich",Rolf-Balsiger-Strasse,7,2007
zs_1f2d6c0237f7,"Hermann Weyl (1885-1955): Deutscher Mathematiker, Physiker und Philosoph. 1913-1930 Professor für höhere Mathematik an der ETH. Hervorragender Mathematiker auf den Gebieten der Funktionentheorie, der Algebra, der Differentialgeometrie, der Analysis und der Zahlentheorie.",Hermann-Weyl-Weg,10,2010
zs_c9e55ae2c95b,"Waldstück, aus dem Reisig und Äste als Brennmaterial genommen werden.",Heizenholz,10,1938
zs_7c0e72f43a12,"Blumenname, auch Windröschen genannt, Hahnenfussgewächs.",Anemonenstrasse,9,1933
zs_62db9ae887f7,"Malojapass im Kanton Graubünden, Übergang vom Bergell nach Maloja auf der Engadiner Hochebene (1815 m ü. M.).",Malojaweg,9,1946
zs_fb1ba265ec73,Der Name [Name] lehnt sich an die angrenzende Haspelstrasse an. Eine Haspel dient zum Aufwinden von Garn in Strangform und ist wie die Spule und die Spindel ein Werkzeug in der industriellen Spinnerei. Die Strassennamen erinnern an die historische Bedeutung des Gebiets als Standort eines Textilindustriebetriebs seit der zweiten Hälfte des 19. Jahrhunderts.,Haspelsteg,2,2016
zs_d0aa3515a4d9,"Tiername, Mundartform «Chutz» für Waldkauz oder Nachteule.",Chutzenstrasse,7,1957
zs_bd20018d0700,Flurname «Loo» (1511) für ein Wäldchen mit Haselsträuchern.,Hesenlooweg,2,1931
zs_4ddabb8d3426,"Albert Sieber (1901-1974): Freisinniger Stadtrat 1946-1970, Polizeivorstand.

Plaque: Albert Sieber (1901-1974)
Stadtrat 1946 bis 1970",Sieberstrasse,3,1987
zs_f3af29686bb7,"Platz bei der ehemaligen Augustinerkirche, deren Chor von 1596 bis 1841 der Stadt Zürich als Münzprägestätte diente. Im 17. Jahrhundert hiess die Örtlichkeit «Platz vor der Münz». Bis zum 19. Jahrhundert wurde aber auch noch vom Augustinerplatz oder vom Augustinerkirchhof gesprochen.",Münzplatz,1,1865
zs_d0f64f05f0be,"Weg entlang des Adlisbergbaches, der im Adlisberg entspringt und in den Sagentobelbach mündet. Der Adlisberg soll nach der Höhensiedlung eines Alemannen namens Adalo, Adilo oder Adilin benannt sein.",Adlisbergbachweg,7,1997
zs_9fd2d1235490,"Flurname aus dem 19. Jahrhundert, ursprünglich «Richtishol» (1529, 1801) und «Richtisahl» (nach 1801), abgeleitet vom benachbarten Trichtenhausen. «Hol» bedeutet Mulde, Vertiefung. Richti ist vermutlich der Name eines früheren Besitzers.",Im Trichtisal,7,1976
zs_9d1a160396cb,"Verbindungsweg hinter dem 1866/67 erbauten Haus der Museumsgesellschaft, Limmatquai 62, und dem 1864/66 erbauten Wohn- und Gesellschaftshaus Schneggen, Limmatquai 64/66. Der Raum hinter den Vorgängerbauten, zu denen auch das alte Haus zum Schneggen gehörte, hiess bis zum Abbruch der dortigen Metzg hinter der Metzg. Die Gasse blieb nach der Neugestaltung bis 1916 ohne Namen und wurde in jenem Jahr nach dem Schneggen benannt. Der Hausname Schnegg ist schon im 14. Jahrhundert bezeugt.",Schneggengasse,1,1916
zs_230a4699de84,"Führt zum Heubeeribühl, einem mit Heidelbeerstauden bewachsenen Hügel.",Heubeeriweg,7,1900
zs_5243e2ed0850,"Flurname «Geerlibuch», kleiner, keilförmiger Buchenwald.",Geerlibuchweg,7,1988
zs_aa2ad21e3fbe,"James Joyce (1882-1941): Irischer Schriftsteller. Seine Werke wie «Dubliners», «Ulysses» oder «Finnegan's Wake» verhalfen James Joyce zu grosser Bekanntheit und weisen ihn als wichtigen Vertreter der literarischen Moderne aus. Joyce floh in beiden Weltkriegen nach Zürich, wo er von 1915 bis 1919 lebte und wo er 1941 verstarb. Er erhielt 1966 ein Ehrengrab auf dem Friedhof Fluntern, das mit einer Statue des amerikanischen Künstlers Milton Hebald geschmückt ist

Plaque: James Joyce (1882-1941)
Irischer Schriftsteller",James-Joyce-Strasse,11,1996
zs_51aaf658bd06,"Früher Rieden unter dem Albis: «Riete» (10. Jahrhundert), «Riedirn» (1225), d. h. Siedlung bei den Riedern. Ried oder Riedtli ist ein häufig vorkommender Flurname, der etwa für einen feuchten Boden, für ein gerodetes Waldstück oder auch für Weideland, das bepflanzt worden ist. Der Name Albis bedeutet Berg und ist verwandt mit dem Wort Alpen.",Albisriederplatz,3+4,1927
zs_3c7eb3b0e86a,Hans Leibundgut (1909-1993): Professor für Waldbau 1940-1979. Leibundgut war ein bedeutender Forstwissenschaftler. Er vertrat den naturnahen Waldbau freien Stils und war Pionier der Naturwaldforschung.,Hans-Leibundgut-Garten,10,2010
zs_9ba8d39f47c7,"Flurname für einen Garten mit einem Speicher, mundartlich «Spir».",Spirgartenstrasse,9,1953
zs_f4e7aa0fb03a,Wohl nach dem Verlauf des halbrund angelegten Weges benannt.,Rundweg,11,1999
zs_4a5e99d8bae7,Flurname: Anhöhe («Bühl») bei einem Waldstück.,Bühlholzweg,2,1956
zs_a970aa64d985,"Flurname «Rüti», d. h. gerodetes Waldstück.",Rütiweg,7,1988
zs_9e893d559d36,"Gässchen, das von der Werdstrasse, früher Werdgasse, abzweigte. Werd bezeichnete im alten Sprachgebrauch eine Insel oder Halbinsel, die durch zwei Flussarme gebildet wurde.",Werdgässchen,4,1869
zs_9cb0d31bdb31,Flurname für die Äcker der Mühle am Holderbach.,Mühlackerstrasse,11,1933
zs_975f0d4c08a8,1820 erstes Schulhaus Hottingens an der [Name] 54. Nach Um- und Erweiterungsbauten 1840 Nutzung der Liegenschaft als Schul- und Gemeindehaus mit Kanzlei. 1890 Umbau zum Verwaltungsgebäude. Heute Kreisbüro 7 und Polizeiwache Hottingen.,Gemeindestrasse,7,1890
zs_f90bfa4080c0,Flurname: Wiesen bei einem Buchenwald oder bei einer einzelnen Buche.,Buchwiesen,11,1946
zs_007656978814,"Berg im Im Kanton Uri, südlich von Amsteg (3073 m ü. M.).",Bristenstrasse,9,1933
zs_a1a5dfbbfe07,"Ursprünglich reich verziehrte Eisenkonstruktion mit Gusseisengeländer, die in den 1960er Jahren durch eine Betonbrücke ersetzt wurde, in der Verlängerung der Dreikönigstrasse. Diese hat ihren Namen von der 1361 erstmals erwähnten Dreikönigskapelle an der Ecke Bederstrasse und Seestrasse. Nach der Reformation wurde die Kapelle zu einem Wohnhaus umgenutzt, ihre letzten Reste verschwanden um 1890. Die Gemeinde Enge wurde im 15. und 16. Jahrhundert oft auch als die Wacht zu den Drei Königen bezeichnet.",Dreikönigbrücke,1+2,1897
zs_9296560814c0,"Strasse hin zu den beiden 1855 erbauten und 1938 abgetragenen Liegenschaften und Wohnhäusern im Werdgarten, [Name] 13 und 16. Die Hausnamen bezogen sich auf das Werd, eine bereits im 15. Jahrhundert bezeugte Ortsgegend von Aussersihl. Werd bezeichnete im alten Sprachgebrauch eine Insel oder Halbinsel, die durch zwei Flussarme gebildet wurde.",Werdgartengasse,4,1880
zs_ee3510184bb4,Nach der dort gelegenen Platzpromenade (allgemein als Platzspitz bezeichnet) benannte Brücke über die Sihl.,Platzspitzbrücke,5,2021
zs_e5f78197f6de,"Erschliessungsstrasse im Villenquartier der Gemeinde Enge, die um 1880 angelegt wurde und die zunächst [street] hiess. Weil es auch in Wiedikon eine Strasse gab, die nach dem häufig vorkommenden Flurnamen «Bühl» für eine Erhebung bzw. einen Abhang benannt war, wurde die Strasse 1892 in [Name] umbenannt. Der Aubrig ist ein Gipfel im schwyzerischen Wägital; in der Enge wurden mehrere Strassen nach Bergen benannt, die zum Teil auch von Zürich aus sichtbar sind.",Aubrigstrasse,2,1892
zs_5f1f9aa8f441,"Strasse durch das Tobel des Stöckentobelbaches, der nach den Wurzelstöcken im Boden benannt ist.",Stöckentobelstrasse,7,1930
zs_df347b57aa95,"Benannt nach der Firma Koch Wärme AG, einer früheren Eigentümerin dieses Grundstücks an der Quartiergrenze zwischen Altstetten und Albisrieden.",Koch-Park,9,2021
zs_0ab2fe07fd1a,"Der Flurname «Zwengi» ist seit 1511 überliefert und könnte sich auf eine eingehagte Weide beziehen, in der Tiere, insbesondere Schafe, eingepfercht wurden. Die Bedeutung von Zwängi würde damit sowohl ein-zwängen als auch zwingen umfassen.",Zwängiweg,2,1910
zs_f99ac18af3fe,"Einstige Hauptverkehrsstrasse von Zürich, die vom Rennweg zum [street] und zur Brücke über die Limmat beim Rathaus führt; der Name wird bereits im Jahr 1288 erwähnt. Namengebend war, so wird vermutet, der Beruf des Strehl- oder Kammmachers, den ein dortiger Hausbesitzer um 1300 ausübte. Ein Strehl, das heisst ein Kamm, war im Jahr 1386 und später das Zeichen und der Name des Hauses an der heutigen [Name] 8.",Strehlgasse,1,1865
zs_89d2aa3049fe,"Benannt nach der Alten Börse, die 1877-1880 durch die Kaufmännische Gesellschaft von Zürich an der [Name] 21/Bahnhofstrasse 3 errichtet wurde. Der Bau der Börse wurde von Johann Heinrich Bodmer-Pestalozzi (1812-1885) mit einem zeitlich befristeten Legat von einer halben Million Franken unterstützt, was die Stadt unter Druck setzte, die Bahnhofstrasse bis an den See zu verlängern. Die Wertschriftenbörse fand von 1884 bis 1930 in der Alten Börse statt und wurde danach an den Bleicherweg 5 verlegt.",Börsenstrasse,1,1877
zs_6e0343ba5601,"Flurname nach einem ehemaligen Grundbesitzer Kienast oder mit der Bedeutung Fackel aus harzigem Föhrenholz, vielleicht als Hinweis auf dortigen Baumbestand.",Kienastenwiesweg,7,1933
zs_7830d64940b2,Flurname: sackartige Geländeform oder -vertiefung.,Im Sack,12,1993
zs_6b9ad0fa50c4,"Weg entlang dem Entwässerungsgraben im sumpfigen Gelände. Ried dürfte hier für den feuchten Boden stehen, kann aber auch gerodetes Waldstück oder Weideland bedeuten, das bepflanzt worden ist.",Riedgrabenweg,11+12,1933
zs_9ac83c2aead1,"Der Riesbach, ursprünglich «Ried(e)sbach», entspringt dem Ried bei Zollikon und gab der Gemeinde Riesbach den Namen.",Riesbachstrasse,8,1936
zs_2ba11bd700cf,"Flurname: südlich der vorderen Eierbrecht gelegene Örtlichkeit. «Au» kann eine Insel, eine Halbinsel oder ein feuchtes Gebiet neben einem Gewässer bezeichnen. Der Begriff Sommerau kann sich aber auch auf einen Familiennamen beziehen. So wird eine Familie Sommerauer aus Hirslanden schon um 1400 erwähnt.",In der Sommerau,7,1936
zs_56292678aaaa,"Flurname: in der Nähe befindet sich der «Chämmeten» genannte Bauernhof. Der Name leitet sich ab vom «Chämmi», dem Kamin, und bezeichnet einen mit einem Kamin versehenen Wohnraum.",Chämmetenweg,7,1999
zs_cdf4ca691c97,"Brunau ist ein anderer Name für die Wollishofer Allmend. Die Brunau war seit dem Mittelalter ein Weideplatz für das Vieh, ab dem 17. Jahrhundert auch der Übungsplatz für die Zürcher Artillerie. Von 1877 bis 1987 dienten Teile der Allmend als Waffenplatz der Eidgenossenschaft. Der Name «Brunau» oder «Brunnow» (so eine Schreibweise im 16. Jahrhundert) kann eine Niederung mit Quellaufstoss bezeichnen, also mit Grundwasser. Eine andere Deutung führt den Namen auf die Farbe des dortigen Grases zurück, das bei Trockenheit oft dürr wurde und eine rötliche oder braune Färbung erhielt («braune Au»).",Brunaustrasse,2,1877
zs_a693340f6675,"[street] zum Limmattal (1838-1931), Bäckerstrasse 6, Ecke [Name], befand sich die Weinhandlung des Johann Melchior Ochsner mit Verkaufslokal an der Badenerstrasse 14.",Rebgasse,4,1892
zs_6ed44c887268,"Der Name leitet sich ab vom Landgut zum Weinberg, das 1905 zu Gunsten der Überbauung [Name] 29/31 resp. [street] 2/4 abgetragen wurde. Er beschreibt aber auch, dass am ganzen Hang oberhalb der Stampfenbachstrasse bis weit ins 19. Jahrhundert Weinbau betrieben wurde.",Weinbergstrasse,1+6,1878
zs_34d368a41ce9,"Heinrich Federer (1866-1928): katholischer Theologe, Journalist und Redaktor an den Neuen Zürcher Nachrichten. Federer, der seit 1899 in Zürich lebte, schaffte 1911 den Durchbruch als Erfolgsautor. Er hinterfragte in einigen seiner Werke sowohl die vermeintliche Bergidyllik, als auch die konservative katholische Ethik und Moral.

Plaque: Heinrich Federer (1866-1928)
Epischer Dichter 1899 bis 1928 in Zürich",Heinrich-Federer-Strasse,2,1934
zs_53acc1824723,"Weg aus dem Frankentalerstrasse in den Riedhof. Ried dürfte hier für ein gerodetes Waldstück stehen, kann aber auch feuchter Boden oder Weideland bedeuten, das bepflanzt worden ist.",Riedhoferrain,10,1952
zs_1996ced7ca17,"Fussweg in der Nähe der Lettenstrasse. «Letten» ist gleichbedeutend mit Lehm und bezeichnet vielerorts als Flurname einen lehmigen, schweren Boden.",Lettenfussweg,10,1913
zs_a4209de8d6bb,"Ludwig van Beethoven (1770-1827): Deutscher Komponist und Klaviervirtuose. Beethoven führte die Musik der Wiener Klassik zu ihrer höchsten Entwicklung und hat der Romantik den Weg bereitet.

Plaque: Ludwig van Beethoven (1770-1827)
Deutscher Komponist",Beethovenstrasse,2,1927
zs_3f0bc214b41d,"Gasse in der Stadelhofervorstadt, benannt nach dem 1790 an der Stelle von Vorgängerbauten erstellten und 1933 abgetragenen Landhaus zum Sankt Urban an der Ecke zur [street]. Sankt Urban gehörte bis 1890 der Familie des Schriftstellers Conrad Ferdinand Meyer (1825-1898), der von 1857 bis 1862 hier wohnte. Es gab in Zürich mehrere Häuser mit dem Namen Sankt Urban, dem Patron des Weinbaus. Bis 1880/81 hiess die Gasse [street]; die Umbenennung erfolgte, weil es auch in Aussersihl eine Gasse dieses Namens gab.",St. Urbangasse,1,1880
zs_f58811509473,"Benannt nach dem vermutlich im 18. Jahrhundert erbauten Landgut zum Obstgarten, Obstgartensteig 2, das seit 1907 als städtische Sozialinstitution genutzt wird.",Obstgartenstrasse,6,1893
zs_100e801022ae,"Max Bill (1908-1994): Maler, Bildhauer und Politiker. Besuchte 1924-1927 die Kunstgewerbeschule in Zürich, ging dann für ein Jahr ans Bauhaus nach Dessau. 1937 trat Max Bill der Künstlervereinigung Allianz bei und bildete mit Richard Paul Lohse u. a. den harten Kern der Zürcher Konkreten. 1950 war er Mitbegründer der Hochschule für Gestaltung in Ulm; er entwarf 1951 deren Gebäude und wirkte bis 1956 als Rektor. 1957 eröffnete er in Zürich wieder ein Atelier. Im Rahmen seines politischen Engagements vertrat er den Landesring der Unabhängigen LdU 1961-1968 im Zürcher Gemeinderat und 1967-1971 im Nationalrat. Der vielfach geehrte Max Bill (u. a. 1968 Kunstpreis der Stadt Zürich) gehört zu den international bedeutenden Vertretern der konstruktiv-konkreten Kunst.

Plaque: Max Bill (1908-1994)
Konstruktiver und konkreter Architekt
Grafiker, Designer und bildender Künstler",Max-Bill-Platz,11,1996
zs_9aabb811cd4d,"Ernst Gagliardi (1882-1940): Historiker. Gagliardi war Professor für Allgemeine und Schweizer Geschichte an der Universität Zürich von 1919 bis 1940. Er abeitete 1931-1937 mit am Handschriftenkatalog der Stadtbibliothek Zürich, der heutigen Zentralbibliothek, und publizierte vor allem zur Schweizer Geschichte und über Persönlichkeiten wie Alfred Escher, Hans Waldmann und Otto von Bismarck. Ernst Gagliardi erhielt 1939 den Gottfried-Keller-Preis.

Plaque: Ernst Gagliardi (1882-1940)
Professor für Neuere Geschichte
an der Universität",Gagliardiweg,11,1949
zs_27187c6f8388,"Flurname, d. h. künstlich bewässerte Wiese.",In der Wässeri,9,1959
zs_abfdae7e9618,"Strasse, die an die erste schweizerische Landesausstellung 1883 in Zürich erinnert. Hier stand ein Teil der grossen Ausstellungshallen, etwa jene für Maschinen.",Ausstellungsstrasse,5,1882
zs_d70bdcb63ca7,"Baum- und Fruchtname, Mundartform «Chriesi» für Kirsche.",Chriesiweg,9,1933
zs_ca348d0cc227,"Deutet den Übergang vom umliegenden Gebiet in den ETH-Campusbereich an. Der [Name] ersetzt im nordwestlichen Teil die bestehende Schafmattstrasse, die nach Realisierung des [Name] aufgehoben wird. Der Name Höngg geht auf «Hoinga» (820) zurück und bezeichnet die auf der Höhe wohnenden Leute.",Hönggerbergring,10,2010
zs_ef7d118c46b8,"Emil Egli (1848-1908): Professor für Kirchengeschichte an der theologischen Fakultät der Universität Zürich von 1889 bis 1908. Egli erforschte die schweizerische Reformationsgeschichte, war Pfarrer in Aussersihl, beteiligte sich an der Gründung des Zwingli-Vereins 1897 und des Zwingli-Museums (1899-1968) und war ab 1897 Redaktor und Autor der Zeitschrift «Zwingliana».

Plaque: Emil Egli (1848-1908)
Pfarrer in Aussersihl, Professor für
Kirchengeschichte an der Universität",Eglistrasse,4,1917
zs_4f6402065810,"Seitenweg zur Jungholzstrasse, zu einem mittlerweile verschwundenen, zur Zeit der Strassenbenennung jungen Wald in Seebach.",Jungholzweg,11,1925
zs_7b61559d2e40,Weg zwischen dem Friesenbergbach und einer eingezäunten Wiese.,Hagwiesenweg,3,1900
zs_08c3206fc2e0,"Ursprünglich ein Feldweg in Aussersihl, an dem als eines der ersten Gebäude das 1867 erbaute und 1933 abgetragene Haus zur Pflanzschule, [Name] 33, lag. Der Weg wurde 1882 zur Strasse ausgebaut. Der verbreitete Haus- und Strassenname Pflanzschule kann für einen Gartenplatz stehen, auf dem junge Pflanzen gezogen werden, im übertragenen Sinn aber auch für eine Erziehungsanstalt oder für ein Mittel zur Charakterbildung. Welche Bedeutung für die [Name] in Aussersihl zutrifft, ist nicht zu entscheiden.",Pflanzschulstrasse,4,1882
zs_7679dda2a708,"Das Talbächlein ist der unterste, 450 Meter lange Bach in Altstetten, der vom Uetliberg her kommt und der Limmat zufliesst.",Talbächliweg,9,1966
zs_9e38ff972947,Der Flurname «Gewande» (1331) bezeichnet eine Parzelle resp. die Unterteilung eines Rebberges in eine obere und eine untere Hälfte oder Gewande des durch einen Weg geteilten Rebberges. Der [Name] führt also an diesen Parzellen des Rebberges vorbei.,Gwandensteig,10,1971
zs_eb7c44fd25c2,Theodor Körner (1791-1813): Deutscher Dramatiker und Dichter von Freiheitsliedern gegen die napoleonische Fremdherrschaft. Körner starb als Mitglied des Lützowschen Freikorps im Befreiungskrieg und wurde so zu einer patriotischen Identifikationsfigur in Deutschland.,Körnerstrasse,4,1894
zs_4ed9f2367636,"Der Strassenname geht auf das 1127 gestiftete Augustiner-Chorherrenstift St. Martin auf dem Zürichberg, dessen Kreuzgang sich bis ins 19. Jahrhundert erhalten hat, zurück. Das Chorherrenstift lag an der Stelle des heutigen Restaurants Altes Klösterli.",Im Klösterli,7,1937
zs_7753f637a396,Die zurzeit der Strassenbenennung bekannten Albisrieder Schweinehändler Keller waren dort Liegenschafts- und Grundstücksbesitzer.,Kellerweg,9,1932
zs_45a981528951,"Um 1880 angelegte Privatstrasse in Aussersihl, die 1889 zur öffentlichen Strasse erklärt wurde. Der Name wurde wohl von den ersten noch privaten Eigentümern der Strasse gewählt, vielleicht weil der Weg damals in einer wenig überbauten, gewissermassen noch «grünen» Gegend lag.",Grüngasse,4,1889
zs_a8897e2b5530,"Benannt nach dem Haus zur Stegen, Storchengasse 10.",Stegengasse,1,1915
zs_8c44837e54ca,Der Name des Weges bezieht sich auf dessen Lage am Rande der Weiden beim Gänziloo.,Waidmattweg,3,1997
zs_494d953471ff,"Alfred Strebel (1884-1943): Letzter Gemeindepräsident von Albisrieden 1926-1933 und SBB-Beamter.

Plaque: Alfred Strebel (1884-1943)
Gemeindepräsident von Albisrieden
vor der Eingemeindung, 1926 bis 1933",Alfred-Strebel-Weg,9,1960
zs_ba3c99959cd4,"Zur Elektrifizierung der Bahnen haben die Bundesbahnen 1924 ein Unterwerk, eine Transformatorenstation, mit einer Erschliessungstrasse errichtet. Die Strasse ist 1977 ausgehoben und durch eine neue Strasse auf der anderen Seite des gleichen Grundstückes ersetzt worden.",Unterwerkstrasse,11,1924
zs_fcc9c2173f88,"Gustav Adolf Kenngott (1818-1897): Deutscher Mineraloge. Von 1856 bis 1893 wirkte er als Professor für Mineralogie am Eidgenössischen Polytechnikum Zürich (Direktor 1875-1881) und von 1857 bis 1893 in gleicher Funktion an der Universität Zürich. Kenngott publizierte 1866 das Werk «Die Minerale der Schweiz», das noch heute Anerkennung findet, und erhielt zahlreiche in- und ausländische Auszeichnungen.

Plaque: Adolf Kenngott (1818-1897)
Professor für Mineralogie
an der ETH und an der Universität",Kenngottweg,6,1912
zs_8e74bf4c0a3f,"Sustenpass in den Kantonen Bern und Uri, Übergang von Meiringen im Haslital nach Wassen (2264 m. ü. M.).",Sustenweg,9,1933
zs_61d1c881d931,"Fritz Lamprecht (1875-1955): Pionier der Kautschukverarbeitung in der Schweiz, Gründer der Gummiwarenfabrik Lamprecht. Verlegte 1911 seine Produktionsstätte an die benachbarte [street]. Die Lamprecht AG hat heute ihren Firmensitz in Regensdorf.

Plaque: Fritz Lamprecht (1875-1955)
Pionier der Kautschukverarbeitung in der Schweiz",Lamprechtweg,11,1996
zs_70810c49c779,Übernahme des Namens der Siedlung [Name] der Baugenossenschaft für neuzeitliches Bauen für die Quartierstrasse unterhalb der Winzerstrasse.,Winzerhalde,10,1959
zs_717c563d60b4,Höhenzug im Kanton Zürich zwischen Töss und Thur am Rhein.,Irchelstrasse,6,1893
zs_e1148ac5f467,"Flurname, der sich von «Stalde» herleitet. Bedeutet steiler Weg, der nur mit Mühe überwunden werden kann, Abhang, Halde oder abschüssige Strasse.",Gstalderweg,2,1956
zs_a45d13a8fd67,"Flurname «Glattwiesen», Wiesen an der Glatt, dem ruhig oder «glatt» fliessenden Seeabfluss aus dem Greifensee in den Rhein.",Glattwiesenstrasse,12,1951
zs_3b47e472d901,"Mit Ginkgobäumen gesäumter und in roter Farbe gehaltener Fuss- und Radweg zwischen Hardturmstrasse und Bahnhof Hardbrücke, welcher dem früheren Industriegeleise folgt.",Gleisbogen,5,2006
zs_18a7237bf5b4,Der Bachtel: Berg und bekannter Aussichtspunkt (1115 m ü. M) im Zücher Oberland.,Bachtelweg,11,1934
zs_14d136a139b1,Die Strasse befindet sich im Gebiet des auf das Hochmittelalter zurückgehenden Rodungshofs Köschenrüti. Der Name der Strasse stammt aus dem Bedeutungsfeld der bäuerlichen Arbeitsgeräte und der Traktor dient als typisches bäuerliches Fahrzeug.,Traktorenstrasse,11,2005
zs_87b69cce0357,"Platzanlage vor dem Hauptbahnhof Zürich, entstanden in den 1860er Jahren im Zusammenhang mit der Planung und dem Bau des Bahnhofquartiers, insbesondere mit der 1863-1864 angelegten unteren Bahnhofstrasse und dem 1865-1871 neu erbauten Bahnhofgebäude.",Bahnhofplatz,1,1863
zs_4aef97bda05f,Strasse zum und auf dem Grat des Uetliberges.,Gratstrasse,3,1900
zs_84f8eb6f53bf,"Innenhof, entstanden in den Jahren von 1878 bis 1888 im Zusammenhang mit der Neugestaltung des Kratzquartiers und dem Bau eines repräsentativen Häusergevierts zwischen Bahnhofstrasse und Fraumünsterstrasse. Der Hof liegt an der Stelle des einstigen [Name], des 1878 abgebrochenen einstigen Amtsgebäudes des Klosters Kappel am Albis in Zürich.",Kappelerhof,1,1886
zs_d0945ce1d9c4,"«Fach» ist ein anderer Ausdruck für Beet, nämlich der markierte Teil eines Grundstücks von Kulturland, eines Weinberges oder Gemüsegartens.",Langfachweg,10,1932
zs_2afebf61bda9,Abfahrtsrampe von der Hardbrücke ans Sihlquai beim [street].,Sihlquai-Südrampe,5,1972
zs_150d6f70aaa2,"Rudolf Clausius (1822-1888): Professor für Physik am Polytechnikum Zürich (ab 1911 Eidgenössische Technische Hochschule ETH) und an der Universität Zürich von 1855 bis 1867. Rudolf Clausius gilt gemeinsam mit William Thomson als Begründer der mechanischen Wärmetheorie, der Thermodynamik.",Clausiussteig,6,1906
zs_eb64232f8f48,"Blumenname, Schwertliliengewächs. Der [Name] hiess vor 1933 Narzissenweg.",Gladiolenweg,9,1933
zs_e5ae79558dc0,"Die Neumühle wurde um 1648 bei der Niederdorpforte angelegt. Hier wurde 1805 die Maschinenfabrik Escher Wyss gegründet, die von 1892 bis 1895 ihre Werke ins Hardquartier verlegte.",Neumühlequai,1+6,1909
zs_1d3693d04d55,"Baumname, verweist auf die Bepflanzung dieses Platzes in Zürich-Altstetten.",Lindenplatz,9,1953
zs_28e6e0f2879e,"Weg durch das Ried, dürfte hier für gerodetes Waldstück stehen, kann aber auch feuchter Boden oder Weideland bedeuten, das bepflanzt worden ist.",Riedweg,10,1932
zs_1e182a200826,Flurname für einen Wald mit Haselsträuchern.,Haselholzweg,2,1956
zs_c767fad58ae9,"Strasse am Hügel oberhalb des drei Kilometer langen Wehrenbachs. Das seit 1347 Werrenbach genannte Gewässer wurde schon früh gestaut, d.h. mit Wehren verbaut, um die Wasserkraft für den Antrieb von Mühlen zu nutzen, etwa jenen in Trichterhausen oder Hirslanden.",Wehrenbachhalde,7,1960
zs_2ef17866da93,"Der [Name] ist Fortsetzung der Waltersbachstrasse zum Drahtschmidli. Der Name leitet sich vom Waltersbach ab, der am Geissberg entspringt und auf den männlichen Vornamen Walter zurück geht.",Waltersteig,6,1894
zs_24ff3ed22495,"Flurname «Räffel», der im Zusammenhang mit der Bearbeitung von Hanf und Flachs steht. Nach der Ernte werden die Stängel des Flachses oder Hanfes geräffelt oder geriffelt, indem sie durch das Riffelbrett gezogen werden, um die Samenkapseln vom Stängel abzustreifen.",Räffelstrasse,3,1934
zs_a3bec19534dd,Naherholungsgebiet in Schlieren oder nördlicher Vorberg des Urirotstockes Schlieren von 2830 Metern Höhe.,Schlierenberg,9,1951
zs_95167a8fc00f,"Gasse im neuen, in den 1860er Jahren angelegten Bahnhofquartier. [Name] heisst die Gasse in Erinnerung an das Schützenhaus am Platz (1571-1899), Bahnhofquai 7. Der Platz war der Schützenplatz, auf dem seit dem 14. Jahrhundert bis zur Eröffnung des Bahnhofes 1847 geschossen wurde. Das Schützenhaus wurde danach eine Wirtschaft und wichtiges Versammlungslokal in der Stadt Zürich. Von 1860 an hatte der Konsumverein Zürich seinen Sitz im Schützenhaus.",Schützengasse,1,1863
zs_223d6e72aef9,"Benannt nach der im Waldgebiet Looren gelegenen, 1927 erbauten Villa Loorengut, Eschenhaustrasse 39.",Loorengutweg,7,1956
zs_51e4b4520266,Der Weg wurde 1941/42 von polnischen Internierten angelegt.,Polenweg,9,1956
zs_e6fd451e71cd,"Römische Göttin des Ackerbaus, der Fruchtbarkeit und der Ehe.",Ceresstrasse,8,1910
zs_ba248d06689c,"Der Name stammt vom gleichnamigen Flurnamen «Römerholz». Dabei handelt es sich um eine Bezeichnung eines Waldstücks im Adlisbergwald, das vermutlich zum Römerhof in Hottingen gehörte, Klosbachstrasse 93 (1899 abgetragen). Der Hof ist nach deren Besitzerin, der Familie Römer, benannt. Urkundlich belegt ist, dass 1707 ein Johannes Römer im Adlisberg Wald verkaufte.",Römerholzstrasse,7,1956
zs_a9c908a12b87,"Benannt nach dem in unmittelbarer Nähe gelegenen, anstelle der 1897 abgebrannten Karolinenburg erbauten Haus zur Maienburg, Forsterstrasse 40 (früher Freudenbergstrasse 53).",Maienburgweg,7,1928
zs_425b256a065d,"Marie Meierhofer (1909-1998): Psychiaterin und von 1948 bis 1952 Stadtärztin von Zürich. Sie gründete 1957 das Marie-Meierhofer-Institut für das Kind.

Plaque: Marie Meierhofer (1909-1998)
Psychiaterin Stadtärztin 1948 bis 1952
Gründerin des Marie-Meierhofer-Instituts
für das Kind 1957",Marie-Meierhofer-Weg,7,2005
zs_829f1beb131b,"«Kämbel» oder «Kemmel» ist der mittelhochdeutsche Ausdruck für Kamel. Zum Kämbel heisst das Eckhaus zum Münsterhof, Münsterhof 18, wenigstens seit dem Jahr 1455. Von 1487 bis 1798 war es das Zunfthaus der Kleinhändler, die sich nach dem Haus Zunft zum Kämbel nannten.",Kämbelgasse,1,1865
zs_3453fa653eed,Strasse zum Weiler Stettbach in der Gemeinde Dübendorf.,Stettbachstrasse,12,1932
zs_7919162fc535,Die Güter in der Nähe waren dem Chorherrenstift zum Grossmünster zinspflichtig.,Chorherrenweg,10,1932
zs_434dce763cc5,"Benannt nach dem Haus zum Rothen Ackerstein an der Limmattalstrasse 9, dem wahrscheinlich ältesten, aus dem Jahre 1674 stammenden Landsitz in Höngg. Der Ackerstein soll ein grosser, roter Findling gewesen sein, der gemäss Hausinschrift als Baumaterial für das Haus verwendet wurde.",Ackersteinstrasse,10,1932
zs_00ed8c756ab4,"Tadeus Reichstein (1897-1996): Schweizer Chemiker und Botaniker. Er erhielt 1950 den Nobelpreis für Medizin in Anerkennung für die Hormonforschung: Isolierung der Steroide der Nebennierenrinde, vor allem des Cortisons.

Plaque: Tadeus Reichstein (1897-1996)
1950 Nobelpreis für Meditin in Anerkennung für die Hormonforschung:
Isolierung der Steroide der Nebennierenrinde, vor allem des Cortisons.",Tadeus-Reichstein-Weg,10,2013
zs_339f18a2eb28,"Benannt nach den Besitzern des Gutes Rietberg und des Rieterparks, der Familie Rieter aus Winterthur, die auch in der Gegend der nachmaligen [Name] Land besass und an der Erstellung der Strasse beteiligt war. Die Industriellen- und Kaufmannsfamilie Rieter hatte das Gut 1871 von der Familie Wesendonck erworben; seit 1945 gehört es der Stadt Zürich. Fritz Rieter-Bodmer (1849-1896) war 1892 Bürger von Enge geworden und hatte, obwohl ein vielgereister Kaufmann, aktiv in der Gemeinde mitgewirkt. Die Benennung in [Name] statt in Sihlrainstrasse war 1891 auf ausdrücklichen Wunsch aller Anstösser und auch von Fritz Rieter hin erfolgt.",Rieterstrasse,2,1891
zs_3e6f0e3f246b,"Im Jahr 1876 angelegte Verbindungsstrasse in Riesbach, benannt nach dem Namen des 1853 erstellten und 1945 abgetragenen Eckhauses an der Seefeldstrasse. Dahlien waren bereits im 19. Jahrhundert auch in unserer Gegend beliebte Zierpflanzen.",Dahliastrasse,8,1876
zs_8a27325f9022,"Ehemaliger Weiler an der Limmat, um [Name] 67, der nach einem Findling, dem breiten Stein, benannt worden sei.",Breitensteinstrasse,10,1893
zs_e994ea0d521e,"Eine seit dem 15. Jahrhundert in Albisrieden nachgewiesene, mittlerweile ausgestorbene Familie, ursprünglich Lybenstal.",Liebensteinstrasse,9,1933
zs_284d7dcb5221,"Benannt nach einem kleinen Gebäude in den Reben im Glaubten, das als Ökonomiegebäude oder Gartenhäuschen für Ausflüge genutzt wurde.",Rebhüsliweg,11,1934
zs_d5ccc2653e73,"Flurname (1415), aus «Schuposs», für ein Bauerngut von etwa 12 Jucharten Grösse, dem vierten Teil einer Hube.",Schuppisstrasse,11,1929
zs_437a003f94ed,"Strasse, die am Saumacker, dem am Rand des angebauten Gebietes liegenden Ackers, vorbei geht.",Saumstrasse,3,1894
zs_8381b9a7d420,"Urania ist der Name der griechischen Muse der Sternkunde. Sie war Namensgeberin für die Genossenschaft Urania, die neben der 1864 eröffneten Eidgenössischen Sternwarte der ETH von Gottfried Semper, die der Öffentlichkeit nicht zugänglich war, ein Wohn- und Geschäftshaus mit einer Volkssternwarte in Auftrag gab. Dieser Bau wurde 1905-1907 an der [Name] 9 durch den Stadtbaumeister Gustav Gull errichtet.",Uraniastrasse,1,1905
zs_66bf37632f48,"Saum mit der Bedeutung Rand oder Grenze, d. h. ein Acker, der beispielsweise an den Waldrand grenzt. Die [Name] grenzt zudem südöstlich an Albisrieden.",Saumackerstrasse,9,1915
zs_dcba5167a24b,"Heinrich Kleinert (1853-1913): Politiker und Bankrat. Letzter Gemeindepräsident des 1893 nach Zürich eingemeindeten Wipkingen 1883-1892, danach Mitglied des Grossen Stadtrats (Gemeinderat).

Plaque: Heinrich Kleinert (1853-1913)
Letzter Gemeindepräsident von Wipkingen 1883 bis 1892",Kleinertstrasse,10,1918
zs_49cdc9616637,"Herzog Berchtold V. von Zähringen (gest. 1218): Reichsvogt von Zürich und Stifter des Spitals von Zürich gegen Ende des 12. Jahrhundert. Die Strasse wurde um 1878 im ehemaligen Spitalquartier auf Kosten der Häuser, Gärten und Friedhöfe zwischen der Niederdorfstrasse und dem Seilergraben errichtet. Das Quartier nannte man von da an Zähringerquartier.",Zähringerstrasse,1,1877
zs_90df611be89a,"Flurname für eine «Anwand», die an eine «Hegi», eine Einzäunung oder einen Hag, anstösst. «Anwand» bezeichnet das Ende des Ackers, an dem der Pflug gewendet wird.",Hegianwandweg,3,1898
zs_d8a3e28becbd,"Verbindungsweg zwischen Nord- und Rousseaustrassse unterhalb der Nürenbergstrasse. Der Weg bildet die unmittelbare Fortsetzung der Nürenbergstrasse bis zur Rousseaustrasse. Benannt nach einem Landgut zum Nürenberg, dessen Gebäude 1924 und 1942 abgetragen wurden. Der Name geht vermutlich auf einen Besitzer aus der ausgestorbenen Zürcher Familie Nürenberger zurück.",Nürenbergweg,10,1931
zs_a664ef0cb757,"Ehemaliger Stadtgraben zwischen dem Niederdorftor und dem Neumarkttor als Teil der mittelalterlichen Befestigung, der 1780 eingeebnet wurde. Der eingeebnete Graben diente fortan dem Handwerk der Seiler als Werkplatz, daher der Name. Ab 1790 entstanden längs den alten Stadtmauern auch Schöpfe und Magazine, aus denen im 19. Jahrhundert die meisten der heutigen Bauten am [Name] hervorgingen.",Seilergraben,1,1865
zs_4f4bc8c2abcc,"Tiername «Gugger», mundartliche Bezeichnung für den Kuckuck.",Guggerweg,6,1930
zs_bef4fcb69edc,"Flurname «Gretenächerli» (1737), «uf der Greti» (1751) oder «Greten», Eigentum einer Grete (volkstümlicher Name von Margarethe).",Gretenweg,2,1894
zs_6a9639c440b6,"Flurname, vermutlich mit der Bedeutung «Grund», d. h. tief gelegenes Grundstück.",Grundstrasse,9,1910
zs_25fa0f45e28c,Rudolf von Erlach (gest. 1360): Anführer der Berner in der für sie siegreich verlaufenen Schlacht bei Laupen 1339.,Erlachstrasse,3,1896
zs_a32088e96dd4,"Flurname «Im Lochen», was auf lichtes Gehölz hinweist.",Lochenweg,2,1968
zs_8996902f0df9,"Die Strasse wurde zur Erinnerung an die 1814 gegründete Firma Reishauer-Werkzeuge AG benannt, die hier bis 1977 ihren Firmensitz hatte. Der heutige Firmensitz befindet sich in Wallisellen, Industriestrasse 36.",Reishauerstrasse,5,1932
zs_4759430a6d5d,"Flurname im Zusammenhang mit einer «Müli genannt Stampflibrunnen», wohl einer Stampfmühle, einem mechanischen Stampfwerk zur Bearbeitung von zum Beispiel Gerste, Ölkernen, Hanf oder Flachs.",Stampfenbrunnenstrasse,9,1907
zs_1ca1738c956d,"Friedrich Hegar, eigentlich Eduard Ernst Friedrich Hegar (1841-1927): Musiker und Komponist. Hegar war seit 1863 in Zürich tätig, von 1868 bis 1906 als Dirigent des Tonhalle-Orchesters und von 1876 bis 1914 als Leiter das Konservatoriums für Musik, das auf seine Initiative hin gegründet wurde. Er wurde 1889 Ehrendoktor der Universität Zürich.",Hegarstrasse,7,1909
zs_0de19a31a649,"Gustav Karl Wilhelm Heinrich (1874-1928): Maschinensetzer in der Genossenschaftsdruckerei Zürich und Zentralkassier der Allgemeinen Baugenossenschaft Zürich.

Plaque: Gustav Heinrich (1874-1928)
Förderer des gemeinnützigen Wohnungsbaus",Gustav-Heinrich-Weg,2,1928
zs_bf18b373c864,"Benannt nach dem Haus zum Seegarten, einem Landgut, das vor 1812 errichtet und 1895 abgetragen wurde.",Seegartenstrasse,8,1896
zs_cf7795676763,Der [Name] verläuft entlang der Stadtgrenze zur Gemeinde Kilchberg.,Grenzsteig,2,1917
zs_0a255bfe8911,"Strasse durch die alte, bereits im Jahr 946 erwähnte Ortsgegend Stampfenbach in Unterstrass, benannt nach einem Bach mit einer Stampfe oder Stampfmühle. Eine Stampfmühle war eine Mühle, die mittels eines Stampfwerks zum Beispiel Gerste, Ölkernen, Hanf oder Flachs zerkleinerte. Die [Name] hatte ihren Ausgangspunkt bei den Stadttoren beim heutigen [street] und wurde auch Strasse nach Schaffhausen oder untere Strasse genannt. Sie endete beim Wyssen Haus, dem Gemeindehaus von Unterstrass, bei der heutigen Einmündung der Wasserwerkstrasse. 1860 ist die Strasse als neue Beckenhofstrasse durch den ehemaligen Garten des Landgutes zum Beckenhof, der bis an die Limmat hinunter reichte, bis zur Krone Unterstrass verlängert worden. 1934 ist die neue Beckenhofstrasse als Teil der [Name] erklärt worden und die Bezeichnung der ehemaligen Beckenhofstrasse als alte Beckenhofstrasse fiel wieder dahin.",Stampfenbachstrasse,1+6,1878
zs_5651709b7fa7,"Wahrung des Friedens war eine Aufgabe des Bezirksgerichts Zürich, das von 1859 bis 1916 im damals neuen Bezirksgebäude an der Selnaustrasse 9 tagte. Das Gericht sollte auch Gerechtigkeit walten lassen, weshalb die benachbarte Parallelgasse Gerechtigkeitsgasse getauft wurde.",Friedensgasse,1,1863
zs_4038f0b90cd5,"Benannt und erstellt zunächst als Zugangsweg zur Kanzlei der ehemaligen Ausgemeinde Aussersihl. Die Kanzlei befand sich von 1852 bis 1882 im damaligen Haus Badenerstrasse 60, das 1852 von der politischen Gemeinde als Gemeinde- und Spritzenhaus erstellt worden war. Ab 1882 war die Gemeindeverwaltung im Feldhof an der Badenerstrasse 108 untergebracht. Dort wurde nach der Eingemeindung von 1893 das Kreisbüro von Aussersihl eingerichtet.",Kanzleistrasse,4,1882
zs_49ddeeca1434,"Regensdorf als «Reginesdorf» (Dorf des Regino) und «Reganesdorf» ist urkundlich erstmals im Jahr 870 erwähnt, abgeleitet vom altdeutschen Personennamen Ragan, Ragin, d. h. «Rat», «Ratschluss der Götter».",Alte Regensdorferstrasse,10,1980
zs_1b7cd0ee37cd,Friedrich Adolf Siewerdt (1837-1901): Mitgründer der Werkzeug- und Maschinenfabrik Oerlikon.,Siewerdtstrasse,11,1927
zs_1bf86b8234cc,"Alte Ortsgegend in der Enge (Bedergasse), benannt nach der Familie Beder. Bartholomäus Beder kam um 1620 nach Zürich und wurde 1649 Bürger von Enge. Im 19. Jahrhundert bekannt war die Mechanische Seidenzwirnerei, die Hans Jakob Beder (1800-1876) im Jahr 1840 gründete. Er führte erfolgreich neue Produktionsmethoden ein und exportierte seine Waren vor allem nach Oesterreich und Sachsen. In der männlichen Linie erlosch die Familie 1930 mit dem Tod von Robert Beder (1885-1930), der zuletzt Professor für Geologie und Mineralogie an der Universität Córdoba in Argentinien war. Überliefert ist eine Chronik, die in der Familie Beder von 1620 bis 1750 geführt wurde.",Bederstrasse,2,1877
zs_fcf652c76d70,"Jean Rudolf von Salis (1901-1996): Historiker, Schriftsteller und Publizist. 1935-1968 Professor für Geschichte an der ETH Zürich. 1940 vom Bundesrat beauftragter Vermittler sachlicher Analysen zum Kriegsgeschehen, welche er in der wöchentlichen Radiosendung «Weltchronik» bis 1947 weiterführte. 1946-1965 Mitglied der schweizerischen UNESCO-Kommission und Delegierter bei den Generalkonferenzen der UNESCO. 1951 und 1960 erschien sein historisches Hauptwerk «Weltgeschichte der neuesten Zeit».

Plaque: Jean Rudolf von Salis (1901-1996)
Historiker, Schriftsteller und Publizist.
Professor für Geschichte an der ETH von 1935 bis 1968",J.-R.-von-Salis-Anlage,1,2006
zs_4181622bd25f,"Benannt nach dem wegen seiner Farbe zur roten Wand genannten Haus, das die Gemeinde Aussersihl 1813 erwarb. Es diente als Schulhaus, später auch als Armenhaus und Gemeindegefängnis, das 1873 abgetragen wurde.",Rotwandstrasse,4,1869
zs_5431896435ee,Strasse zum kleinen See an der Grenze zur Gemeinde Regensdorf.,Katzenseestrasse,11,1933
zs_5e7395d9e9a3,Benannt nach dem nördlich der Triemlistrasse in den Döltschibach mündenden Läufebach. Eine «Läufi» bezeichnet eine Lichtung oder eine für den Transport von Holzstämmen und Stauden eingerichtete Holzbahn im Wald.,Läufebachweg,9,1933
zs_e18ca4c462c6,"Fussweg in der Verlängerung der Drahtzugstrasse. Benannt nach der Häusergruppe längs des Hornbaches in Zürich-Hirslanden, wo bereits 1498 eine Hammerschmiede stand. Die Schmiede wird 1747 als Drahtschmiede bezeichnet. In dieser wurde bis gegen Ende des 19. Jahrhunderts mittels eines Drahtzuges Kupfer- oder Messingdraht hergestellt.",Drahtzugsteig,7,2011
zs_55a3bd2585ed,"Weg entlang dem Stöckentobelbach, der nach den Wurzelstöcken im Boden benannt ist.",Stöckentobelweg,7,1939
zs_857860d944d8,Baum- und Strauchname: häufig vorkommender Laubbaum.,Birkenweg,10,1997
zs_a0986f18e274,"Flurname «Wile» (1367): aus lateinisch villa oder häufiger aus der lateinischen Ableitung villare, die durch deutsche Anfangsbetonung zu wilari, wilere, Wil geworden ist. Bedeutung: Landgut oder Bauerngehöft aus spätrömischer Zeit.",Im Wyl,3,1929
zs_d09da77503eb,Der Name der Strasse erinnert an den Fabrikkanal durch die Allmend Brunau in die Papierfabrik an der Sihl.,Kanalstrasse,3,1896
zs_ef93133d538d,Querverbindung vom neuen Dorfzentrum Oerlikon zum Franklinplatz.,Querstrasse,11,1898
zs_25aebdf55b1a,Strasse in der ersten Kolonie der Siedlungsgenossenschaft [Name].,Sunnige Hof,12,1943
zs_8b18cde3dadd,"Haus zum Phönix, Zürichbergstrasse 19. Der Haus- und Strassenname geht zurück auf den aus der griechischen Mythologie stammenden Vogel mit der Eigenschaft, aus seiner eigenen Asche wieder neu zu erstehen.",Phönixweg,7,1894
zs_0dfb6d075639,"Wassergrube oder Teich, der genutzt wurde um Hanf oder Flachs einzuweichen oder zu «rossen».",Hanfrose,3,1939
zs_c8ed41a2ef6b,"Regina Kägi-Fuchsmann (1896-1972): Mitbegründerin und Geschäftsführerin des Schweizerischen Arbeiterhilfswerks SAH und engagierte Frauenrechtlerin. Sie setzte sich zeitlebens für Flüchtlinge ein.

Plaque: Regina Kägi-Fuchsmann (1896-1972)
Zürcher Sozialistin
Mitbegründerin des Schweizerischen Arbeiterhilfswerks",Regina-Kägi-Strasse,11,1996
zs_3b4bd1f4d20d,"Die [Name] führt über die ehemaligen Güter eines einstigen Landsitzes, der im 19. Jahrhundert der alten Zürcher Familie Scheuchzer gehörte und deshalb Scheuchzergut genannt wurde; unter anderem war der Stadtrat, Assyriologe und Maler August Scheuchzer (1812-1876) Besitzer des Gutes. Der bedeutendste Vertreter des Geschlechtes war der Universalgelehrte und Stadtarzt Johann Jakob Scheuchzer (1672-1733), der durch naturwissenschaftliche Publikationen bekannt wurde und der Mitglied zahlreicher gelehrter Gesellschaften und Akademien des Auslandes war.",Scheuchzerstrasse,6,1883
zs_9736e78c7ae5,"Der [Name] befindet sich am nördlichen Ende der Überbauung Sihlcity, die am Fuss des Üetlibergs liegt. Uto ist die literarische Bezeichnung für den Üetliberg.

Plaque: «Uto»
lliterarische Bezeichnung
für den Uetliberg",Utoplatz,3,2006
zs_ec5c61015ee4,"Alte Ortsgegend und Häusergruppe in Riesbach. Der Name Lurei oder Laurey rührt von der Familie der Lur oder Laur her, die in Riesbach spätestens ab dem 16. Jahrhundert ansässig war. Als ein Lur wurde ein Schlaukopf und Schelm bezeichnet, einer der anderen auflauert. Vielleicht steht der Familienname ursprünglich damit in Zusammenhang.",Lureiweg,8,1868
zs_d1388889d335,"«Vogelsang» war ein seit dem Spätmittelalter häufig vorkommender Flur-, Haus- und Personenname; in Oberstrass hiess ein Ortsteil seit dem 15. Jahrhundert so. Als Ortsname könnte die Bezeichnung auf eine einst wald- und wasserreiche Gegend hindeuten, wo sich gerne Singvögel aufhielten.",Vogelsangstrasse,6,1883
zs_30997fe7af23,"Flurname: Bannwald, d. h. Wald, in welchem der Holzschlag verboten war.",Bannholzstrasse,6,1956
zs_d9a5ef7874fa,"Zur Erschliessung des 1853 durch die Stadt Zürich von der Gemeinde Enge erworbenen Gebietes in der Selnau zum Zwecke des Baues des Bezirksgebäudes, das 1857 an der Selnaustrasse 9 eröffnet wurde, ist 1854 eine eiserne Bogenbrücke über den Schanzengraben errichtet worden. Der ursprüngliche Name «Seldenouwe» hatte im Mittelhochdeutschen die Bedeutung von einer Wohnung, Herberge, einer «Selde», am Wasser, an einer Au.",Selnaubrücke,1,1893
zs_344ed32278b2,"Flurname «Kalchbühl», d. h. kleine Anhöhe (Bühl), wo Kalkstein (Kalch) gewonnen und gebrannt wurde.",Alte Kalchbühlstrasse,2,1935
zs_1a7a76e457d2,Der Rossberg (1583 m ü. M.) ist ein Höhenzug oberhalb Arth-Goldau am Zugersee (Kantone Zug und Schwyz).,Rossbergstrasse,2,1902
zs_db6f05592383,"Flurname «uff dem Buzt» oder «uff dem Butzen» (1511), Feldflur mit Pfahl und aufgestecktem Strohwisch oder einer Vogelscheuche als Verbotszeichen.",Butzenstrasse,2,1893
zs_6d7cbb248713,"Eine «Letzi», kurz für Letzigraben, war sowohl ein militärischer Schutzwall mit Wassergraben, als auch eine Abgrenzung im Weideland. Der [Name] erinnert an den inneren alten, 1333/34 erstmals erwähnten Letzigraben, der entlang des Walters- oder Kreuzbachs an die Limmat bis zum Drahtschmidli verlief, und den äusseren neuen, wohl um die Mitte des 14. Jahrhunderts entstandenen Letzigraben an der Spanweid mit dem vermutlich im Alten Zürichkrieg zerstören Krattenturm als Endpunkt.",Letziweg,6+12,1958
zs_66c044121fde,"Flurname «Matte» (Wiese) in der «Engi», d. h. in der schmalen, eng bemessenen Senke zwischen den Hügelzügen zu beiden Seiten der Waffenplatzstrasse.",Engimattstrasse,2,1916
zs_24fee56bd594,"Anna Heer (1863-1918): Chefärztin des Frauenspitals 1901-1918. Sie eröffnete 1901 die Schweizerische Pflegerinnenschule und leitete das diesem angeschlossene Frauenspital. Anna Heer gründete 1909 zusammen mit dem Roten Kreuz den Krankenpflegeverband Zürich und 1910 den Schweizerischen Krankenpflegebund, den sie bis 1916 präsidierte.

Plaque: Anna Heer (1863-1918)
Ärztin, Mitbegründerin der Schweizerischen Pflegerinnenschule",Anna-Heer-Strasse,6,1935
zs_3ef8b018ea21,Strasse zur schon 1466 erwähnten Magerwiese am Hönggerberg.,Hungerbergstrasse,10+11,1930
zs_e11a108bc2d8,"Die Benennung bezieht sich vermutlich auf «Maien», d. h. Blumenstrauss, da es in der unmittelbaren Umgebung noch weitere auf Pflanzen bezogene Strassennamen gibt.",Maienstrasse,11,1928
zs_8f1ca709fa99,"Der Name stammt von einem dort befindlichen Vergnügungsort, der sich in einer Scheune befand, an dessen Tor ein «Heuel», eine Eule, angeheftet war.",Oberer Heuelsteig,7,1911
zs_fa9cbd7481ee,"Gasse im Niederdorf, an der und um die herum es mehrere Werkstätten von Schmieden gab; das heutige Haus [Name] 6 hiess 1687 hintere Schmitte. Der Name ist seit dem 17. Jahrhundert gebräuchlich, im 15. Jahrhundert soll die Gasse noch Goldschmiedgasse geheissen haben.",Schmidgasse,1,1865
zs_5174e69ab256,"Bezeichnung für die 1976 erstellte Fussgängerverbindung entlang dem Schanzengraben, dem Graben der ehemaligen barocken Stadtbefestigung.",Schanzengrabenpromenade,1,1976
zs_d9293575d42f,"Verbindung zwischen der Ottenberg- und der Rebbergstrasse, die beide durch die ehemaligen Rebberge oberhalb der Limmattalstrasse führen.",Rebbergsteig,10,1933
zs_41a310dc35a5,"Im Jahr 1841 durch Uferaufschüttung entstandener Quai, der nach dem damaligen Stadthaus benannt wurde. Dieses stammte aus dem 16. Jahrhundert und lag auf der Höhe des Bauschänzlis am neuen Quai. Das Stadthaus war von 1803 bis zu seinem Abbruch im Jahr 1886 Sitz der Stadtverwaltung. An seiner Stelle steht heute der 1887 errichte Wohn- und Geschäftsblock, [Name] 1-7.",Stadthausquai,1,1865
zs_67208b0c5747,Benannt in Berücksichtigung der engen Beziehungen zwischen Bern und Zürich.,Bernerstrasse,9,1954
zs_6072e9e77b6d,"Strasse im neuen, in den 1860er Jahren angelegten Bahnhofquartier. Ihr Name ist wohl eine Reverenz an den Schweizerischen Bundesstaat, unter dessen Kantonen der Stand Zürich seit 1351 an erster Stelle genannt wird, vielleicht auch vor der alten, seit 1401 in der Stadt Zürich verbürgerten Familie Schweizer oder Schwyzer.

Plaque: Schweizer und Schwyzer
Alte Zürcher Familie",Schweizergasse,1,1863
zs_a03a353b7d45,"Robert Stephenson (1803-1859): Britischer Ingenieur und Mitbegründer des Eisenbahnwesens.

Plaque: Robert Stephenson (1803-1859)
Britischer Ingenieur und Mitbegründer des Eisenbahnwesens",Robert-Stephenson-Weg,4,2007
zs_0e62161f28c5,"Im Jahr 1314 erstmals sicher als die Gasse erwähnt, die «under oberen Zünen» lag. Die oberen und unteren Zäune könnten sich auf Palisaden als eine ältere Form der Stadtbefestigung beziehen, vielleicht aber auch auf Weingärten des Grossmünsters, die durch Zäune eingefriedet waren. Noch im 19. Jahrhundert gab es im Bereich der Zäune ausgedehnte Gartenareale.",Obere Zäune,1,1865
zs_316b2277562b,Tiername: ArtenreicheVogelart aus der Ordnung Sperlingsvögel. Als Flurname bezeichnet «Rain» einen Abhang oder eine Bodenerhöhung.,Finkenrain,11,1933
zs_ac45d53889a7,Zugang von der an der Forchstrasse gelegenen ehemaligen Mühle Hirslanden zur Mühlehalde.,Mühlehaldensteig,7,1923
zs_2cee107461b2,"Karl Attenhofer (1837-1914): Komponist, Sänger, Cembalist, Musikpädagoge. Attenhofer war ab 1859 Gesangs- und Musiklehrer in Muri AG und ab 1863 Musikdirektor in Rapperswil SG. Nach seinem Erfolg am Eidgenössischen Sängerfest 1866 wurde er an den Männerchor Zürich berufen, zuerst als Stellvertreter Wilhelm Baumgartners, dann als Hauptdirigent. Er war Leiter diverser Chöre (u. a. Männerchor Aussersihl, Studentengesangverein, Kirchenchor Melodia). Nach dem Eidgenössischen Sängerfest 1870 wurde er auch Musikdirektor der Universität Zürich und 1879-1885 Organist an der christkatholischen Augustinerkirche. Er war eng befreundet mit Friedrich Hegar.

Plaque: Karl Attenhofer (1837-1914)
Komponist
Musikdirektor in Zürich von 1866 bis 1914",Attenhoferstrasse,7,1915
zs_6050e3f62286,"Haus zum Hardgut (vor 1812-1949), [Name] 30. «Hard» bezeichnet einen als Weide benutzten, lichten Wald.",Hardgutstrasse,9,1905
zs_b75d92a424a6,"Flurname «[Name]», mit Eichen bewachsener Hang (Halde).",Eichhalde,7,1937
zs_f30c9c6eedc7,"August Forel (1848-1931): Professor für Psychiatrie an der Universität Zürich und Direktor der Heilanstalt Burghölzli 1879-1897. Vorkämpfer der Abstinenzbewegung, bedeutender Ameisenforscher.

Plaque: August Forel (1848-1931)
Leiter der Heilanstalt Burghölzli
Professor an der Universität
Vorkämpfer der Abstinenzbewegung",August-Forel-Strasse,8,1931
zs_aadba0ac07dc,"Name, der an die Wiesen oder Matten entlang der Limmat erinnert, die 1877 von der Stadt Zürich zur Anlegung des Industriequartiers bestimmt wurden. Es waren unter anderem die Oetenbachermatte und die Marstallermatte. Erstere war ursprünglich die Wiese des Klosters Oetenbach, Letztere die des städtischen Marstallamtes. Im Marstall hielt sich der Staat bis ins 18. Jahrhundert Pferde für verschiedene Zwecke. In der Bezeichnung versteckt sich das alte Wort Mähre für Pferd.",Mattengasse,5,1882
zs_5e0e9b6bfcb7,"Weg zur Dampfziegelei Heuried, die von 1876-1939 im Heuried den Lehmabbau und die Ziegelproduktion betrieb. Sie fusionierte 1906 mit der Ziegelei Albishof und 1912 mit der Mechanischen Backsteinfabrik in Zürich zu den Zürcher Ziegeleien.",Ziegeleiweg,3,1946
zs_fec392449fec,"Heidi Abel (1929-1986). Fernsehansagerin und -moderatorin. Besuch der Kunstgewerbeschule Basel. Anfangs bei der privaten Basler Radio- und Kabelgesellschaft Radibus, wechselte sie 1954 zum Schweizer Fernsehen, zunächst als Ansagerin, später v. a. als Moderatorin von Unterhaltungs-, Tier-, Kinder- und Musiksendungen. Dank ihrer grossen Ausstrahlung wurde Heidi Abel in der Deutschschweiz zur bekanntesten und beliebtesten Fernsehfrau und verkörperte in den 1950er und 1960er Jahren zu einem guten Teil das neue Medium. Beim Radio moderierte sie Talkshows und Wunschkonzerte.

Plaque: Heidi Abel (1929-1986)
Ansagerin un Moderatorin
beim Schweizer Fernsehen 1954 bis 1986",Heidi-Abel-Weg,11,1996
zs_0cdb6afa93b6,"Gasse, die bis 1863 zur alten Metzg sowie zum Schlachthaus, danach zur 1864/66 erbauten und bis 1962 bestehenden Fleischhalle an der Limmat führte. Bis 1865 hiess die Gasse Eselgasse, ein Name, der bereits im Jahr 1273 erwähnt wird. An der Eselgasse gab es auch ein Haus zum Esel, das allerdings schon 1796 in Wollenhof umbenannt wurde.",Metzgergasse,1,1865
zs_e6d0d333474e,Weg zum Pfarrhaus Zürich-Affoltern am [Name] 17.,Pfarrweg,11,1933
zs_bc5c0342306b,"Lokalname, möglicherweise in einem Zusammenhang mit der Familie Sommerauer, die schon um 1400 in Hirslanden erwähnt wird.",Sommerauweg,7,1937
zs_9ce4e5fb3537,"Gasse im Krautgarten, einem barocken Vorstadtquartier, das zwischen dem oberen [street] und dem heutigen Heimplatz liegt. Im 18. Jahrhundert bestand das Quartier aus einer Reihe von Wohnhäusern sowie einem Friedhof, der 1611 zur Zeit der Pest angelegt worden war und bis 1848 genutzt wurde. Der Friedhof trug ebenfalls den Namen Krautgarten, was auf die frühere Nutzung des Grundstücks als Gemüsegarten hindeutet. Seit 1955/58 steht auf ihm ein Erweiterungsbau des Kunstmuseums, durch welchen auch die [Name] berührt wird. Im Volksmund hiess die Gasse übrigens Hundskehre, eine Bezeichnung für enge Gassen oder Kehrplätze, in denen kaum ein Hund umkehren konnte.",Krautgartengasse,1,1878
zs_5a6a962851ff,"Das Grossmünster ist eine der drei Hauptkirchen der Altstadt und mit seinen Doppeltürmen das wichtigste Wahrzeichen der Stadt. Vom Grossmünster und seinem Leutpriester Ulrich Zwingli ging die deutschschweizerische Reformation aus. Der Friedhof des Grossmüsters grenzte direkt nördlich und südlich an die Kirche. Nach Aufhebung des Grossmünsterkirchhofs und der letzten Bestattung dort im Jahr 1786 wurde der Platz im Jahr 1812 planiert. Die Umbenennung des früheren unteren Kirchhofs in [Name] folgte spätestens im Jahr 1865. Das Grossmünster, ein vermutlich im 9. Jahrhundert gegründetes weltliches Kanonikerstift der Diözese Konstanz, wurde 1523 in ein reformiertes Chorherrenstift umgewandelt und 1832 aufgehoben. Patrone sind die Heiligen Felix und Regula, seit 1264 auch Exuperantius. Die auf dem rechten Limmatufer in der Altstadt gelegene evangelisch-reformierte Kirche ist das Wahrzeichen von Zürich. Sie wurde zwischen 1000 und 1230 in sechs Bauetappen anstelle eines Vorgängerbaus aus dem 9. Jahrhundert errichtet. Erstellung der Türme 1488-1492. Nach dem Brand des Glockenturms 1763 wurden die ursprünglich spitzen Helme 1781-1786 durch die heutigen achteckigen ersetzt.",Grossmünsterplatz,1,1865
zs_b04af5a30a00,Platz im Zentrumsneubau Friesenberg der Familienheim-Genossenschaft Zürich. Der Name leitet sich aus dem altdeutschen Personennamen Frieso her.,Friesenbergplatz,3,2013
zs_c214f9ddb148,"Gockhausen: Siedlung in der Gemeinde Dübendorf. Flurname «Goggenhusen» (1343), d. h. bei den Häusern eines Bauern namens Gogg.",Alte Gockhauserstrasse,7,1956
zs_052820022f6f,"Robert Walser (1878-1956): Schweizer Schriftsteller. Heute anerkannter Klassiker der modernen Literatur der deutschsprachigen Schweiz, in dessen Werk, obwohl er nur eine beschränkte Zeit seines Lebens (1896-1905) in Zürich verbrachte, die Stadt Zürich wichtige Spuren hinterlassen hat.

Plaque: Robert Walser (1878-1956)
Schriftsteller («Der Gehülfe»)",Robert-Walser-Gasse,1,2001
zs_f5e8bf9f17d7,"Flurname «Liebegg» im Albisrieder Wald, wo u. a. auch «Liebenseckhau» oder «Lübisegghau» belegt sind. «Egg» bezieht sich auf eine Bergrippe, Lieb wohl auf einen Eigennamen.",Liebiseggweg,9,1997
zs_6c36d96eb3d7,"Alter Verbindungsweg, der von der Enge her dem linken Seeufer entlang in Richtung Richterswil führt. Der Weg wurde in den 1830er Jahren zur fahrbaren Strasse ausgebaut und zwischen Wollishofen und Thalwil unter teilweiser Aufschüttung des Seeufers völlig neu angelegt. Auf dem Gemeindegebiet von Enge erhielt die Landstrasse dem See entlang den amtlichen Namen [Name] im Jahr 1877.",Seestrasse,2,1877
zs_cbedf4452726,"Otto Charles Bänninger (1897-1973): Zürcher Bildhauer, Kunstpreisträger der Stadt Zürich 1956. Sein Atelier befand sich am Ende der nach ihm benannten Sackgasse an der Hausnummer 7.

Plaque: Otto C. Bänninger (1897-1973)
Zürcher Bildhauer
Kunstpreis-Träger der Stadt Zürich 1956",Otto-C.-Bänninger-Weg,7,1998
zs_fa0185a89032,"Benannt nach der «Nürnberg» oder «Nürenberg» geheissenen Ortsgegend im alten Wipkingen. Um 1840 gab es dort vier Häuser, unter diesen das Nürnberggut, einen herrschaftlichen Landsitz aus dem 18. Jahrhundert, dessen Gebäude 1924 und 1942 abgetragen wurden. Vielleicht steht der Name im Zusammenhang mit dem ausgestorbenen Zürcher Geschlecht der Nürenberger.",Nürenbergstrasse,10,1888
zs_ae80ff3de149,"Der seit 1711 gebräuchliche Flurname leitet sich vom Rebberg der Familie Ott aus Zürich ab. Dieser Rebberg gehörte zum Schwertgut, Limmattalstrasse 111, das die Familie Ott im 17. Jahrhundert besass und auf den sie den Namen ihres Gasthofes zum Schwert auf der Rathausbrücke in Zürich übertrugen.",Ottenbergstrasse,10,1928
zs_d7c73989afc5,"Strasse entlang der ehemaligen Kesselschmiede der Maschinenfabrik Escher Wyss, in welcher bis 1940 auch Schiffe gebaut wurden und die deshalb Schiffbauhalle genannt wird.",Schiffbaustrasse,5,1995
zs_777df6f7e411,"Gotthard, Name des zentralen Gebirgsmassivs in der Schweiz und des wichtigen Alpenübergangs (2018 m. ü. M.) zwischen Mittel- und Südeuropa. In der Enge wurden um 1880/90 mehrere neue Strassen nach Schweizer Bergen benannt, der damals angelegte Quai am Zürichsee hiess zunächst Alpenquai.",Gotthardstrasse,2,1877
zs_602c111cba46,"Der Flurname «bi den Stüdlinen» (15./16. Jahrhundert) bezeichnet eine kleine Säule oder einen Pfosten und weist auf eine Wegmarkierung an der Heerstrasse, der heutigen Hohlstrasse, hin.",Stüdliweg,4,1931
zs_6525705e9e5e,"Benannt nach dem einstigen Dominikanerinnenkloster Oetenbach, das in der zweiten Hälfte des 13. Jahrhunderts vom Mündungsgebiet des so geheissenen Oetenbachs, dem heutigen Hornbach in Riesbach, in die Stadt verlegt wurde. Die Gebäude dienten dem Staat 1642-1900 als Zuchthaus. Der umfangreiche Gebäudekomplex wurde 1902/03 für die Anlage der Amtshäuser und der Uraniastrasse beseitigt.",Oetenbachgasse,1,1865
zs_f2f221bba1ea,"Strasse, die noch im 19. Jahrhundert durch das Gelände der Werdmühle führte. Ihren heutigen Verlauf nimmt die [Name] seit 1913. Die Werdmühle lag zwischen zwei Sihlkanälen. Der Name Werd bezeichnete eine Insel oder ein Gelände zwischen zwei Gewässern. Die Mühle, deren letztes Gebäude 1901 abgetragen wurde, gab der Familie Werdmüller den Namen, den Besitzern der Mühle vom 14. bis zum 18. Jahrhundert.",Werdmühlestrasse,1,1865
zs_8d60fcf6fa92,"Talmulde, Geländevertiefung zwischen der Widmerstrasse und der Hornhalde.",Talweg,2,1999
zs_aece407aa3e6,"Strasse in der ehemaligen Wiedikoner Flur «Steinzelg». Die Steinzelg war Teil einer der drei Zelgen von Wiedikon, die im Rahmen der Dreifelderwirtschaft abwechselnd mit Korn als Winterfrucht und Hafer als Sommergetreide bepflanzt wurden und die im dritten Jahr brach lagen.",Zelgstrasse,3,1891
zs_75de088b9214,"Benannt nach der 1907 von der Schwingplatzgenossenschaft Zürich errichteten Schwingerhalle, die 1976 abgetragen wurde.",Schwingerstrasse,6,1908
zs_da427a77063f,"Zwischen 1823 und 1859 angelegte repräsentative Quaistrasse der Altstadt zwischen [street] und Bellevue, rechtsseitig der Limmat entlang, verbreitert 1866, 1890/91 und 1950. Die Teilstücke oberhalb des Rathauses hiessen zunächst Rathausquai und Sonnenquai, seit 1933 lautet der Name durchgängig [Name]. Der Flussname Limmat geht wohl auf die Kelten zurück und könnte etwa Ebene am Wasser, sumpfige Ebene, Seefeld bedeuten.",Limmatquai,1,1863
zs_469765d7892e,"Luise Meyer-Strasser (1894-1974): Zürcher Malerin und Kunsthandwerkerin. Meyer-Strasser absolvierte eine Stickereilehre im Atelier von Bertha Baer in Zürich. Mit zwanzig Jahren ging sie für drei Jahre nach München zu einem Studienaufenthalt an der dortigen Kunstgewerbeschule. 1917 kehrte Meyer-Strasser nach Zürich zurück, wo sie zusammen mit Berta Tappolet ein eigenes Atelier eröffnete. Ab 1937 führte Meyer-Strasser mit den Künstlerinnen Cornelia Forster, Berta Tappolet und Amatha Good den kleinen Laden Cornelius, wo sie ihre Werke verkauften. Meyer-Strasser stellte Stickereien und Keramiken her, bemalte Porzellan, Möbelstücke und vereinzelt Hauswände. Sie war Mitglied des Schweizerischen Werkbunds (SWB).

Plaque: Luise Meyer-Strasser (1894-1974)
Malerin und Kunsthandwerkerin",Luisenstrasse,5,1894
zs_e4ad5a274e86,Seir 1566 nachgewiesener Flurnamen in Altstetten für eine Wiese in einer Niederung.,Tüffenwies,9,1935
zs_e15462cee672,"Benannt nach Ober- und Unterengstringen, zwei Nachbargemeinden von Zürich.",Engstringerweg,10,1986
zs_103c34a88a00,"Strasse in Hirslanden, die vom alten Ortsteil Hegibach beim heutigen Hegibachplatz dem Hegibach entlang in die Klus führt. Der Hegibach entspringt am Hirslanderberg und mündet unterhalb des Hegibachplatzes in den Wehrenbach bzw. Hornbach. «Hegi» bezeichnet eine Einzäunung, einen umzäunten oder eingehegten Ort. Hegibach somit wohl einen Bach, der einem Zaun oder Hag entlang fliesst.",Hegibachstrasse,7,1901
zs_4f0fe003c3ce,"Alte Hauptstrasse aus dem Stadtzentrum durch das Oberdorf nach der rechten Seeseite. Diese Ansiedlung lag im Frühmittelalter ausserhalb der Stadt und gehörte zum Stadelhof. Um 1100 wurde die Siedlung zusammen mit dem Niederdorf (villa inferior) als Oberdorf (villa superior) Bestandteil der Stadt. Diese griff damals dem rechten Limmatufer entlang und gegen den Zürichberg hin aus und überdeckte dortige alte vorstädtische Siedlungen. Das Oberdorftor wird im Jahr 1266 erwähnt. Die Namensform [Name] scheint erst im 19. Jahrhundert gebräuchlich geworden zu sein, zuvor genügte die Bezeichnung Hauptstrasse.",Oberdorfstrasse,1,1865
zs_766a16e2a815,"Familie von Kunstmalern aus Augsburg, die in engem Kontakt zu Basel standen. Der Vater, Hans Holbein der Ältere (um 1465-1524), starb möglicherweise dort, der Sohn, Hans Holbein der Jüngere (um 1497-1543), ab 1520 Bürger von Basel, gehört zu den bedeutendsten Renaissancemalern.",Holbeinstrasse,8,1894
zs_5e0756094e66,"Namensgebend war ein 1566 erwähntes Gut zum Bären, [Name] 10, das ausserhalb der mittelalterlichen Stadtbefestigung am damaligen Weg in Richtung Selnau lag. Mit dem Bau der nach dem Dreissigjährigen Krieg im 17. Jahrhundert errichteten und 1835-1845 wieder abgetragenen barocken Stadtbefestigung endete der Weg an dem dann Bärenschanze genannten Bollwerk. Damals dürften aus dem alten «Bären» die drei Häuser zum Roten Bären, zum Schwarzen Bären und zum Weissen Bären entstanden sein, die 1880 bzw. 1947 abgebrochen wurden.",Bärengasse,1,1865
zs_c424fa67de30,"Johanna Spyri (1827-1901): Jugendschriftstellerin, Verfasserin der «Heidi»-Romane.

Plaque: Johanna Spyri (1827-1901)
Jugendschriftstellerin
Verfasserin der «Heidi» Erzählungen",Spyriplatz,7,1931
zs_bebe0fe4eedb,"Weg entlang des Holderbaches, des Dorf- und Mühlebachs in Affoltern.",Am Bach,11,1933
zs_e15a394b79f4,"Gubrist: ein Hügel zwischen Oberengstringen und Regensdorf in der Nähe von Zürich; das häufig bei Flurnamen vorkommende Wort «Gubel» beschreibt eine rundliche Anhöhe, wogegen das Wort «Rist» für Rücken steht.",Gubristweg,10,1986
zs_9318708c2e90,"Strasse zur sogenannten Sankt-Niklaus-Stud oder Klausstud. Diese - 1396 erstmals erwähnt - war eine steinerne Säule, die etwa 120 Meter vom Ufer entfernt im Zürichsee stand und einst eine Statue des Heiligen Nikolaus trug, des Helfers in Seenot. Die Stud bezeichnete auf der Höhe von Riesbach die Banngrenze zur Stadt Zürich und damit das Seegebiet, in dem nur die Stadtbürger fischen durften. Ferner durften seit der Reformation auf den Pilgerschiffen nur noch ausserhalb der Banngrenze laut gebetet und Litaneien gesungen werden. Im Revolutionsjahr 1798 wurde die Klausstud zerstört und der Stein mit einem Freiheitsbaum gekrönt. Die 1812 erneuerte Steinsäule kam durch den Bau von Quai- und Landanlagen um 1887 auf das Ufergelände zu stehen und befindet sich heute im Park am Seefeldquai beim Haus [Name] 2.",Klausstrasse,8,1867
zs_71bbce5557ca,"Der Verwalter der Zeughäuser wurde Zeugwart genannt. Seine Amtswohnung war bis 1867, als die Zeughäuser nach Aussersihl verlegt wurden, im Venetianischen Zeughaus, In Gassen 18, das sich am Eingang zur [Name] befindet.",Zeugwartgasse,1,1878
zs_f87f210425b6,"Johann Ulrich Wehrli (1794-1839) von Höngg. Musiker, Gesang- und Musiklehrer, Gründer und Leiter verschiedener Chöre im Limmattal, sowie Komponist, unter anderem des Sempacherliedes.",Wehrlisteig,10,1947
zs_086c51f46a11,"Nettie Sutro (1889-1967): Philosophin, Soziologin und Historikerin. Sie war 1933 Mitgründerin des Schweizer Hilfswerks für Emigrantenkinder SHEK, welches sie von 1934 bis 1948 leitete.

Plaque: Nettie Sutro (1889-1967)
Philosophin, Soziologin und Historikerin. 1933 Mitgründerin des Schweizer Hilfswerks für Emigrantenkinder (SHEK)
welches sie 1934 bis 1948 leitete.",Nettie-Sutro-Strasse,11,2005
zs_ae974865bc84,"Meinrad Lienert (1865-1933): Schriftsteller. Rechtsstudium in Heidelberg, Zürich und München. 1891-1896 Notar des Bezirksrats Einsiedeln, 1893-1897 Redaktor des «Einsiedler Anzeigers». 1899-1925 wohnte Meinrad Lienert, abgesehen von einem einjährigen Aufenthalt in Einsiedeln, in Zürich, wo er zuerst «Die Limmat» redigierte und ab 1900 als freier Schriftsteller tätig war.
Lienerts umfangreiches Werk in Hochdeutsch und Mundart umfasst Lyrik, Erzählungen und Romane. Generationen von Kindern kannten ihn als Erzähler der «Schweizer Sagen und Heldengeschichten» (1914). Mit seiner Mundartlyrik im Volkston, wie im dreibändigen «Schwäbelpfyffli» (1913-1920), feierte er seine grössten Erfolge. Meinrad Lienerts Gedichte wurden von rund 100 Komponisten vertont. 1919 Ehrendoktor der Universität Zürich.

Plaque: Meinrad Lienert (1865-1933)
Dichter, 1899 bis 1933 in Zürich",Meinrad-Lienert-Strasse,3,1934
zs_9ce7aa248dd0,"Weg entlang dem Sagentobelbach, der aus dem Adlisberg nach Dübendorf und dort in die Glatt fliesst. Der Name des Baches leitet sich von einer Sägerei her, die im Besitze des Klosters Zürichberg war und sich hinter dem Tobelhof befunden hat.",Sagentobelbachweg,12,1996
zs_7a2bf3c7abed,"Im Jahr 1870 gewählte Bezeichnung für eine neue Verbindungsstrasse in Zürich-Hottingen, vielleicht nach dem Namen von Jakob Christoph Ritter (1806-1891), Kanzlist der Staatsanwaltschaft und seit 1843 Eigentümer des Eckhauses zur [street] hin.",Ritterstrasse,7,1870
zs_60cb31631488,"Flurname «Lirer» (1541), was vermutlich auf ein dort gelegenes Grundstück eines Musikanten (Leierspieler) hinweist. Lirer ist in Albisrieden auch als Familienname belegt.",Lyrenweg,9,1928
zs_0b1323efbc49,"In Erinnerung an die Schlacht am Morgarten 1315. Herzog Leopold I. von Habsburg sammelte nach dem Abschluss eines Feldzugs in Schwaben sein Heer im habsburgischen Zug und zog am Morgen des 15. November 1315 durch das Ägerital gegen Sattel. Ob sein Ziel das Tal von Schwyz, die umkämpften Gebiete des Klosters Einsiedeln oder gar das ganze Gebiet gegen den oberen Zürichsee hin war, ist unklar. Sicher ist, dass die Schwyzer das anrückende Heer Leopolds im Raum Schornen am oberen Ende des Ägerisees überfielen und besiegten.",Morgartenstrasse,4,1895
zs_93e716c8778a,"Jakob Bächtold (1848-1897): Literaturhistoriker. Leiter des Feuilletons der Neuen Zürcher Zeitung 1879-1884 und ab 1880 Privatdozent, dann Professor für deutsche Literatur an der Universität Zürich 1887-1897, Lehrauftrag für Schweizer Literatur am Eidgenössischen Polytechnikum in Zürich 1896-1897. Biograph und Freund von Gottfried Keller.

Plaque: Jakob Bächtold (1848-1897)
Professor für deutsche Literatur an der Universität
Biograph Gottfried Kellers",Bächtoldstrasse,7,1898
zs_a9697f8f1230,"«Ei» oder «Ey», Nebenform von «Au», d. h. am Wasser gelegenes Gelände. Die Strasse verläuft entlang des teils eingedolten Döltschibachs.",In der Ey,9,1933
zs_923a08df921a,"Pfaffhausen, Weiler in der Gemeinde Fällanden, ursprünglich dem Grossmünsterstift in Zürich zugehörig, daher Häuser der Pfaffen, d. h. der Geistlichen.",Pfaffhauserweg,7,1956
zs_7449e4eaea3e,"Flurname «Egglen», Ort, Stelle bei einem «Egg», einem vorspringenden Teil eines Hügelzugs oder Geländeabsatzes.",Egglenweg,7,1988
zs_0449c3c62ebb,"Name des Anstössers Johann Eduard Bachmann (1859-1944), der hier von den 1890er Jahren bis 1928 eine Zuckersägerei betrieb.

Plaque: Johann Eduard Bachmann (1859-1944)
Betrieb eine Zuckersägerei in Affoltern",Bachmannweg,11,1933
zs_fed9543a886e,"Georg Syz (1843-1878): Friedensrichter von Unterstrass. Gemäss der Gemeindegeschichte von Unterstrass ein «liebenswürdiger» Mann, der «vielleicht auf der Leiter der öffentlichen Ämter noch weiter hinauf gestiegen wäre, hätte ihn nicht im besten Mannesalter eine jähe Krankheit dahin gerafft».",Georgengasse,6,1878
zs_3acf28ac61c9,"Auf dem ehemaligen Güterbahnhof-Areal gelegene Verbindungsstrasse im neuen Polizei- und Justizzentrum Zürich PJZ. Das Grundstück zwischen linksufriger Seebahnlinie, der Hauptlinie der Eisenbahn von Zürich nach Baden und der Abzweigung der linksufrigen Seebahnlinie in Richtung Baden bildet ein Dreieck, das für Materialablagerungen der Schweizerischen Bundesbahnen SBB, darunter offensichtlich auch Kohle, benutzt wurde.",Am Kohlendreieck,4,2021
zs_71fe7dcd79d4,"Weg durch ein Waldstück, das einem Huber gehörte, einem zinspflichtigen Inhaber und Bebauer eines Lehensgutes.",Huberholzweg,10,1997
zs_dd814435526b,"Benannt nach der römisch-katholischen Guthirt-Pfarrkirche, erbaut vom katholischen Kirchenbauverein nach den Plänen von Architekt Anton Higi für die 1923 gegründete Pfarrei Guthirt in Wipkingen.",Guthirtstrasse,10,1935
zs_6ee0f73d61c0,Herzog Berchtold V. von Zähringen (gest. 1218): Reichsvogt von Zürich und Stifter des Spitals von Zürich gegen Ende des 12. Jahrhundert.,Zähringerplatz,1,1885
zs_e10adcbad6e0,"Christoph Froschauer (um 1490-1564): Buchdrucker. In der Häusergruppe zur Froschau, [Name] 14-18, Brunngasse 18, befand sich 1551-1591 die Werkstatt des ersten Buchdruckers der Stadt Zürich, Christoph Froschauer. Dieser druckte rund tausend Bücher, unter anderem wichtige Werke der Reformation wie die berühmte «Zürcher Bibel».",Froschaugasse,1,1865
zs_f68085fb22f9,"Mit Wildfang wurde ursprünglich die Jagd bezeichnet, die das Tier lebendig fangen wollte, oder die Jagdbeute selbst. Im übertragenen und hier wohl zutreffenden Sinn bezeichnet der Wildfang das Jagdrevier, den Ort, an dem diese Jagd stattfand.",Wildfangweg,7,1997
zs_0b2f5e569f77,"Flurname «Krewel» (1420) im Hard gegenüber von Wipkingen. Der Begriff bezieht sich auf den Zusammenfluss von Limmat und Sihl, der wie ein «Chräuel», eine Hacke mit zwei Zinken, verläuft. Die Krewelfurt ist eine Furt beim Drahtschmidli.",Kräuelgasse,4,1942
zs_3782ed11cad1,"Biketrail, der den Hang des Uetlibergs hinunter bis oberhalb des Triemlispitals führt.",Biketrail Triemli,3+9,2005
zs_42e288c2c680,"Möglicherweise tief ausgehöhlter Waldweg, allenfalls Flurname «Häuli» oder «Höli» im Sinn von Höhle.",Mannshäuliweg,9,1997
zs_72173783286f,"Die [Name] wurde 1864 nach den Plänen von Stadtingenieur Arnold Bürkli (1833-1894) unter der Leitung von Oberingenieur Johann Ludwig Pestalozzi (1825-1867) erbaut und bestand ursprünglich aus zwei durch die Papierwerdinsel getrennte Abschnitte. Bis zum Bau der Quaibrücke war es die verkehrstechnisch bedeutendste Brücke innerhalb der Stadt Zürich. Schon ab 1882 wurde sie von der Strassenbahn benutzt, damals noch vom Rösslitram.
1950 wurde sie verbreitert, aber auch durch die Aufhebung des Limmatarms westlich der Papierwerdinsel und den Ausbau des Limmatquais beim Leonhardsplatz, ab 1950 [street] genannt, verkürzt.",Bahnhofbrücke,1,1865
zs_798b3f643620,"Frei gewählter Name, wohl in Anspielung auf den benachbarten Friedhof Sihlfeld.",Friedaustrasse,3,1895
zs_efab3e3cc848,"Strasse zum Ortsteil Sood in Adliswil. Der Ausdruck «Sood» oder «Sod» ist noch in der Bezeichnung Sodbrunnen geläufig, einem Ziehbrunnen, in dessen Tiefe oder «Sod» sich das Wasser sammelt.",Soodstrasse,2,1897
zs_e1e503853a04,"Querstrasse im sogenannten Neugutquartier in der Enge, das ab etwa 1880 entstand und seinen Namen nach der früheren, 1928 abgetragenen Liegenschaft Neugut, Bederstrasse 119/121, erhalten hat. Das einstige Neugut bestand aus Wohnhaus, Scheune und Waschhaus und gehörte bis 1837 dem kantonalen Spitalamt. Ein Neugut konnte Teil einer Allmend sein, dessen Nutzung einer einzelnen Haushaltung überlassen blieb, oder einfach ein neu angelegtes Bauerngut.",Neugutstrasse,2,1878
zs_ebf0c06b2a62,"Weg nach dem und beim Krähbühl, einer alten, bereits im 15. Jahrhundert erwähnten Ortsgegend am Zürichberg in Fluntern, die noch um 1840 aus nur einem Hof bestand. Die Herkunft und die Bedeutung des Namens sind umstritten. Vielleicht rührt er von einem Familiennamen Kry oder vom Namen der Krähe aus der Familie der Rabenvögel her; «Bühl» ist ein Hügel oder ein Abhang.",Krähbühlweg,7,1912
zs_2389b255eeb8,"Altes, schon im 15. Jahrhundert erwähntes Geschlecht von Albisrieden.",Hallerweg,9,1956
zs_721626a07235,"Leopold Szondi (1893-1986): Psychiater, Begründer der Schicksalsanalyse und des Instituts für Schicksalspsychologie in Zürich.

Plaque: Leopold Szondi (1893-1986)
Psychiater, Begründer der
Schicksalsanalyse und des Instituts
für Schicksalspsychologie

Peter Szondi (1929-1971)
Literaturwissenschaftler",Szondiweg,7,2005
zs_ee1747cc132d,"Strasse, die ihren Namen von einer einstigen Mühle im oberen Hard erhielt. Bei dieser Mühle knüpfte sie an die Badenerstrasse an und führte ins mittlere Hard und weiter zur Hardturmstrasse.",Mühleweg,5+10,1869
zs_6978cc01d93b,"Strasse, die östlich um das ehemalige Dorf Oerlikon an der heutigen Schwamendingerstrasse führt.",Dörflistrasse,11,1903
zs_7c02ff0f79c1,"Benannt nach dem Anwohner Johann Jakob Arbenz-Näf (1816-1894), Höschgasse 89, Seidenfabrikant und Bürger von Riesbach.",Arbenzstrasse,8,1911
zs_a753f575d244,Fritz Rieter-Bodmer (1849-1896): Kaufmann und Mitinhaber der Textil- und Maschinenfabrik Rieter in Winterthur und Besitzer der Villen Wesendonck und Schönberg an der [street] 14 und 15. Die Grünanlage im Zentrum des Villenquartiers in der Enge ist 1893 auf dem Land Fritz Rieter-Bodmers durch Johann Heinrich und Hermann Reutlinger errichtet worden.,Rieterplatz,2,1893
zs_e16d7e855049,"Weg, der von der Frymannstrasse 77 durch den Staatswald, nahe an der Ruine Manegg vorbei und hinauf bis zur Höcklerstrasse. Die Manegg ist die 1303 erstmals erwähnte Burg der Ritter von Manesse am Uetliberg oberhalb von Zürich-Leimbach.",Maneggweg,2,2006
zs_55e26a865841,Die Bezeichnung Thur leitet sich aus dürr ab. Die Flurnamen «Durwis» oder «Dürwies» bezeichnen seit dem 15. / 16. Jahrhundert eine trockene Wiese.,Thurwiesenstrasse,10,1879
zs_08ca1af624d5,"Alberik Zwyssig, ursprünglich Johann Joseph Maria Zwyssig (1808-1954): Priester und Stiftskapellmeister im Kloster Wettingen, wo er ein umfangreiches musikalisches liturgisches Werk schuf. Er komponierte 1835 auch den 1841 erstmals aufgeführten Schweizerpsalm «Trittst im Morgenrot daher».

Plaque: Alberik Zwyssig (1808-1854)
Komponist des Schweizerpsalms",Zwyssigstrasse,9,1934
zs_9d6e0f4f5ca4,"Der Name leitet sich ab vom Landgut zum Weinberg, das 1905 zu Gunsten der Überbauung Weinbergstrasse 29/31 resp. [street] 2/4 abgetragen wurde. Er beschreibt aber auch, dass am ganzen Hang oberhalb der Stampfenbachstrasse bis weit ins 19. Jahrhundert Weinbau betrieben wurde.",Weinbergfussweg,1+6,1882
zs_0130995820e4,"Niklaus Meienberg (1940-1993): In Zürich wohnhafter Schriftsteller, Journalist und Historiker. Er war Verfasser zeitkritischer Recherchen zur neueren Schweizer Geschichte.",Niklaus-Meienberg-Weg,11,1996
zs_a3caaa18089f,"Flurname aus dem 19. Jahrhundert, ursprünglich «Richtishol» (1529, 1801) und «Richtisahl» (nach 1801), abgeleitet vom benachbarten Trichtenhausen. Hol bedeutet Mulde, Vertiefung. Richti o. Ä. ist vermutlich der Name eines früheren Besitzers.",Trichtisalweg,7,1988
zs_477236da7c4d,"Meret Oppenheim (1913-1985): Malerin, Zeichnerin, Grafikerin und Objektkünstlerin. Wirkte 1932-1937 in Paris im Kreis um André Breton. 1936 fertigte Oppenheim die mit Pelz überzogene Tasse «Déjeuner en fourrure», die vom Museum of Modern Art in New York gekauft wurde und sie als Vertreterin des internationalen Surrealismus schlagartig bekannt machte. Ab 1933 entstanden Aktfotografien von Man Ray. 1937 kehrte sie nach Basel zurück, besuchte die Gewerbeschule, schloss Freundschaft mit Walter Kurt Wiemken und wurde Mitglied der Gruppe 33. 1948 zog Meret Oppenheim nach Bern, arbeitete aber oft in ihrem Ferienhaus in Carona (heute Stadtquartier von Lugano TI), das sie später künstlerisch ausgestaltete. Ab 1972 arbeitete sie auch im eigenen Atelier in Paris.
1967 begann ihre internationale Ausstellungstätigkeit mit der Retrospektive im Moderna Museet Stockholm, 1974-1975 stellte sie in Solothurn, Winterthur und Duisburg aus sowie 1982 an der Documenta 7 in Kassel. 1983 folgten heftige öffentliche Diskussionen über den von ihr gestalteten Brunnen in Bern. Ab 1928 war Oppenheim auch als Dichterin tätig. 1974 Kunstpreis der Stadt Basel, 1982 Grosser Preis der Stadt Berlin.",Meret-Oppenheim-Weg,11,1996
zs_64697637a959,"[Name] bezieht sich auf das Rangieren von Bahnwagen, was insbesondere in einem Sackbahnhof häufig erfolgt.",Rangierweg,4+5,2014
zs_a7246c6c5bc3,"Flurname «Undermoosen» (1372), «Under den Mosen» (1430), d. h. unter- oder innerhalb der Moose. Die Strasse hiess bis 1932 Friedhofstrasse.",Untermoosstrasse,9,1932
zs_82a849b7b671,"Flurname für einen Acker, der an eine «Stude», also eine Staude, einen Busch, einen Strauch stösst.",Studackerstrasse,2,1929
zs_70a1c8d82983,"Flurname «daz gemein mark» (1345), «Gmeumerig» (1806), alte Bezeichnung für Gemeinwerk, gemeinsame March, Allmend.",Gmeimeriweg,9,1942
zs_05b9cca5de78,"Durch die um 1900 im Zusammenhang mit der Aufschüttung des Sihlkanals und der Schaffung der Uraniastrasse mögliche Gestaltung eines Platzes bei der Einmündung der Werdmühlestrasse in die Uraniastrasse. Werd bezeichnete im alten Sprachgebrauch eine Insel oder Halbinsel, die durch zwei Flussarme gebildet wurde.",Werdmühleplatz,1,1900
zs_5bc864f516c3,"Flurname: Wiese, die einem früheren Besitzer namens Banz gehörte.",Banzwiesenstrasse,3,1997
zs_99f2acb6cdbb,Marie Baum (1874-1964): Sozialpolitikerin. Sie studierte Chemie an der ETH Zürich von 1893 bis 1899 und war eine Wegbereiterin der sozialen Arbeit.,Marie-Baum-Platz,10,2010
zs_147dec6c8a62,Strasse bei der ehemaligen Giesserei der Maschinenfabrik Escher-Wyss.,Giessereistrasse,5,1995
zs_0545017133e8,"Die 1914 auf Initiative der Stiftung Zürcher Walderholungsstätte eröffnete städtische Waldschule wurde für Kinder schulpflichtigen Alters eingerichtet, die aus erblichen Gründen oder wegen mangelhafter Ernährungs-, Wohn- und Pflegeverhältnissen eine schwache Konstitution besassen und die mit einem Schulbesuch in der Natur von Mai bis September oder Oktober und kräftiger Ernährung zu Kräften kommen sollten.",Waldschulweg,7,1928
zs_cf1da5fd84fd,"Die Bezeichnung geht auf einen Clewi Schiterli zurück, der um 1470 bis nach 1500 das heutige Haus Nummer 2 (damals Schiterlishus) bewohnte und dessen Familienname in der Form von Scheiter im Namen der Gasse weiterlebt. Im Jahr 1505 hiess die Gasse Schiterlys Gasse. Hundert Jahre zuvor lautete der Name Bilisgasse, ebenfalls nach einem Familiennamen (Bili).",Scheitergasse,1,1865
zs_9ad98acbc73f,"Eine auf die Höhe des Buhnhügels führende Strasse, die zusammen mit der Seebacherstrasse und der Buhnstrasse einen Ring bildet.",Höhenring,11,1932
zs_1703fad15fa7,Der Platz befindet sich bei der Überbauung Quadro. Der Name bezieht sich auf die quadratischen Grundrisse der vier verschieden hohen Hochhausgebäude an diesem Platz.,Quadroplatz,11,2008
zs_fabd2b569e64,"Der Flurname bezeichnet einen Acker beim Schwandenholz, einem Wäldchen, dessen Holz durch «Schwand», Kahlschlag, gewonnen wurde. Die Strasse ist eine Querstrasse zur Schwandenholzstrasse.",Schwandenacker,11,1972
zs_564fda47e7cb,"Rosa Bloch (1880-1922): Sozialistin und Kämpferin für Frauenrechte. Rosa Bloch organisierte 1918 die Hungerdemonstration vor dem Zürcher Rathaus, war Mitglied des Oltener Aktionskomitees für den Landesgeneralstreik 1918 und Mitbegründerin der Kommunistischen Partei der Schweiz 1921.",Rosa-Bloch-Weg,11,1996
zs_1336a0e6250e,"Name des Bauerngutes Ilanzhof, [Name] 12 (vor 1812-1929). Der Hofname erscheint erstmals 1412 als Filantshof und wandelt sich in den Jahrhunderten zum heutigen Namen Ilanzhof. Die ursprüngliche Bezeichnung geht wohl auf den Besitzer zurück: In den Steuerbüchern werden in der Stadt Zürich 1401 ein Zimmermann Filantz und 1410 ein Rudi Viland erwähnt.",Ilanzhofweg,6,1908
zs_5247e92b0f18,"Elsa Cavelti (1907-2001): Schweizer Sopranistin, Musikpädagogin und dramatische Altistin am Stadttheater Zürich.",Elsa-Cavelti-Weg,11,2008
zs_5ce4db45e04d,"Brunegg ist ein frei gebildeter Name, der sich vom Name der Brunau ableitet. Brunau ist ein anderer Name für die Wollishofer Allmend. Die Brunau war seit dem Mittelalter ein Weideplatz für das Vieh, ab dem 17. Jahrhundert auch der Übungsplatz für die Zürcher Artillerie. Von 1877 bis 1987 dienten Teile der Allmend als Waffenplatz der Eidgenossenschaft. Der Name «Brunau» oder «Brunnow» (so eine Schreibweise im 16. Jahrhundert) kann eine Niederung mit Quellaufstoss bezeichnen, also mit Grundwasser. Eine andere Deutung führt den Namen auf die Farbe des dortigen Grases zurück, das bei Trockenheit oft dürr wurde und eine rötliche oder braune Färbung erhielt («braune Au»).",Bruneggweg,2,1921
zs_f3f529da12af,"Der [Name] ist eine leichte Eisenkonstruktion für Fussgänger und wurde 1877 im Zusammenhang mit dem Bau des Wasserwerkes im Letten von der Firma Gubser & Cie. in Wyl ausgeführt. «Letten» ist gleichbedeutend mit Lehm und bezeichnet vielerorts als Flurname einen lehmigen, schweren Boden.",Lettensteg,5+10,1885
zs_572df40897f6,"Flurname nach einem Apfel- oder Birnbaum, von dessen Früchten man «Stückli», also Dörrobst, machte.",Im Stückler,9,1948
zs_1f5ac7a16da6,"Haus Forster (vor 1812-1968), [Name] 50, war das Wohnhaus des Bannwarts oder Försters.",Forsterstrasse,7,1919
zs_d50d24eca1a6,"Strasse durch die Wiesen in der Nähe des Rütihofs.
2019 wurde die Benennung des benachbarten Hauswiesenwegs aufgehoben. Gleichzeitig wurde die [Name] von der Rütihofstrasse bis zur [street] verlängert.",Hauswiesenstrasse,10,1980
zs_0a7e782415aa,Der Name der Gemeinde Hottingen geht auf einen alemannischen Siedler mit dem Namen Hotto zurück.,Hottingerplatz,7,1933
zs_085c0e5f8803,"Heinrich Zölly (1862-1937): Maschineningenieur, Erfinder der Zölly-Dampfturbine. Zölly machte als Direktor die Firma Escher Wyss AG zu einer der weltweit führenden Hersteller auf dem Gebiet hydraulischer Maschinen und Anlagen.",Zöllystrasse,5,1915
zs_1c9a1b995fc7,"Von der Anwohnerschaft gewählter Name, wohl in Erinnerung an die damaligen Industriebetriebe im Quartier.",Motorenstrasse,5,1897
zs_0d08da1783ab,"Max Frisch (1911-1991): Schriftsteller und Architekt von Zürich. Nach ersten literarischen Versuchen studierte Max Frisch 1936-1940 Architektur an der ETH Zürich. 1942 gewann er den Wettbewerb für den Bau des Freibads Letzigraben in Zürich, woraufhin er sein eigenes Architekturbüro gründete.
Während des Aktivdienstes nahm er seine schriftstellerische Tätigkeit wieder auf und führte sie auch als Architekt (bis 1955) fort. Zusammen mit Friedrich Dürrenmatt ist er der bedeutendste und am häufigsten übersetzte Schweizer Schriftsteller des 20. Jahrhunderts, der u. a. mit dem Georg-Büchner-Preis (1958), dem Literaturpreis der Stadt Zürich (1958), dem Grossen Schillerpreis (1973) und dem Friedenspreis des Deutschen Buchhandels (1976) ausgezeichnet wurde.

Plaque: Max Frisch (1911-1991)
Schriftsteller und Architekt",Max-Frisch-Platz,11,1996
zs_65cb5044fcc5,"Flurname «Struppen», «Struppenacker» (1801): Gelände, das an ein grösseres Gestrüpp angrenzte.",Im Struppen,9,1972
zs_a7bbdb5c16e7,"Benannt nach der Kapelle Sankt Moritz, die bis um 1895 an der Ecke zur Beckenhofstrasse stand. Die Kapelle gehörte zum dortigen Siechenhaus Spanweid, das 1364 erstmals erwähnt wird und das für Aussätzige bestimmt war. Ab 1630 diente die Spanweid als Pfrundhaus für alte Stadtbürger und Landleute. Der Heilige Mauritius oder Moritz gehörte der Legende nach zur römischen Legion der Thebäer, die um das Jahr 300 bei Acaunum, heute Saint-Maurice, im Wallis für ihren christlichen Glauben den Märtyrertod erlitten haben soll. Zur Thebäischen Legion gezählt werden auch die Zürcher Stadtheiligen Felix und Regula.",St. Moritzstrasse,6,1878
zs_9c6c8c048bbb,"Nach einem «Höfli» genannten Landgut, das Erblehen der Abtei Fraumünster war.",Höfliweg,3,1933
zs_793b235b6c39,Der waldige Hüttenrain lieferte vermutlich den nahegelegenen Ziegelhütten Holz für das Brennen der Ziegel.,Hüttenrainstrasse,12,1997
zs_e9f440c0c36b,"Teil der alten Hohlstrasse oder Hohlgasse, der wegen der 1866 erbauten Zeughäuser auf dem Kasernenareal in [Name] umbenannt wurde.",Zeughausstrasse,4,1865
zs_3bd41948935a,"Benannt nach dem 1819 erbauten Wohnhaus mit Restaurant zum Falken, Kreuzbühlstrasse 1.",Falkenstrasse,1,1863
zs_62e7ad5ea81c,"Strasse über die «Halden», wie die einst mit Reben (den «Haldenreben») bepflanzte und noch um 1880 kaum überbaute Anhöhe in Wiedikon seit Alters her genannt wird. Der häufig vorkommende Flur- und Ortsname «Halde» bezeichnet den Abhang eines Hügels oder Berges.",Haldenstrasse,3,1880
zs_fc6211c1122c,"Eine «Letzi», kurz für [Name], war sowohl ein militärischer Schutzwall mit Wassergraben, als auch eine Abgrenzung im Weideland. Der 1352 erwähnte, bis zum Hardturm reichende [Name] bildete die Grenze der Allmend der Stadt und derjenigen von Altstetten.",Letzigraben,3+9,1937
zs_a1359bc73651,"Wilhelm Tell (um 1300): Strasse in Aussersihl bei der Militärkaserne, benannt nach Wilhelm Tell, dem legendären Held der eidgenössischen Befreiungstradition, der um 1300 das Land Uri vom tyrannischen Landvogt Rudolf Gessler befreit haben soll. Besonders im 18. und 19. Jahrhundert war Wilhelm Tell Sinnbild für die Unabhängigkeit und Wehrhaftigkeit der Schweiz, aber auch Symbol für Freiheits- und Menschenrechte allgemein, zum Beispiel der Revolutionen in Frankreich und in den USA.",Tellstrasse,4,1878
zs_032954071529,"Alte Hauptstrasse aus dem Stadtzentrum durch das Niederdorftor. Die Ansiedlung ausserhalb der Stadt dürfte im Frühmittelalter zum Grossmünsterhof Fluntern gehört haben. Um 1100 wurde die Siedlung zusammen mit dem Oberdorf (villa superior) als Niederdorf (villa inferior) Bestandteil der Stadt. Diese griff damals dem rechten Limmatufer entlang und gegen den Zürichberg hin aus und überdeckte dortige alte vorstädtische Siedlungen. Das Niederdorftor wird im Jahr 1270 erwähnt. Die Namensform [Name] scheint erst im 19. Jahrhundert gebräuchlich geworden zu sein, zuvor genügte die Bezeichnung Hauptstrasse.",Niederdorfstrasse,1,1865
zs_0a9c70bb0a90,"Flurname «Bungert», Mundartform von Baumgarten.",Bungertweg,7,1916
zs_7cd6f723d88c,"Strasse auf dem bevorzugt gelegenen Sonnenberg in Hottingen. Mehrere Strassen des ab 1870 entstandenen Quartiers wurden, dem Geschmack der Zeit entsprechend und dem Gartenschmuck der neuen Häuser gemäss, nach Pflanzen benannt wie die Dahlien-, die Veilchen-, die Myrten- oder die [Name].",Lilienstrasse,7,1881
zs_7b8fceeaacf3,"Weg zu einem Wäldchen das Heizegraben, Heitegraben oder [Name], aber auch [street] genannt wurde. Der Name könnte sich von einer «Heite», einem Heidegebüsch, oder von der «Heizi», dem Reisig zum Einheizen, herleiten.",Heidegraben,11,1936
zs_13a47f87943d,"Flurname «Gfell», d. h. abfallendes Gelände.",Gfellstrasse,2,1930
zs_d788a2087ddd,Flurname für ein kleines Stück Brachland.,Im Brächli,7,1941
zs_c46573781cf7,"Vermutlich mit der Bedeutung eines nach Mittag, d. h. nach Süden, dem Sonnenstand am Mittag, verlaufenden Wegs.",Mittagweg,7,1928
zs_88ea07987d49,"Strasse in der ehemaligen Ortsgegend «zum Trauben» in der Enge, die um 1840 aus zwei Wohnhäusern bestand. Der Name der Gegend rührte wohl von den nahen Weinbergen am «Gabler» her. Die Strasse selbst wurde 1890/91 vom Besitzer des Rietbergs, Fritz Rieter-Bodmer (1849-1896), erstellt; sie war um 1900 bereits ganz mit Häusern bebaut.",Traubenstrasse,2,1891
zs_14c6db812ce5,Felix Denzler (1863-1917): Bäckermeister an der [street] 46. Felix Denzler bestieg den Uetliberg über 4000 Mal und soll persönlich jeden Tag die Gaststätten auf dem Uetliberg mit frischem Gebäck beliefert zu haben.,Denzlerweg,3,1997
zs_b478c166046a,"In der Gemeinde Bäretswil, im Zürcher Oberland gelegener, von Seebach aus gut sichtbarer Berg (928 m. ü. M.).",Stoffelstrasse,11,1932
zs_69b7c4b317a4,"Da im selben Gemeinderatsbeschluss von 1933 mehre Altstetter Strassen nach Blumenarten benannt werden, ist anzunehmen, dass der [Name] aus dem Begriff Blumenkelch abzuleiten ist.",Kelchweg,9,1933
zs_d88ca21c1a03,"Strasse zur Liegenschaft von Landwirt Heinrich Müller an der Ecke [Name], Kasernenstrasse, die 1886 abgetragen wurde.",Müllerstrasse,4,1875
zs_861827f18891,"Friedrich Meili (1852-1904): Von 1876 bis zu seinem Tod 1904 evangelisch-reformierter Pfarrer in Wiedikon. Gründete und redigierte ab 1884 die «Theologische Zeitschrift aus der Schweiz» und war 1884-1886 Mitredaktor am «Schweizerischen Protestantenblatt». Bekannt ist Friedrich Meili auch als Förderer des Turnens. So war er schon als Student Turnlehrer an der Kantonsschule und später kantonaler Turninspektor.

Plaque: Friedrich Meili (1852-1904)
Pfarrer in Wiedikon 1876 bis 1904
Förderer der Turnens",Meiliweg,3,1918
zs_96f0daed8e00,"Flurname «Attenzil» (1430), Wildkarte «Zielwiesen», vermutlich mit der Bedeutung Acker am Ziel, d. h. an der Marchgrenze, der Gemeindegrenze zu Albisrieden.",Zielackerstrasse,9,1933
zs_abd2c3214a3e,"Querstrasse zur Hammerstrasse, die ihren Namen von der erstmals 1368 erwähnten Hammerschmitte, Drahtzugstrasse 72, herleitet.",Hammersteig,7,1898
zs_3fa60f7c756a,"Flurname «[Name]», d. h. schön gelegener Aussichtspunkt. Die Strasse endet bergwärts an der Südseite des Adlisbergs.",Luegete,7,1934
zs_32f7e06cd365,"Eine der im neuen Schulhausquartier von Hottingen 1876/77 angelegten Verbindungsstrassen. Sie erhielt, wie bereits die benachbarten Minervastrasse, Merkurstrasse und Heliosstrasse, einen Namen aus der antiken Mythologie. Neptun war bei den Römern der Gott des Wassers und der Meere.",Neptunstrasse,7,1877
zs_1d04e0eb691f,Waldweg auf dem Hönggerberg oberhalb des Restaurants Waid.,Waidbergweg,10,1956
zs_58429b40f2ee,"Gasse benannt nach dem 1671 erwähnten Eckhaus zur Fortuna, Schipfe 39. Fortuna war die römische Glücks- und Schicksalsgöttin. Nach dem Lindenhof, der im Mittelalter nur «der Hof» genannt wurde, hiess die spätere [Name] zunächst Gasse hinterm Hof oder Hintere Hofgasse. So wurde das Teilstück gegen den Rennweg noch um 1850 genannt, während das Teilstück gegen die Schipfe bereits im 18. Jahrhundert den Namen [Name] trug. Dies war ab 1865 dann der Name für die ganze Gasse.",Fortunagasse,1,1865
zs_145e2913d99f,Führt zum 1908 angelegten Friedhof Altstetten.,Friedhofstrasse,9,1913
zs_69dffa79bd74,"Namensgebung wohl in Anlehung an die in der Nähe liegende Rossackerstrasse. Der Strassenname Rossackerstrasse bezieht sich wiederum auf den Flurnamen «Rossäcker», also Pferdeacker. Eine Halde ist ein Abhang.",Rosshalde,9,1948
zs_ec310a0cea5e,"Platzanlage, die um 1900 durch die Neuanlage des Areals am Stampfenbach entstanden ist, als die Maschinenfabrik Escher-Wyss & Cie. ihre dortigen Fabrikgebäude in die Hard verlegte. Die Ortsgegend Stampfenbach in Unterstrass wird bereits im Jahr 946 erwähnt. Der Name bezeichnete einen Bach mit einer Stampfe oder Stampfmühle. Eine Stampfmühle war eine Mühle, die mittels eines Stampfwerks zum Beispiel Gerste, Ölkernen, Hanf oder Flachs zerkleinerte.",Stampfenbachplatz,6,1909
zs_3ffc65124377,"Name in Anlehnung an den [street], welcher die südliche Grenze zu der Wegverbindung bildet.
Die 2005 beschlossene, jedoch nie durchgesetzte Benennung [Name] wurde 2019 wieder aufgehoben. Im Rahmen der Überbauung zeigte sich, dass es den [Name] im Quartierplan Obsthalden, 8046 Zürich, nicht geben wird.",Knospenweg,11,2005
zs_e6eab67447de,"Weg am Mittelteil des Dorfbachs von Höngg, der vom Moos durchs Dorf und dann über die Mühlehalde bei der Werdinsel in die Limmat fliesst.",Dorfbachweg,10,1932
zs_d088d98fbdb1,"Das Ensemble von Bahnhofsgebäude und Platzanlage wurde 1923-1926 nach Plänen der Architekten Gebrüder Pfister durch die Baufirma Heinrich Hatt-Haller erstellt. Um zu betonen, dass der Bahnhof Enge an der Strecke der Gotthardbahn liege, wurde die Fassade des Bahnhofs mit seinen Arkaden aus Tessiner Granit erstellt. Die Benennung des Platzes erfolgte im Zusammenhang mit der Feier des 150jährigen Jubiläums der Zugehörigkeit des Kantons Tessin zur Eidgenossenschaft.",Tessinerplatz,2,1953
zs_1ae176a4bb1d,"Strasse in der alten Ortsgegend «Riedtli» in Oberstrass und Unterstrass. Ried oder Riedtli ist ein häufig vorkommender Flurname, der für feuchten Boden steht, für gerodetes Waldstück oder Weideland, das bepflanzt worden ist.",Riedtlistrasse,6,1878
zs_1249e989aef3,"Die [Name] ist nach dem 1894-1896 erbauten Kur- und Waldhaus Dolder benannt, das 1972 abgebrochen und durch einen Neubau ersetzt wurde.",Kurhausstrasse,7,1896
zs_f50925f9e65e,Zu- und Abfahrtsrampe von der Geroldstrasse auf die Hardbrücke beim Bahnhof Hardbrücke. Gerold ist ein männlicher Vorname.,Geroldrampe,5,1972
zs_ba26bfa195af,"Ursprünglich Hohlweg (1424), ein durch die lange Benutzung durch Fuhrwerke sowie abfliessendes Regenwasser in das umgebende Gelände eingeschnittener (ausgehöhlter) Weg.",Hohlstrasse,4+9,1869
zs_906ba13639f0,"Heinrich August Wilhelm Stolze (1798-1867): Deutscher Stenograph, Erfinder der ersten streng wissenschaftlichen Kurzschrift für die deutsche Sprache und Mitbegründer der amtlichen deutschen Einheitskurzschrift.

Plaque: Wilhelm Stolze (1798-1867)
Deutscher Stenograph",Stolzestrasse,6,1907
zs_22d676eed6be,"Der Platz war bis 2008 unbenannt, grenzt aber unter anderem an die Röschibachstrasse. Die Bezeichnung [Name] hat sich auch im Volksmund eingebürgert. Der Name leitet sich von einem schnell fliessenden Bach ab (mittelhochdeutsch «röscher flusz»: schnell, reissend).",Röschibachplatz,10,2008
zs_3564676980ec,"Zufluss des Hinterrheins und Pass (Passhöhe 2315 m), der das Albulatal mit dem Engadin verbindet. Das Elektrizitätswerk der Stadt Zürich EWZ nutzt die Wasserkraft des Albulaflusses mit diversen Kraftwerken bereits seit 1902 zur Stromerzeugung für die Stadt Zürich.",Albulastrasse,9,1933
zs_c00556c7979d,"Heinrich Gretler (1897-1977): Schauspieler, von Zürich. Gretler zählt zu den wichtigsten Akteuren des Schweizer Films. Er lancierte seine Karriere mit einem Engagement an der Pfauenbühne 1919 und wechselte 1926 zum Film. Seine berühmtesten Rollen waren unter anderem Füsilier Wipf, Wachtmeister Studer, Wilhelm Tell und der Alpöhi in der «Heidi»-Verfilmung von 1952.

Plaque: Heinrich Gretler (1897-1977)
Schweizer Schauspieler (Füsilier Wipf, Wachtmeister Studer,
Ueli der Knecht und viele mehr)",Heinrich-Gretler-Weg,11,2005
zs_b2af9a39692f,"Thomas Alva Edison (1847-1931): Amerikanischer Erfinder unter anderem des Fonografen und der Glühlampe sowie Unternehmer auf der Gebiet der Elektrotechnik. Seine Edison General Electric Company war eine der Vorläuferinnen der General Electric Company, eines der weltweit grössten Energie- und Mischkonzerne.",Edisonstrasse,11,1933
zs_4975f9228449,Durch die Tieferlegung der linksufrigen Seebahn kann der 1875 errichtete Eisenbahntunnel seit 1927 als Strassentunnel genutzt werden.,Tunnelstrasse,2,1927
zs_a0bfd4ce373c,"Der Flurname «Bungert» leitet sich vom Begriff des Baumgartens ab, wobei es sich zumeist um eine hauptsächlich für den Obstbau genutzte Wiese in der Nähe eines Hauses handelt. Beim [Name] liegt diese Wiese bei einer Scheune.",Schürbungert,6+11,1935
zs_f328d34cd651,Wäldchen bei der Brücke über den Sihlkanal und die Sihl.,Brugghölzliweg,2,1956
zs_d7a3d5511dea,Steg über den Schanzengraben als Verlängerung der Nüschelerstrasse. Benannt nach der Altzürcherischen Familie Nüscheler.,Nüschelersteg,1,2005
zs_dd89b20ed59d,"In der Verlängerung dieser Anlage befindet sich das Schulhaus Ruggächer. Rundliche Erhöhung, abgeleitet von mundartlich «Rugge» für Rücken im Sinne eines Bergrückens.",Ruggächeranlage,11,2012
zs_df133b4887aa,"Strasse zum ehemaligen, 1891 eröffneten Bahnhof Wiedikon an der [street] 118. Mit der Tieferlegung der zwischen 1875 und 1927 oberirdisch geführten Eisenbahn vom Hauptbahnhof in die Enge, der linksufrigen Seebahnlinie, wurden der Bahnhof Wiedikon an die Birmensdorferstrasse 80 verlegt und das Nordostbahn-Stationsgebäude abgebrochen.",Stationsstrasse,3,1894
zs_42c2d7cf17ea,In der Nähe soll sich früher eine Köhlerei (zum Brennen von Holzkohle) befunden haben.,Kohlenplatzweg,9,1999
zs_76f68d4a9703,"Hermann Billo (geb. 1845), Kaufmann aus Aarau, Bauherr der Villa an der [street] 41/Ecke [Name].",Billoweg,2,1908
zs_c45422f24fa8,"Reverenz an die beiden Drechlser- oder Drehermeister Friedrich Pfenninger (1844-1922), [Name] 4, und Johann Steinemann (1809-1894), [Name] 5, die dort ihr Handwerk betrieben.",Drehergasse,8,1881
zs_fa70868a8068,Steg in der Allmend Brunau. Die Allmend in Wollishofen diente seit dem 17. Jahrhundert auch militärischen Zwecken und wurde dafür vom Kanton 1816 erworben. Teile der Wollishofer Allmend wurden als eidgenössischer Waffenplatz genutzt (1877-1987).,Allmendsteg,2,2011
zs_763231ba92f7,"Strasse beim ehemaligen, aus dem 18. Jahrhundert stammenden Landgut Eidmatt, dessen Hauptgebäude, das an der Forchstrasse 17 stand, 1904 abgebrochenen wurde. Die Herkunft des Namens Eidmatt ist unklar.",Eidmattstrasse,7,1881
zs_cf9f2c67b914,"Ellen Widmann (1894-1985): Schauspielerin und Sprecherzieherin für Schauspielerinnen und Schauspieler, Gründerin des Kammersprechchors Zürich. Ellen Widmann spielte in verschiedenen Theatern, u. a. 1925-1928 an der Volksbühne Berlin, dann war sie Mitglied des Kollektivs von Erwin Piscator und 1939-1965 am Schauspielhaus Zürich. Sie hatte Auftritte in Schweizer Filmen und Fernsehstücken und wurde 1970 mit dem Hans-Reinhart-Ring ausgezeichnet.

Plaque: Ellen Widmann (1894-1985)
Schweizer Schauspielerin, Gründerin des Kammersprechchors Zürich",Ellen-Widmann-Weg,11,1996
zs_68d84a6d762d,"Ludwig Uhland (1786-1862): Deutscher Dichter. Er verfasste als Mitglied des Schwäbischen Dichterkreises Gedichte wie «Ein guter Kamerad» oder Balladen wie «Des Sängers Fluch» und befasste sich als Professor für deutsche Literatur in Tübingen mit der so genannten germanischen Mediävistik. Uhland war Anwalt, demokratischer württembergischer Landtagsabgeordneter und Abgeordneter der Nationalversammlung in der Frankfurter Paulskirche.

Plaque: Ludwig Uhland (1786-1862)
Deutscher Dichter und Literarhistoriker",Uhlandstrasse,10,1928
zs_19f982e32f93,"Benannt nach der 1887 gegründeten Dr. N. Gerbers Molkerei, bei der [Name] 15, früher Turnhallenstrasse 29. Der Chemiker Niklaus Gerber (1850-1914) hatte sich schon früh mit Untersuchungsmethoden für Milch und Milchprodukte beschäftigt. Bekannt wurde er durch sein 1892 veröffentlichtes Fettbestimmungsverfahren. Die 1904 von ihm gegründete Firma zur Herstellung, Weiter- und Neuentwicklung sowie den Vertrieb analytischer Geräte existiert heute als Gerber Instruments AG in Effretikon ZH.",Molkenstrasse,4,1895
zs_69d01153a790,"Gasse zum ehemaligen Obmannamt, den Amtsgebäuden des Obmanns gemeiner Klöster. Diese Amtsverwaltung bestand von 1557 bis 1833 und verwaltete die Güter einiger der in der Reformationszeit aufgehobenen Klöster. Das Amtsgebäude war das im 13. Jahrhundert erbaute Barfüsserkloster. Im 19. Jahrhundert dienten die vielfach erneuerten Bauten des Obmannamtes unter anderem als Sitz der Verwaltung des Kantons Zürich. Heute ist das Obergericht des Kantons Zürich im ehemaligen Obmannamt.",Obmannamtsgasse,1,1865
zs_307db6511b8d,"Name einer durch Weinhändler Jacques Geiger erstellten Privatstrasse in Aussersihl; dessen Vorschlag Malagastrasse gefiel der Baukommission und dem Gemeinderat Aussersihl nicht. Worauf sich die Quelle im Strassennamen bezieht, ist unbekannt.",Quellenstrasse,5,1886
zs_f8387e60af9d,"Benannt nach dem den Heiligen Theodul und Erhard geweihten «Sant Joders Käppeli» mit einem Bruderhaus. Ob die beiden Gebäude bereits in der Reformationszeit abgebrochen wurden, ist nicht bekannt.",Kappeliholzstrasse,10,1956
zs_4dbf79dc355f,Zugang zu den 1970 in Betrieb genommenen Gebäuden des Fernsehstudios im Leutschenbach.,Fernsehstrasse,11,1970
zs_8e82a687db6a,"Haus zum Wonneberg, Südstrasse 32, wurde ursprünglich in der Mitte des 17. Jahrhunderts erbaut und erhielt um 1750 seine heutige Form als barockes Landgut mit Ökonomiegebäuden, Nutz- und Ziergärten.",Wonnebergstrasse,8,1914
zs_8edc63c29288,"Die seinerzeit benachbarte Maschinenfabrik Oerlikon MFO stellte seit 1884 Dynamos her. Diese Maschine zur Stromerzeugung steht auch für die Bedeutung der Elektrotechnik bei der MFO, die auf dem Gebiete der Wechselstromtechnik bahnbrechende Erfolge erzielen konnte.",Dynamoweg,11,1933
zs_77412e868264,"Hinweis auf Weinbau, in den benachbarten Weinbergen wurden wohl Riesling-Sylvaner-Trauben gezogen.",Rislingstrasse,7,1910
zs_2ce745c9f1bd,Abgetrenntes Teilstück der Mühlackerstrasse. Flurname für die Äcker der Mühle am Holderbach.,Mühlackerweg,11,2008
zs_1d3759e57fb2,"Ein früher eingehegter Viehweg, der zu den Weiden führte. Im Zehntenplan von Jakob Feer (1788) als «Die Küh Gass Äker» bezeichnet.",Kühgasse,2,1997
zs_6d62ad478709,"Name einer der wohl ältesten Gassenzüge in Zürich. Die «Gasse» als Durchgang zwischen zwei Häuserreihen bezeichnete ursprünglich wohl einen Gegensatz zum nahen und offenen Münsterhof oder zum sonst noch freien Gelände. Erste Bauten sind bereits für das 8. bis 10. Jahrhundert nachgewiesen. Als Herkunfts- und Familienbezeichnung tritt der Name in lateinischer Form um 1220 auf (de Platea), von Häusern «[Name]» ist etwa im Jahr 1314 ausdrücklich die Rede.",In Gassen,1,1865
zs_a03740873f6a,"Flurname: Holzbahn an einem Waldhang («Schleiffe»), wo Dachse beobachtet wurden.",Dachsschleife,10,1936
zs_a1fd7ae6b55b,"Haus Forster (vor 1812-1968), Forsterstrasse 50, war das Wohnhaus des Bannwarts oder Försters.",Forstersteig,7,1931
zs_e09fea0660ff,"Flurname nach Wiesen, die jahrweise wechselnd von verschiedenen Berechtigten genutzt wurden.",Wechselwiesenstrasse,12,1933
zs_68bbd35df2fd,"Um 1880 erstellte private Erschliessungsstrasse im Auquartier von Wiedikon, wo der Aktienbauverein Zürich damals sechs erste Wohnhäuser errichtete; zur öffentlichen Strasse wurde sie 1889. Warum der Name [Name] gewählt wurde, ist unbekannt. Vielleicht war es ein alter Flurname, vielleicht nahm das «Eich» Bezug auf das eichene Trottwerk in der alten und bis 1897 bestehenden Trotte ausgangs der Strasse (vormals [Name] 38).",Eichstrasse,3,1886
zs_a81a85d067df,Flurname: Wiesen am Berghang unterhalb der Birmensdorferstrasse.,Bergwiesen,9,1948
zs_d4a5bf5036f0,"Flurname: Plenterwald, ein von der Forstwirtschaft bewirtschafteter Wald, dem durch gezieltes Abholzen möglichst viele Altersstufen im Baumbestand erhalten werden. Der Ausdruck «pländere» bedeutet den Wald lichten, durchforsten.",Plenterweg,7,1997
zs_3b3833f398d0,Strasse durch die Überbauung der Wohnbaugenossenschaft Zürich und Umgebung zwischen der Watt- und der Jungholzstrasse.,Jungholzhof,11,1931
zs_f3ac325a7090,"Johann Friedrich Herbart (1776-1841): Deutscher Philosoph, Psychologe und Pädagoge. Herbart gilt als einer der Begründer der modernen Pädagogik als Wissenschaft.",Herbartstrasse,4,1898
zs_cb1695345f35,"Flurname (1570), der möglicherweise auf einen Besitzer verweist, auf den die Charaktereigenschaften des «Hägelens» zugetroffen haben, nämlich Sticheln, Zänkeln und kleinliches Tadeln.",Hägelerweg,3,1931
zs_b4f64d75eae8,Flurname: Am Südhang des «Bühl» gab es noch im 19. Jahrhundert zahlreiche Weinberge.,Rebhügelstrasse,3,1949
zs_23040585af90,"Ruedi Walter (1916-1990): Aus Basel stammender, aber jahrzehntelang in Zürich wirkender Volksschauspieler. Berühmt geworden als Partner von Margrit Rainer auf der Bühne und im Radio («Spalenberg 77a»); unvergesslich als Bäuerlein Heiri in der «Kleinen Niederdorfoper» in der Uraufführung 1951.

Plaque: Ruedi Walter (1916-1990)
Schweizer Volksschauspieler",Ruedi-Walter-Strasse,11,1996
zs_c2e521dc6e69,"Alte Zürcher Familie, die sich noch Hirzgartner nannte und viele Geistliche, aber auch den Stadt-Schnitt- und Wundarzt Matthyas Hirzgartner (1568) und Kunsthandwerker hervorbrachte.

Plaque: Hirschgartner
Alte Zürcher Familie",Hirschgartnerweg,11,1953
zs_a13156c8d463,"Um 1840 angelegter Weg, der die damals auf der [Name] entstehenden Villen erschloss. Die [Name] wird als Rebareal, das den Eigentümern des Hauses zum Winkel, [street] 50, gehörte, erstmals 1441 erwähnt. Bis in die Mitte des 19. Jahrhunderts blieb die Wiese unverbaut, vielleicht auch, weil sich an ihrem äusseren Rand das städtische Pulvermagazin befand. Als Pulvermagazin diente der Geissturm, der 1652 explodierte, danach ein kleineres Pulverhäuschen.",Winkelwiese,1,1865
zs_fc638194bf3e,"Gässchen, das beim Haus zum Rech, [street] 4, in den [street] führt. Die Bezeichnung «Rech» für Reh war bis ins 17. Jahrhundert geläufig; das Haus zum Rech wurde im 15. Jahrhundert zum Rechbock genannt. Das Haus trägt somit den mittelalterlichen Namen, während um 1880 für die Gasse die neue Form Reh gewählt wurde. Die Gasse selbst entstand erst damals, zuvor war sie das Bachbett des noch nicht eingedolten Wolfbachs, der von Hottingen herkommend unter der Altstadt hindurch in die Limmat fliesst.",Rehgässchen,1,1868
zs_2b5ccf582903,"Paul Feyerabend (1924-1994): Österreichischer Philosoph, Wissenschaftstheoretiker, Professor für Philosophie der Wissenschaften an der ETH Zürich 1979-1991.",Paul-Feyerabend-Hof,10,2010
zs_aa0df19d2435,"Flurname «Grossläufi», «Kleinläufi». Eine «Läufi» bezeichnet eine Lichtung oder eine für den Transport von Holzstämmen und Stauden eingerichtete Holzbahn im Wald.",Läufeweg,9,1956
zs_4e5ae43b04e2,"Blumenname, Nachtkerzengewächs. Die [Name] hiess vor 1933 [street].",Fuchsiastrasse,9,1933
zs_634fd10eba58,"Georg Baumberger (1855-1931): Politiker, Journalist und Schriftsteller. Baumberger war Redaktor der «Appenzeller Nachrichten» 1881-1886, Chefredaktor der Zeitung «Die Ostschweiz» 1886-1904 und schliesslich Redaktor der «Neuen Zürcher Nachrichten» 1904-1919. Er setzte sich ein für die katholische Diaspora in Zürich und wurde einer der Hauptexponenten der christlichsozialen Bewegung. So beteiligte er sich an der Gründung des Schweizerischen Katholischen Volksvereins 1905 und der Christlichsozialen Partei des Kantons Zürich 1906 und vertrat diese als Parlamentarier im Zürcher Grossen Stadtrat 1913-1931, Kantonsrat 1917-1920 und Nationalrat 1919-1931. Er verfasste ferner zahreiche volkskundliche, sozialwirtschaftliche, religiöse und politische Schriften und Reisebeschreibungen.

Plaque: Georg Baumberger (1855-1931)
Politiker und Schriftsteller",Georg-Baumberger-Weg,3,1932
zs_a97c2a3ecc21,"Theodor Mommsen (1817-1903): Deutscher Historiker und Literaturnobelpreisträger. 1852-1854 Professor für Römisches Recht in Zürich und 1854-1858 in Breslau, 1861-1885 Professor für römische Altertumskunde an der Universität Berlin.
In der Schweiz legte Theodor Mommsen grundlegende Forschungen vor. Neben seiner Sammlung der Inschriften des Königreichs Neapel (1852) bildete v. a. die Studie über Schweizer Inschriften («Inscriptiones Confoederationis Helveticae Latinae», 1854) eine wichtige Vorarbeit für das «Corpus Inscriptionum Latinarum», deren Herausgabe er ab 1853 bis zu seinem Tod leitete. In Zürich schrieb er auch wesentliche Teile seiner vorerst dreibändigen «Römischen Geschichte» (1854-1856), für die er 1902 den Literaturnobelpreis erhielt. 1858-1895 Mitglied der Preussischen Akademie der Wissenschaften.",Mommsenstrasse,7,1918
zs_0ca1403d3846,"Benannt nach dem dortigen Grundeigentümer im 17. und 18. Jahrhundert, dem Kloster Wettingen.",Am Wettingertobel,10,1932
zs_25ab22c958b0,"Robert Widmer, geb. 1770, von Herrliberg: Besitzer der Liegenschaft in der Erdbrust, [Name] 1.",Widmerstrasse,2,1894
zs_1b3d470adb3c,"Gasse, die im Jahr ihrer Benennung 1865 durch den alten Spital hindurchführte. Das Spital von Zürich wurde im 12. Jahrhundert durch die Herzöge von Zähringen gegründet. Es bestand vom 16. bis ins beginnende 19. Jahrhundert aus verschiedenen Gebäuden im Bereich der heutigen [Name] und bei der Predigerkirche. Nach dem Neubau des Kantonsspitals in Fluntern diente das alte Spital von 1839 bis 1867 als Versorgungsanstalt für alte und gebrechliche Personen. 1875/78 wurden die alten Spitalgebäude zugunsten eines neuen Häuserquartiers mit breiten Strassen beseitigt.",Spitalgasse,1,1865
zs_39ff0c03a2ae,"Strasse auf eine Anhöhe, wo Kalkstein gewonnen und gebrannt wurde.",Kalchbühlstrasse,2,1894
zs_dca7843c7f02,"Platz an der Löwenstrasse, mit dieser im Zusammenhang mit der Neuanlage des Bahnhofquartiers in den 1860er Jahren erbaut und nach dem Vorbild des nahen barocken Pelikanplatzes gestaltet. Namensgebend für Strasse und Platz war die 1835/45 beseitigte Löwenschanze, ein Bollwerk, das am Ausgangspunkt der späteren Löwenstrasse lag. Die Löwenschanze war Teil der grossen, nach dem Dreissigjährigen Krieg im 17. Jahrhundert errichteten barocken Stadtbefestigung. Der Löwe als König der Tiere ist zudem Schildhalter des Zürcher Wappens.",Löwenplatz,1,1863
zs_651d11d6d536,Flurname: Unter Ried versteht man ein Feuchtgebiet oder einen Vegetationsbestand an einem nassen Standort.,Im Grossried,10,1980
zs_228b35b1ec55,"Flurname «Kett», d. h. Zulauf zum Wasserrad oder das Radhaus selbst. Übertragen steht der Begriff auch allgemein für eine Wasserleitung.",Kettberg,10,1935
zs_b6dceed8cc6d,"Strasse entlang des in der zweiten Hälfte des 19. Jahrhunderts eingedolten Haldenbachs, der auch einer Häusergruppe im alten Oberstrass den Namen gab.",Haldenbachstrasse,6,1883
zs_29d49b9f76d1,"Leimbacher Familiengeschlecht Frymann, Besitzer der gleichnamigen Liegenschaften Frymannhäuser.",Frymannstrasse,2,1897
zs_f98ac4b88501,"Oscar Bonomo (1901-1984): Bauunternehmer Bonomo war Mitbegründer des Hallenstadions und der Messe Zürich, früher Zürcher Spezialitätenausstellung Züspa, und Förderer des Radsports.

Plaque: Oscar Bonomo (1901-1984)
Bauunternehmer und Mitbegründer des
Hallenstadions und der Messe Zürich",Oscar-Bonomo-Weg,11,1996
zs_fa20b87757ff,"Die ursprüngliche [Name] wurde 1885 von der Gemeinde Aussersihl als Eisenkonstruktion errichtet und ist 1933 und 2006 durch Betonbrücken ersetzt worden. Sie ist benannt nach Salomon Gessner (1730-1788). Gessner war ein europaweit bekannter und verehrter Dichter und Maler von Idyllen. Er arbeitete als Buchdrucker und Verleger und war Teilhaber der Orell, Gessner & Co, dem bedeutendsten Verlag der Aufklärung in der Schweiz. Er gründete 1780 die Zürcher Zeitung, die Vorläuferin der Neuen Zürcher Zeitung, war Teilhaber und künstlerischer Leiter der Porzellanmanufaktur im Schooren bei Kilchberg, sowie Mitgründer der Helvetischen Gesellschaft von 1760. Als Politiker wurde Gessner unter anderem auch Sihlherr, also Verwalter des Sihlwaldes.",Gessnerbrücke,1+4,1885
zs_f3abfeabb3da,"Hans Henrich Simmler (1709-1786): Pfarrer in Wollishofen von 1736 bis 1746.

Plaque: Hans Heinrich Simmler (1709-1786)
Pfarrer in Wollishofen 1736 bis 1746",Simmlersteig,2,1929
zs_0b613cd91750,"Im Jahr 1874 angelegte Strasse, benannt nach dem 1847 erstellten klassizistischen Mehrfamilienhaus zur Mainau an der Ecke Seefeldstrasse 80, [Name] 34.",Mainaustrasse,8,1873
zs_497bbe6e8951,"Der Steg über den Schanzengraben zwischen Löwenstrasse 19 und 25. Namensgebend für den Steg war die 1835/45 beseitigte Löwenschanze, ein Bollwerk, das am Ausgangspunkt der späteren Löwenstrasse lag. Die Löwenschanze, an welche der [Name] erinnert, war Teil der grossen, nach dem Dreissigjährigen Krieg im 17. Jahrhundert errichteten barocken Stadtbefestigung. Der Löwe als König der Tiere ist zudem Schildhalter des Zürcher Wappens.",Löwensteg,1,2005
zs_736f4c1e691c,"Weg bei der vormaligen, um 1650 angelegten Schönenbergbastion, einem Teil der ausgedehnten Zürcher Stadtbefestigung des 17. Jahrhunderts. Im einstigen Kessel der nach 1830 abgetragenen Bastion liegt das um 1665 erbaute Haus zum oberen Schönenberg. Dieses gehörte von 1756 bis 1783 dem Gelehrten Johann Jakob Bodmer, der hier Männer wie Klopstock, Wieland und Goethe empfing. Den Namen dürften Bastion und Haus ihrer bevorzugten und eine weite Aussicht gewährenden Lage an der Zürichberghalde verdanken.",Schönberggasse,1,1865
zs_08354128c084,"Strasse in der alten, 1420 erstmals erwähnten Ortsgegend und Häusergruppe Hofacker in Hirslanden. Der vielerorts vorkommende Flurname bezeichnete einen zu einem Bauern- oder Herrenhof gehörenden Acker.",Hofackerstrasse,7,1880
zs_f6bd6c2717a6,"Der [Name] liegt am Ende der Beatengasse. Diese wurde angelegt im Bereich des als Stadtgraben dienenden Armes des Sihlkanals unterhalb des «Beatenrains», einem kleinen Abhang gegen die frühere Stadtmauer hinauf. Der Name könnte auf den Vornamen von Beat Werdmüller (1517-1574) zurückgehen, zu dessen nahen Werdmühle der Rain vielleicht gehörte.",Beatenplatz,1,1904
zs_56eb41cf784d,Benennung in Würdigung der besonderen Beziehungen zwischen Genf und Zürich; in Genfer Paquis-Quartier gibt es im Gegenzug eine Rue de Zurich.,Genferstrasse,2,1942
zs_39d2926fa18a,"Hugo Koblet (1925-1964): Radrennfahrer. Hugo Koblet war einer der erfolgreichsten Radrennfahrer der Schweiz. Er begann seine Profikarriere 1946 als Bahnradfahrer und gewann zwischen 1947 und 1954 sämtliche Schweizermeistertitel auf der offenen Rennbahn in Oerlikon in der Einerverfolgung. Er war 1950 der erste Nicht-Italiener, der den Giro d'Italia gewann. 1951 krönte er seine Karriere durch den Sieg bei der inoffiziellen Weltmeisterschaft im Einzelzeitfahren, dem Grand Prix des Nations, und dem Sieg bei der Tour de France. Die Tour de Suisse gewann er 1950, 1953 und 1955.

Plaque: Hugo Koblet (1925-1964)
Radrennfahrer, Sieger der Tour de Suisse
1950, 1953 und 1955",Hugo-Koblet-Weg,11,1999
zs_7079bb9318ec,"Benannt wahrscheinlich nach einer ursprünglich besonders schön begrünten Wiese, einer so genannten Matte.",Grünmattstrasse,3,1928
zs_947490b588fc,Alter Weg zur Kirche Kilchberg. Wollishofen war bis 1702 nach Kilchberg kirchgenössig.,Alter Kirchenweg,2,1999
zs_c0c327865c0f,Die [Name] in der Allmend Brunau wurde bis 2011 Militärbrücke genannt. Die Allmend in Wollishofen diente seit dem 17. Jahrhundert auch militärischen Zwecken und wurde dafür vom Kanton 1816 erworben. Teile der Wollishofer Allmend wurden als eidgenössischer Waffenplatz genutzt (1877-1987).,Allmendbrücke,2+3,2011
zs_d326fc003c3a,Berggipfel von 3238 Metern Höhe oberhalb von Engelberg in den Urner Alpen.,Titlisstrasse,7,1908
zs_01634c5213cd,"«Hof» war die umgangssprachliche Bezeichnung für das 1256 erstmals erwähnte Bauerngut zum Fallenden Brunnenhof, weshalb dessen Wiesen als Hofwiesen bezeichnet wurden. Hier wurde 1932 das Radiostudio Zürich errichtet. Nach 1945 musste der Bauernhof dem Ausbau des Radiostudios und dem Bau von Wohnhäusern weichen.",Hofwiesenstrasse,6+11,1910
zs_b204b486240d,Die Bernegg ist ein Vorsprung am Uetliberg.,Berneggweg,3,1918
zs_0a7c1d7a6668,"Wohn- und Gasthaus zum Blauen Fahnen, Münstergasse 4, 1950 abgetragen und durch einen Neubau ersetzt.",Blaufahnenstrasse,1,1898
zs_0d179664c129,"Geplante unterirdische Fahrradverbindung zwischen den Stadtkreisen 4 und 5 bzw. zwischen der Kasernenstrasse und dem Sihlquai. Die Bezeichnung «[Name]»  wurde in der Stadtbevölkerung  weitgehend akzeptiert und auch von den  Schweizerischen Bundesbahnen SBB als geeignet angesehen, weshalb diese Benennung auch offiziell erfolgte.",Stadttunnel,4+5,2023
zs_86a6ca42a16d,"Carl Wehrli-Thielen (1874-1948): Bankier, Verwaltungsratspräsident der Dolderbahn AG.

Plaque: Carl Wehrli (1874-1948)
Bankier, Verwaltungsratspräsident der Dolderbahn AG",Carl-Wehrli-Weg,7,1967
zs_592122309bbf,Benannt nach dem 1740 von späteren Zürcher Bürgermeister und Bauherren Johann Caspar Ulrich (17903-1778) errichteten Haus zum Weingarten an der Limmattalstrasse 161.,Weingartenweg,10,1904
zs_75ad110b93a1,"Im ehemaligen Strassenbahndepot Zürich-Fluntern der Zentralen Zürichbergbahn (1895-1905), [street] 11 und Glattbachstrasse 126 und 128, befand sich ein mit Gasmotoren betriebenes Kraftwerk, das als Kraftstation bezeichnet wurde.",Kraftstrasse,7,1896
zs_a5f6e18e3f9f,Melchior Reinacher (1810-1891): Kaufmann und Gutsbesitzer in Hottingen sowie Artilleriehauptmann. Seine Erben verkauften der Gemeinde Hottingen das Land für den Bau des Streuliquartiers.,Reinacherstrasse,7,1896
zs_4ffc9762190b,"Im Gebiet dieses Weges leben zahlreiche Tiere, darunter auch Eidechsen. Die mit Maschendraht umzäunten Steinpakete in umittelbarer Nähe bieten den Zauneidechsen Unterschlupf und Nistmöglichkeiten.",Eidechsenweg,2,2008
zs_8795a223df08,"Weg in Aussersihl, der zum 1864 erbauten und 1990 abgetragenen Wohnhaus zum Feldgütli, [Name] 8, führte. Andere Namen für die dortige Gegend an der Strasse nach Altstetten waren auch Oberfeldegg und Feldegg, alles Namen, die mit den damals noch weitgehend unüberbauten und landwirtschaftlich genutzten Feldern des Sihlfelds zwischen der Sihl und der Limmat in Zusammenhang standen.",Feldgütliweg,4,1880
zs_bc1002e3870b,"Gasse, die ursprünglich vom Niederdorf zum inneren Weg entlang der Stadtmauer, dem sogenannten Weg hinter dem Gräbli (dem ehemaligen Stadtgraben, heute Hirschen- und Seilergraben) und zum 1878 abgebrochenen Ketzerturm führte. Der Name ist in dieser Form seit 1756 verbürgt, zuvor hiess die Gasse Grabengasse, im 14./15. Jahrhundert nach einer dort über Besitz verfügenden Familie auch Wagnergasse.",Gräbligasse,1,1865
zs_23b1c789fc92,"Ulrich von Hutten (1488-1523): Deutscher Humanist und Dichter. Er begründete mit seiner Schrift «Arminius» den deutschen Nationalmythos des Sieges der Germanen über die Römer in der Varusschlacht bzw. der Schlacht im Teutoburger Wald im Jahre 9. n. Chr. Hutten kam 1523 schwerkrank nach Zürich und starb am 29. August 1523 auf der Insel Ufenau, wie Conrad Ferdinand Meyer in seiner Versdichtung «Huttens letzte Tage» schildert.

Plaque: Ulrich von Hutten (1488-1523)
Deutscher Humanist und Dichter
1523 in Zürich und auf der Ufernau",Huttenstrasse,6,1893
zs_d509d70ac304,Weg entlang eines Bach- oder Entwässerungsgrabens im Gebiet des Adlisberges und Looren.,Grabenweg,7,1997
zs_ef9fe561572d,"Gottlieb Duttweiler (1888-1962): Unternehmer und Politiker. Gottlieb Duttweiler leitete mit der 1925 in Zürich gegründeten Migros eine Revolution im Schweizer Detailhandel ein. Seine fahrenden Läden, deren Sortiment sich auf wenige lebensnotwendige Güter beschränkte, wurden systematisch diskriminiert, so dass die Migros begann, Teile des Sortiments selbst herzustellen und Gottlieb Duttweiler in die Politik einstieg. Er wurde Nationalrat 1935-1940, 1943-1949 und Zürcher Ständerat 1949-1951 sowie Berner Nationalrat 1951-1962. 1935 gründete er seine eigene Tageszeitung «Die Tat», 1936 die Partei Landesring der Unabhängigen und 1942 die Wochenzeitung «Brückenbauer». 1940-1941 wandelte er die Migros-Aktiengesellschaft in Genossenschaften um. 1957 schuf er das Migros-Kulturprozent, durch welches ein Prozent des jährlichen Umsatzes für kulturelle, wirtschaftspolitische und soziale Zwecke verwendet wurden. Kurz vor seinem Tod legte er den Grundstein zum Gottlieb-Duttweiler-Institut in Rüschlikon, einem Zentrum für wirtschafts- und sozialpolitische Fragen.",Duttweilerstrasse,5,1972
zs_9a7b34325b14,Nach einem mit Eschen bestandenen Wäldchen benannt.,Eschenholzweg,9,1999
zs_4de2cb130418,Benannt nach dem 1662 unter Hans Georg Werdmüller errichteten und mit dem Abbruch der Schanzen ab 1834 abgetragenen Stadttor der barocken Stadtbefestigung.,Sihlporte,1,1917
zs_89874566e4cc,Auf dem ehemaligen Güterbahnhof-Areal gelegene Verbindungsstrasse im neuen Polizei- und Justizzentrum Zürich PJZ.,Güterstrasse,4,2021
zs_71a8ce4a48b7,Hans Konrad Bleuler im «Neuenhof» (1808-1886): Landwirt am Mühlebach und Gemeindepräsident von Riesbach 1838-1843 und 1847-1861. Bleuler verfasst die Chronik der Kirchgemeinde Neumünster von 1889.,Bleulerstrasse,8,1903
zs_4a7053e0e947,Aus dem französischen Moraine für Geröll abgeleiteter Begriff für die Gesamtheit des von Gletschern transportierten Materials. An der [Name] wird auf die Seitenmoräne des Linthgletschers verwiesen.,Moränenstrasse,2,1898
zs_41b3c07651c7,"Flurname «Rosshau»: ein gehauenes, also gerodetes Waldstück, das als Rossweide, Pferdeweide, genutzt wurde.",Rosshauweg,9,1997
zs_b01a5813dbb9,"Heinrich Cramer-von Wyss (1829-1906). Oberst Cramer besass in dieser Gegend von Aussersihl Liegenschaften und liess um 1880 die nach ihm benannte Strasse erstellen. Den Grundbesitz hatte seine Gattin in die Ehe gebracht, Anna von Wyss (1835-1909), die Tochter von «Junker» Pfarrer Hans Konrad von Wyss (1798-1873). Die Parallelstrasse zur [Name] heisst Wyssgasse, die beiden Strassen sind somit nach dem Ehepaar Cramer-von Wyss bzw. ihren Familien benannt. Heinrich Cramer-von Wyss war Verwaltungsrat der Nordostbahn und Staatsrechnungsrevisor des Kantons Zürich, eine Autorität in Fragen des öffentlichen Rechnunsgwesens.",Cramerstrasse,4,1880
zs_6c74dd06f5a7,"Tiername, Vogelart. Im selben Gemeinderatsbeschluss von 1933 werden weitere Strassen nach Vogelarten benannt (Eulenweg; Fasanenweg, 1950 in die Rautistrasse einbezogen).",Kolibriweg,9,1933
zs_2b37b37994ce,Ehemaliger Feldweg in der Nähe des 1929 abgebrochenen Bauernhauses zum Neuhaus an der Schneckenmannstrasse 23.,Neuhausstrasse,7,1966
zs_1fcb1f606f1b,Führt zum 1899 eingeweihten Friedhof Nordheim.,Nordheimstrasse,6,1901
zs_fe77ffd3de56,"Die Mitglieder der Famlie Giacometti aus dem Bergeller Dorf Stampa bildeten die wohl bedeutendste Künstlerdynastie der Schweiz. Giovanni Giacometti (1868-1933) führte mit Cuno Amiet den Stil des Post-Impressionismus in der Schweiz ein und hatte 1912 eine eigene Ausstellung im Kunsthaus Zürich. Sein Cousin Augusto (1877-1947) war engstens mit Zürich verbunden, wo er seit 1915 seinen ständigen Wohnsitz hatte und in der Nachfolge des Jugendstils und des Symbolismus neben populär gewordenen Plakaten auch Werke der Glasmalerei, wie die Chorfenster in Grossmünster und ein Kirchenfenster im Fraumünster, oder monumentale Wandmalereien, wie in der Eingangshalle des Amtshauses I (Giacometti-Halle, die so genannte «Blüemlihalle»), schuf. Der Sohn von Giovanni Giacometti, Alberto (1901-1966), ist einer der international bedeutendsten Bildhauer des 20. Jahrhunderts geworden. Dank der Leihgaben der 1965 gegründeten Alberto-Giacometti-Stiftung Zürich verfügen das Kunsthaus Zürich und die Fondation Beyeler in Riehen über die umfangreichste Sammlung der Werke von Alberto Giacometti.

Plaque: Alberto, Antonio Augusto und Giovanni Giacometti
Alberto (1901-1966)
Antonio Augusto (1877-1947)
Giovanni (1868-1933)
Bildende Künstler aus dem Bergeller Dorf Stampa",Giacomettistrasse,10,2003
zs_355cbdbaa151,"Flurname «Giessen», das stille Wasser eines Flussnebenarmes, hier der Limmat.",Am Giessen,10,1932
zs_af8cb21d2a8d,"Strasse nach der Gemeinde Affoltern bei Zürich, dem heutigen Quartier Zürich-Affoltern. Der Name leitet sich vom althochdeutschen Wort «Affaltrun» ab, was bei den Apfelbäumen bedeutet.",Affolternstrasse,11,1933
zs_1d30d23d7e88,Flurname für den Abhang zur Sihl bei der Brunau.,Sihlrainstrasse,2,1906
zs_c19a38c10396,"Emil Oprecht (1895-1952): Buchhändler und Verleger. Oprecht war Mitgründer des Verlages und der Buchhandlung Dr. Oprecht & Helbling sowie 1933 Mitgründer und ab 1935 alleiniger Geschäftsführer der Europa-Verlags-AG, welche die unter nationalsozialistischer Herrschaft verbotenen Schriften vieler bedeutender Exilschriftsteller publizierte. Die Wohnung der Oprecht war zwischen 1933 und 1945 eine eigentliche Anlaufstelle für Emigranten. 1938 gründete Oprecht die Neue Schauspiel AG, die er bis 1952 präsidierte.

Plaque: Emil Oprecht (1895-1952)
Buchhändler, Verleger nazikritischer Literatur
in den 1930 / 40er Jahren
Gründer der Neuen Schauspiel AG 1938",Emil-Oprecht-Platz,11,2003
zs_11ed75fbccd9,"Jakob Dubs (1822-1879): Bundesrat, Jurist und Journalist. Jakob Dubs arbeitete als Redaktor, u. a. des Winterthurer Landboten, als Staatsanwalt und Richter. Er war Nationalrat 1849-1854, dann Ständerat 1854-1861 und gleichzeitig Regierungsrat des Kantons Zürich 1855-1861, dann Bundesrat 1861-1872. Dubs gehörte zur liberalen Gruppierung um Alfred Escher und regte die Totalrevision der Bundesverfassung von 1874 an.

Plaque: Jakob Dubs (1822-1879)
von Affoltern am Albis
Bundesrat 1861 bis 1872",Dubsstrasse,3,1894
zs_36ab432c3b4d,"Adolf Hanslin (1911-1971): Divisionär der Felddivision 6 der Truppen aus dem Kanton Zürich 1962-1966 und Korpskommandant des Ostschweizer Feldarmeekorps 4 1967-1971. Er starb bei einem Helikopterabsturz in einem Manöver bei Rüti.

Plaque: Adolf Hanslin (1911-1971)
Korpskommandant",Hanslinweg,7,1972
zs_76871c0f9db5,In unmittelbarer Umgebung befand sich die 1907 gegründete Schweizerische Bettfedern- & Steppdeckenfabrik Gyger & Co. (später Neukomm & Co.). Das Fabrikgebäude wurde 1976 abgebrochen.,Federnstrasse,11,1932
zs_416736fdafd9,"Flurname, vermutlich mit der Bedeutung Hügel, Geländebuckel («Buck») mit satten Wiesen, was den Milchertrag der dort weidenden Kühe förderte.",Milchbuckstrasse,6,1927
zs_f018d0877323,"Heinrich Effinger: Obervogt von Wollishofen und Enge um 1435. Die Effinger sind eine ausgestorbene Zürcher Familie.

Plaque: Effinger
Ausgestorbene Zürcher Familie",Effingerstrasse,2,1930
zs_33b7af66ea29,"Das Seefeld, eine bereits 1273 erwähnte Flur in Riesbach. Das Acker- und Weideland am See, das nicht selten überschwemmt wurde, diente seit dem 17. Jahrhundert vorwiegend dem Gartenbau. Die von 1836 bis 1838 neu angelegte [Name] von Zürich nach Zollikon bedeutete für Riesbach einen grossen Entwicklungsschub. Um 1840 galt die [Name] als eine der belebtesten im Kanton Zürich und es entstanden zahlreiche neue Wohnhäuser.",Seefeldstrasse,8,1867
zs_4a82f6433665,Johannes Kaspar Streuli-Epprecht (1842-1922): Landwirt. Er verkaufte der Gemeinde Hottingen Land für den Bau des Streuliquartiers.,Streulistrasse,7,1896
zs_303e93d0b4a8,"Ab 1878 angelegte neue Strasse im Industriequartier, die zu den um 1880 erbauten Häusern zum Neugut und zum Neuhof führt. Zunächst sollte die Strasse Neugutstrasse heissen, aber eine solche gab es bereits in der Enge, weshalb man sich in Aussersihl mit der verkürzten Form [Name] zufrieden gab.",Neugasse,5,1882
zs_d5408051eae6,"Für den seit 1950 durch die Verlängerung der Strassburgstrasse von der Werdstrasse an die Stauffacherstrasse gebildeten Platz hat sich der Name [Name] eingebürgert. Der Name leitet sich von der Werdstrasse ab. Ein direkter Zusammenhang mit einem Werd, also einem Gelände am Wasser, einer Halbinsel oder Insel, existiert nicht.",Werdplatz,4,1955
zs_efda645e8073,"Hans Huber, eigentlich Johann Alexander Huber (1852-1921): Schweizer Komponist, Pianist und Musikpädagoge.

Plaque: Hans Huber (1852-1921)
Basler Komponist und Musiker",Hans-Huber-Strasse,2,1922
zs_b237d1ddd157,Weg hinter dem früher als Kugelfang genutzten Erdwall des 1999 geschlossenen Schiessplatzes Fluntern.,Kugelfangweg,7,1997
zs_5696921c8e98,Strasse beim 2008 abgebrochenen Stadion Hardturm des Grasshopper Club Zürich.,Sportweg,5,1949
zs_ea7381740c04,"Emil Oprecht (1895-1952): Buchhändler und Verleger. Oprecht war Mitgründer des Verlages und der Buchhandlung Dr. Oprecht & Helbling sowie 1933 Mitgründer und ab 1935 alleiniger Geschäftsführer der Europa-Verlags-AG, welche die unter nationalsozailistischer Herrschaft verbotenen Schriften vieler bedeutender Exilschriftsteller publizierte. Die Wohnung der Oprecht war zwischen 1933 und 1945 eine eigentliche Anlaufstelle für Emigranten. 1938 gründete Oprecht die Neue Schauspiel AG, die er bis 1952 präsidierte.",Emil-Oprecht-Strasse,11,2003
zs_774d1817b90e,"Flurname: Abhang unter den Sandsteinfelsen auf der Buhn, vor 1933 Felsbergstrasse.",Felsenrainstrasse,11,1933
zs_d6ebf577951b,"Strasse in Wiedikon, die zu dem und entlang dem ab 1877 angelegten Friedhof Sihlfeld führt und deshalb Friedhofgasse hiess. Weil es auch in der Stadt Zürich bereits eine Strasse dieses Namens gab, erfolgte 1892 vor der Eingemeindung von Wiedikon die Umbenennung. Das Aemtler im Namen ist ein Hinweis auf das nahe Amt bzw. Knonaueramt oder Säuliamt, wie der Bezirk Affoltern im Volksmund heute noch heisst.",Aemtlerstrasse,3,1892
zs_cd518744cead,"Ignaz Thomas Scherr (1801-1870): Erster Direktor des Lehrerseminars in Küsnacht. Strasse zum 1866 eingeweihten Schulhaus in Oberstrass, die bis 1892 Schulstrasse hiess. Weil es auch in anderen Stadtzürcher Ausgemeinden Strassen dieses Namens gab, erfolgte 1892 die Umbenennung in [Name], damit gleichzeitig den ersten Direktor (von 1832 bis 1839) des kantonalen Lehrerseminars in Küsnacht ehrend. Ignaz Thomas Scherr machte sich in der liberalen Gründungszeit der 1830er Jahre um den Aufbau der neuzeitlichen Zürcher Volksschule und Lehrerbildung verdient.

Plaque: Ignaz Thomas Scherr (1801-1870)
Liberaler Zürcher Pädagoge und Erneuerer
der Zürcher Volksschule. Erster Direktor des kantonalen Lehrerseminars in Küsnacht",Scherrstrasse,6,1892
zs_933d17e135b8,"Ursprünglich lediglich private Zufahrtsstrasse nach der 1897 von Brauereibesitzer Heinrich Hürlimann errichteten Villa [Name], die zur später errichteten Wohnsiedlung hinter der Villa verlängert wurde.",Sihlberg,2,1952
zs_fdeba4344ea3,"Siedlung der Kleinheimwesenkolonie Oberwiesen, die 1929 durch die Schweizerischen Vereinigung für Innenkolonisation und industrielle Landwirtschaft errichtet wurde. Die Innenkolonisation wollte neue landwirtschaftliche Betriebe oder auf weitgehender Selbstversorgung basierende Kolonien schaffen. Diese Kleinheimwesen konnten als Güetli bezeichnet werden. Die Kleinheimwesenkolonie Oberwiesen in Oerlikon wurde schon 1931 wieder aufgelöst.",Güetliweg,11,1929
zs_3d71c2cfe595,"Im Jahr 1880/81 im Zusammenhang mit der Korrektur des wilden Hornbachs angelegte bzw. ausgebaute Strasse, die 1887 bis an das Zürichhorn weitergeführt wurde. Der Hornbach hat durch Aufschüttung das Zürichhorn geschaffen, die Landzunge im Zürichsee.",Hornbachstrasse,8,1877
zs_3c35625c2cd1,"Ernst Georg Gladbach (1812-1896): Professor für Baukonstruktionslehre und Baumateriallehre am Eidgenössischen Polytechnikum Zürich 1857-1890, widmete sich dem Studium der Schweizer Holzbauten.",Gladbachstrasse,6+7,1899
zs_4a3023761cad,Unterer Weg nach dem Ortsteil Pfaffhausen der Gemeinde Fällanden.,Unterer Pfaffhauserweg,7,1988
zs_3f147b835b0d,"Zu Ehren der befreundeten Stadt Strassburg, wohin die Zürcher seit 1456 zur Bekräftigung regelmässig per Schiff die so genannte Hirsebreifahrt unternehmen. Dabei musste die Fahrt innert eines Tages anstatt deren drei stattfinden, damit der Hirsebrei bei der Ankunft der Zürcher in Strassburg noch heiss war - als Beweis, wie schnell die Zürcher bei Gefahr ihren elsässischen Freunden zu Hilfe eilen konnten.",Strassburgstrasse,4,1950
zs_e2cc33c384e4,Weiler in der Gemeinde Bergdietikon am Hang des Heitersberges.,Herrenbergstrasse,6,1907
zs_ae0a69fe4f52,"Waldweg, benannt wohl nach einem Besitzer des Waldes namens Diener.",Dienerhölzliweg,7,1997
zs_1ccad630d130,"Flurname: «Bor»- oder «Burweg», verkürzt aus Burgweg, d. h. Zugang zur Burg Friesenberg, erwähnt um 1520.",Borrweg,3,1956
zs_704121521fa1,Berggipfel in den Appenzeller Alpen zwischen Gaster und Toggenburg. Mit seinen 1950 Metern ist er der höchste Nagelfluh-Berg Europas.,Speerstrasse,2,1933
zs_79142f05c8e8,"Flurname für Riedland, das als Futter für Nutztiere «geheuet» werden konnte, im Gegensatz zum anstossenden moorigen Streuried, wo Stroh zur Ausstattung von Ställen geschnitten wurde. Die Strasse verbindet die städtische Wohnsiedlung Heuried mit dem Gemeinschaftszentrum Heuried.",Im Heuried,3,1929
zs_a075a935f664,"Flurname «Tistler» (1430), «Teischler» (1560), «Teistler» (1730), vielleicht ein Hinweis auf einst dort vorkommende Disteln resp. Sumpfdisteln.",Tischlerweg,9,1933
zs_4522c7a6b039,"Alte horizontale Wegverbindung am Rand der Bergterrasse von Fluntern, die ihrer Lage wegen [Name] genannt wurde und die ab 1880 die Fortsetzung der neuen Bergstrasse war, die dem Adlisberghang entlang nach Hottingen führte.",Hochstrasse,6+7,1870
zs_255622b1996f,"Seitenstrasse zur Hirslanderstrasse, benannt nach der 1893 mit der Stadt vereinigten Gemeinde Hirslanden. Der Name Hirslanden geht auf die Hirse zurück, die vor der Einführung der Kartoffel ein Grundnahrungsmittel war.",Hirslandersteig,7,1955
zs_83b5955dbe7e,"Namensgebend war das Haus zur grünen Zinne, Zinnegasse 2. Es gab im Bereich der Wühre mehrere Häuser, die von alters her Dachzinnen oder Dachterrassen trugen oder im 19. Jahrhundert nach Aufstockungen solche erhielten.",Zinnengasse,1,1880
zs_35d055da2c9f,"Eine seit dem 16. Jahrhundert in Albisrieden nachgewiesene Familie. In Wiedikon war dieser Familienname ebenfalls verbreitet.

Plaque: Mathys
Alte Familie von Albisrieden",Mathysweg,9,1949
zs_e517809dd588,"Strasse durch das Ausserdorf, dem nördlich des Katzenbaches liegenden Teil des ehemaligen Dorfes Seebach.",Ausserdorfstrasse,11,1911
zs_9f4bab04230a,Flurname: Ackerland an tiefer Bodenlage.,Bodenacker,11,1935
zs_7d4f25d64a04,"Der Name «Neufrankenthal» für die Gegend in Zürich-Aussersihl unterhalb der [street] und westlich der Bahnlinie, wo um 1870 erst ein Wohnhaus stand, sowie die Benennung der dortigen Strasse als Neufrankenthalstrasse wurde von den Anwohnern als ein blosser Übername verstanden. Auf deren Wunsch wurde deshalb der Strassenname 1878 in [Name] abgeändert. Woher der Name «Frankenthal» herrührt und warum er als Übername empfunden wurde, ist unbekannt; vielleicht steht er im Zusammenhang mit der Ortsgegend «Frankenthal» im Gemeindebann von Höngg.",Neufrankengasse,4,1878
zs_2a534f8a6c01,Nach der mundartlichen Bezeichnung «Immi» für Biene.,Immenweg,11,1928
zs_8f6862f5780b,"Ursprünglich «Gräbli» genannter, innerer Weg entlang der Stadtmauer am Seilergraben, der 1877 in [Name] umbenannt wurde. Namengebend war der Chor der Predigerkirche, an dem der Weg vorbeiführt. Der Chor der Predigerkirche, der bis 1873 als Lagerraum diente, erfuhr damals als ein gotisches Bauwerk neue Wertschätzung und wurde auch durch bauliche Massnahmen aufgewertet.",Chorgasse,1,1877
zs_f5ceaaafe40d,"Gasse, die wie die benachbarte Holzgasse zu einem Lagerplatz für das auf der Sihl hergeflösste Holz führte. Für die Holzversorgung im alten Zürich war diese Transportmöglichkeit von grosser Bedeutung. Sie wurde 1866 aufgegeben, als die neue Sihltalstrasse und die Eisenbahn einen günstigeren Holztransport erlaubten.",Flössergasse,1,1865
zs_32b47592614e,Der seit 1483 gebräuchliche Flurname bezeichne einen Ort mit einem primitiven Zugang zu einer in jener Gegend entspringenden Quelle.,Wasserschöpfi,3,1936
zs_321203b22f8d,Strasse zur ehemaligen Holzbrücke über die Glatt. Diese wurde 1809-1810 erbaut als Ersatz für die bei Kämpfen zwischen französischen und kaiserlichen Truppen 1799 zerstörte Brücke. «Au» ist die Bezeichnung für Wiesland an einem Gewässer.,Aubruggstrasse,12,1977
zs_00a4f5fd4ecd,"Verbindungsweg zwischen der Militärstrasse und der [street] beim Kasernenareal in Aussersihl. Die Gasse wurde nach der Waffengattung der Jäger benannt, einer Bezeichnung für die leichte Infanterie. Ihre Parallelgassen wurden entsprechend zur Schützengasse, später Freischützgasse, und zur Reitergasse.",Jägergasse,4,1869
zs_e28ff8baa9d1,"Benannt nach dem Gebirgsmassiv im Glarnerland mit dem Vrenelisgärtli (2904 M. ü. M.) als seinem höchsten Gipfel. In der Enge wurden um 1880/90 mehrere neue Strassen um den damals angelegten Alpenquai am Zürichsee nach Schweizer Bergen benannt, die zum Teil vom Quai aus sichtbar waren.",Glärnischstrasse,2,1877
zs_a26f480c1cbd,Waid steht einerseits für das Weidland am Käferberg und andererseits für das Landgut in der Waid oder Waidgut. Dieses bestand schon seit dem 17. Jahrhundert und wurde ab den 1830er Jahren zur Ausflugswirtschaft ausgebaut. 1907 erwarb die Stadt die Liegenschaft und errichtete dort 1915 eine Pflegeanstalt. Hier wurde 1963 das Pflegezentrum Käferberg eröffnet.,Waidstrasse,10,1879
zs_d4fa3085d407,Der Weg führt von der Waid oben bis an den Fuss des Käferbergs an der Limmat.,Waidfussweg,10,1940
zs_535eff80c8ee,"Ulrich Zehnder (1798-1877): Arzt und Politiker von Oberengstringen. Liberales Mitglied des Grossen Rates des Kantons Zürich von 1834-39 und 1842-1869 und von 1834-39 und 1843-1866 Mitglied des Regierungsrates des Kantons Zürich. Von 1844-1866 war Zehnder der erste nicht aus der Stadtbürgerschaft stammende Bürgermeister des Kantons Zürich, also Präsident des Regierungsrates. Er schuf das Armengesetz von 1836, das Medizinalgesetz von 1854 und regte unter anderem die Gründung der Irrenanstalt Burghölzli, heute Psychiatrische Universitätsklinik, von 1864 an.",Zehnderweg,6,1894
zs_1452b328d9fd,Joseph Wolfgang von Deschwanden (1819-1866): Mathematikprofessor und erster Direktor des Eidgenössischen Polytechnikums.,Joseph-von-Deschwanden-Platz,10,2010
zs_021c3ec1cf7e,"Flurname «Stelze», «Stelzenacker» (1801), d. h. Acker, der in ein anderes Grundstück hineinragt.",Im Stelzenacker,10,1980
zs_f3db08afbb3b,"Flurname «Rietholz» (1295), der hier wohl für ein ehemals gerodetes und wieder aufgeforstetes Waldstück stehen dürfte, kann aber auch feuchter Boden oder Weideland bedeuten, das bepflanzt worden ist.",Riedenholzstrasse,11,1933
zs_ae28a8e28a5d,Freie Neubildung nach dem überlieferten Flurnamen «Einsiedlerweg» oder nach einem Einsiedler (Waldbruder).,Brüderhofweg,6,1935
zs_4800d5bfe659,"Flurname «Muggenbüel» (1637) mit gleichnamigem Landgut, später Gaststätte, [Name] 15, vermutlich ein Hinweis auf früher sumpfiges und deshalb oft mit Mückenschwärmen versehenes Gelände in Hanglage.",Muggenbühlstrasse,2,1894
zs_38f4754b8580,"Kurzes Strassenstück in Riesbach, früher Kleingasse genannt.",Kleinstrasse,8,1951
zs_43c15f150b85,Weg im Tobelholz genannten Waldstück am Tobel des Holderbaches.,Tobelholzweg,10+11,1997
zs_672762d961be,"Gasse beim ehemaligen Geissberg-Bollwerk, auf dem ab 1784 eine alleenartige Promenade, ein Spazierweg, angelegt wurde, geschätzt wegen der schönen Aussicht auf die Stadt und den See. 1848 wurden auf der Hohen Promenade ein öffentlicher und ein privater Friedhof angelegt. Auf dem Grunstück des öffentlichen Friedhofs, der 1877 wieder geschlossen wurde, steht seit 1913 die heutige Kantonsschule Hohe Promenade, die 1875 als Höhere Töchterschule der Stadt Zürich gegründet wurde.",Promenadengasse,1,1880
zs_1c2cfb18f26d,"Rechtsufrige Landstrasse ins Limmattal. Der Flussname Limmat geht wohl auf die Kelten zurück und könnte etwa Ebene am Wasser, sumpfige Ebene, Seefeld bedeuten.",Limmattalstrasse,10,1932
zs_5c056c109dd8,"Benannt vermutlich nach dem abgekürzten Vornamen von Konrad Schneebeli (1806-1878), der hier Grundeigentümer war und 1857/58 ein erstes Wohnhaus errichtete, das Haus zum Vorbahnhof, Konradstrasse 9. Um 1875 legte er auch die spätere Konradstrasse als Privatstrasse an und trat diese 1877 unentgeltlich an die Gemeinde Aussersihl ab. Im Unterschied zur [Name] trägt die Konradstrasse seinen ganzen Vornamen. Eine andere Deutung des Namens vermutet hinter dem Namen [Name] ein Symbol der Eisenbahnen, das Flügelrad.",Radgasse,5,1882
zs_e2267b2c48d1,"Rudolf Wachter (1835-1919): Pfarrer in Wipkingen von 1871 bis 1898 und Verfasser der Chronik von Wipkingen. Die Benennung erfolgte vor 1934, als die Quartiergrenzen zwischen Unterstrass und Wipkingen auf die Rötelstrasse verlegt wurden und die Gebiete östlich der Rötelstrasse an Unterstrass umgeteilt wurden.

Plaque: Rudolf Wachter (1835-1919)
Pfarrer, Verfasser
der Gemeindechronik Wipkingen",Wachterweg,6,1932
zs_e0657933dd8f,"Ida Bindschedler (1854-1919): Zürcher Lehrerin (sie unterrichtete lange Jahre an der Privatschule für Mädchen von Frau Tobler-Hattemer in Hottingen, dem späteren Institut Wetli) und Kinder- und Jugendbuchautorin. 1897 zog sie nach Augsburg (Deutschland). Ida Bindschedler verfasste dort die noch heute populären, auf ihren Kindheits- und Jugenderinnerungen in der Zürcher Seeweid (heute Quartier Riesbach) basierenden «Turnachkinder»-Bücher («Die Turnachkinder im Sommer», «Die Turnachkinder im Winter»).

Plaque: Ida-Bindschedler (1854-1919)
Sekundarlehrerin und populäre Jugendschriftstellerin («Die Turnachkinder»)",Ida-Bindschedler-Strasse,8,1995
zs_4a079cbe13c9,"Der Name geht zurück auf den 1478 in dieser Gegend erwähnten Flurnamen «Zwigeren», was «Zweigarten» meint, nämlich einen Baumgarten zum Zweien oder Pfropfen von Bäumen. Eine andere Deutung glaubt, der Ort habe ursprünglich «ze wiger» geheissen, somit etwa «beim Weiher» oder einem Wasserloch, von denen es im Gebiet der Sihl einige gab.",Zweierplatz,4,1909
zs_4345d3980ae0,"Flurname «des Fricken Mätteli», im Wald gelegene kleine Wiese (Mätteli), nach einem Besitzer namens Frick genannt.",Frechenmätteliweg,10,1997
zs_579ecdf8d847,"Benannt nach dem alten Gesellen- und Gemeindehaus von Höngg, Limmatstrasse 123, in dem auch die Wirtschaft zum Rebstock betrieben wurde.",Rebstockweg,10,1918
zs_01847af0ce26,Die 1836 errichtete Schmiede an der Wagnerstrasse 22 wurde 1854 um eine Wagnerwerkstätte sowie eine Schmiedebrücke und einen Kohlenschopf erweitert und 1960 abgetragen.,Wagnergasse,8,1881
zs_fd3e3a4f07a9,Benannt nach der Trotte beim Haus Wehntalerstrasse 552.,Trottweg,11,1933
zs_04ffc4ed9e83,Laura Hezner (1862-1916): Mineralogin. Sie habilitierte 1910 als erste Frau an der ETH Zürich.,Laura-Hezner-Weg,10,2010
zs_ab2adb779046,Strasse über den Rütihof nach Regensdorf.,Regensdorferstrasse,10,1904
zs_848321a8fd6a,Strasse unterhalb der vom Schweizerischen Gemeinnützigen Frauenverein gegründeten Schweizerischen Pflegerinnenschule in Zürich.,Samariterstrasse,7,1899
zs_6b5c99a4059d,"Johann Heinrich Fierz (1813-1877): Textilindustrieller, Nationalrat und Präsident des von ihm gegründeten Aktienbauvereins. Der Aktienbauverein erstellte im Limmatquartier eine Siedlung von ursprünglich fünf, heute noch vier Zeilen Arbeiterwohnhäuschen. Zum Andenken an den Stifter und Präsidenten dieses Vereins, Johann Heinrich Fierz, wurden die die [Name], die Heinrichstrasse und die Johannesgasse nach ihm benannt.",Fierzgasse,5,1878
zs_e9ac3906be28,"Ortschaft am Fuss der Rigi in der politischen Gemeinde Arth, im Kanton Schwyz.",Goldauerstrasse,6,1909
zs_0b6901a7bf6e,"Jakob Robert Billeter (1857-1917): Zürcher Stadtpräsident 1909-1917, Redaktor der Neuen Zürcher Zeitung 1886-1896, dann Stadtrat, Kantonsrat (ab 1899) und Nationalrat (ab 1911). Billeter hat als freisinniger Finanzvorstand durch den Kauf von etwa 95 Hektar Bau- und Kulturland und 288 Hektaren Wald eine weitsichige Bodenpolitik betrieben, welche es der Stadt ermöglichte, die bauliche Entwicklung mitzugestalten.

Plaque: Robert Billeter (1857-1917)
Stadtpräsident 1909 bis 1917",Billeterstrasse,7,1919
zs_dc5501ab1de4,Christian Albert Theodor Billroth (1829-1894): Professor für Chirurgie an der Universität Zürich von 1860 bis 1867.,Billrothweg,7,1903
zs_e741f3d4863c,"Erinnerung an die alte Einteilung der Feldflur in Gewanne, die im Sihlfeld «Anwände» genannt wurden: Mehrere lange und schmale Feldparzellen bildeten eine Anwand, um die herum Wege führten, von denen her der Zugang zu den einzelnen Parzellen möglich war.",Anwandstrasse,4,1891
zs_1163568630c6,"Flurname «Humbel» (1795) aus Hohenbüel wie Humberg aus Hohenberg. «Bühl» oder «Büel» bezeichnet einen länglichen, oft mit Reben besetzten Hügel.",Im Hummel,2,1940
zs_392989109ed3,"Benannt nach dem 3614 Meter hohen Tödi in den Glarner Alpen, dem höchsten Gebirgsmassiv der Nordostschweiz. In der Enge wurden um 1880/90 mehrere neue Strassen nach Schweizer Bergen benannt, die zum Teil vom damals angelegten Quai am Zürichsee, Alpenquai, aus sichtbar waren.",Tödistrasse,2,1877
zs_26342859acaf,"Benannt nach der alten Ortsgegend «am Nebelbach» in Zürich-Riesbach, die um 1840 aus drei Wohnhäusern bestand. Namensgebend war der gleichnamige, in Zollikon bei Witellikon entspringende Bach, der bei Tiefenbrunnen in den Zürichsee fliesst. Im 15. Jahrhundert hiess der Bach noch Näppelbach. Ob dieser Name etwas mit Nebel zu tun hat, der aus dem Bachgraben aufsteigt, ist ungewiss. Der [Name] führt über den Nebelbach.",Nebelbachweg,8,2019
zs_c99e634888aa,"Flurname für ein Feld mit vielen Maulwürfen, im Dialekt auch «Scher» oder «Tscher» genannt.",Schärenfeld,11,1935
zs_323f6a2f6243,"Gasse bei der Häusergruppe Florhof. Das Florhofquartier vor dem Kronentor am [street] trägt seinen Namen seit der Zeit um 1700. Namengebend war die Fabrikation von Seidenflor, die hier durch Textilunternehmer des 17. und 18. Jahrhunderts auf frühindustrieller Basis mit Erfolg betrieben wurde.",Florhofgasse,1,1865
zs_f5f95c84462a,"Weg zur 1863-1864 erstellten Badeanstalt für Männer und Knaben am Schanzengraben. Bis 1892 blieb der Weg ohne Namen, erst damals erfolgte die Bennennung, «der starken Begangenschaft während des Sommers» wegen, wie der Stadtrat schrieb.",Badweg,1,1892
zs_035058875fe8,"Albert Einstein (1879-1955): Mathematiker und Physiker, Physiknobelpreisträger. Nach seinem Physikstudium an der ETH Zürich arbeitete Albert Einstein 1902-1909 als Gutachter am Eidgenössischen Patentamt in Bern und publizierte zu dieser Zeit zur Lichtquantentheorie, resp. bewies die Äquivalenz von Masse und Gewicht (E=mc²). 1909-1911 war Einstein Professor an der Universität Zürich und 1912-1914 an der ETH. Dann wechselte er an die Universität in Berlin. 1921 erhielt er als Begründer der Relativitätstheorie den Physiknobelpreis. 1933 emigrierte Einstein in die USA und erwarb dort, neben seinem Bürgerrecht der Stadt Zürich, das er seit 1901 besass, 1940 die amerikanische Staatsangehörigkeit. Einstein vertrat schon im Ersten Weltkrieg pazifistische Positionen und wandte sich 1955 mit Bertrand Russell in einem Manifest gegen die Entwicklung und Verbreitung von Atomwaffen.",Einsteinbrücke,10,1973
zs_d63ba992f90d,Vermutlich nach einem ehemaligen Hausnamen Konkordia benannt.,Konkordiastrasse,7,1896
zs_b5eb72c52898,"Wohl im 18. Jahrhundert nach dem Haus zum Widder, Rennweg 1, benannte Gasse. Das Haus zum Widder war von 1401 bis 1799 das Zunfthaus der Metzgerzunft; der Widder, also der Schafbock, war ein beliebtes Zeichen von Metzgereien. Die Zunft übertrug um 1440 ihren Namen auch auf ihr Gesellschaftshaus.",Widdergasse,1,1865
zs_542f0089afa4,"Jakob Peter (1891-1980): sozialdemokratischer Stadtrat 1938-1958, Finanzvorstand. Er war Mitbegründer und Präsident der Familienheimgenossenschaft Zürich. Kümmerte sich nach dem Flugzeugabsturz von Dürrenäsch 1963 um das Dorf Humlikon und deren Waisenkinder; beim Absturz waren 43 Einwohner des Dorfes, darunter der gesamte Gemeinderat, umgekommen.",Jakob-Peter-Weg,3,1983
zs_0c57d62fb1e9,"Benedikt Fontana (gest. 1499): Anführer der Bündner Truppen im Schwabenkrieg, gefallen in der Schlacht an der Calven 1499.

Plaque: Benedikt Fontana (gestorben 1499)
Anführer der Bündner Truppen im Schwabenkrieg",Benedikt-Fontana-Weg,10,1954
zs_29e38967d19d,"Georg Büchner (1813-1837): hessischer Schriftsteller, Mediziner, Naturwissenschaftler und Revolutionär. Er studierte 1831-1833 an der medizinischen Fakultät in Strassburg vergleichende Anatomie und nahm nach seiner Rückkehr an die Universität Giessen an der Gründung der Gesellschaft für Menschenrechte teil, einer Geheimorgaisation nach französischen Vorbild, welche den Umsturz der politischen Verhältnisse im Grossherzogtum Hessen und in ganz Deutschland bezweckte. Im Juli 1834 wurde der von Büchner verfasste «Hessische Landbote» gedruckt, der unter dem Motto «Friede den Hütten - Krieg den Palästen» zur Revolution aufrief. 1835 verfasste er das Drama «Dantons Tod» und floh, nachdem er steckbrieflich gesucht wurde, nach Strassburg. Hier schrieb er seine Disseration über das Nervensystem der Barbe, die 1836 an der Universität Zürich angenommen wurde und das Lustspiel «Leonce und Lena». Im gleichen Jahr zog er nach Zürich und wurde Privatdozent an der Universität. Sein Dramafragement «Woyzeck» nahm er hierher mit, vollendete es aber nicht. Er infizierte sich an Typhus und verstarb 1837. Der nach Georg Büchner beannte Büchnerpreis ist der wichtigste deutschsprachige Literaturpreis.

Plaque: Georg Büchner (1813-1837)
Deutscher Dichter
Dozent für Naturgeschichte an der Universität",Büchnerstrasse,6,1906
zs_6fb18c5bdc4b,"Friedrich Erismann (1842-1915): Zürcher Arzt, Hygieniker und Politiker. Ab 1869 wirkte er in St. Petersburg (Russland). Er war ein Pionier der wissenschaftlichen Hygiene in Russland, wo er als Mitverfasser und Redaktor der 19-bändigen Untersuchung über die gesundheitlichen Verhältnisse in den Fabriken des Moskauer Gouvernements (1879-1985) wirkte. 1884-1896 war er Professor für Hygiene an der Universität Moskau und Leiter des Hygiene-Instituts und wurde 1896 aus politischen Gründen entlassen. 1901-1915 leitete er als sozialdemokratischer Stadtrat in Zürich das Gesundheitswesen, wo er sich auch für die Förderung des sozialen Wohnungsbaus einsetzte.

Plaque: Friedrich Erismann (1842-1915)
Stadtrat 1901 bis 1915
Förderer des sozialen Wohnungsbaus",Erismannstrasse,4,1927
zs_ae6ec5ba444d,"Platz im Schnittpunkt Seebacherstrasse, Höhenring, Schaffhauserstrasse und der katholischen Maria-Lourdes-Kirche in Zürich-Seebach. Die 1212 erstmals urkundlich erwähnte Siedlung Seebach ist nach dem Katzenbach, bis 1916 als Seebach bezeichnet, benannt.",Seebacherplatz,11,2004
zs_27f2bcebf8a3,"Flurname «der Gemeind Rütinen» (1551): «Rütinen» oder «Rütenen» ist der Plural von Rüti, womit ein abgeholztes, urbar gemachtes Waldstück gemeint ist.",In den Rütenen,9,1933
zs_63ad4c9d36ec,"Strasse, die auf den ehemaligen Leerlauf genannten Abwasserkanal von der Spinnerei Wollishofen in die Sihl angelegt wurde.",Spindelstrasse,2,1974
zs_05afc73d3cad,"Waldteil, nördlich der Escherhöhe gelegen.",Oberholzstrasse,7,1956
zs_b52ff1ef33c1,Flurname bei der ehemaligen vorreformatorischen St. Galluskapelle.,Kirchenackerweg,11,1923
zs_90e03e456012,"Flurname aus der Verkürzung des Begriffes Tuff- oder Tugstein, das poröses Gestein mehrheitlich vulkanischen Ursprungs bezeichnet.",Tuschgenweg,2,1938
zs_d3c310d4c9b3,"Flora Steiger-Crawford (1899-1991): Schweizer Architektin, Möbeldesignerin und Bildhauerin. Bekannt ist sie vor allem für ihren Stapelstuhl mit Stahlgestell, den sie für das neue Zett-Haus am Stauffacher schuf (1932).Das von ihr und ihrem Mann, dem Architekten Rudolf Steiger, erbaute Haus Sandreuter in Riehen von 1924 gilt als erstes modernes Haus der Schweiz. Sie war die erste diplomierte Architektin ETH Zürich 1923.",Flora-Steiger-Crawford-Platz,10,2010
zs_929dadef9226,"Im Jahr 1888 durch die Holzhändler Hans und Augustin Lüthi erstellte Privatstrasse, die ihrem Wunsch gemäss mit dem Vornamen Paul bezeichnet wurde. Johann Paul war der im Jahr 1880 geborene Sohn von August und der einzige männliche Nachkomme der Holzhändlerfamilie Lüthi.",Paulstrasse,8,1889
zs_f996e31130ef,"Die Marchwart, lateinisch marquardus, ab ca. 1290 auch Marchwart von Wollishofen genannt, waren ein Zürcher Ratsgeschlecht des 13. und 14. Jahrhunderts.",Marchwartstrasse,2,1931
zs_49d3fca6c375,"Heinrich Näf (1830-1888): Lehrer an der Sekundarschule Neumünster 1864-1888, ab 1868 Erziehungsrat und Lehrer für Pädagogik am Seminar Küsnacht sowie 1874-1888 Dozent an der Universität Zürich für Lehramtskandidaten.",Näfgasse,8,1895
zs_1ceaa8b47ab9,Früher soll sich in diesem in Zürich-Hottingen gelegenen Waldstück eine Köhlerei (zum Brennen von Holzkohle) befunden haben.,Köhlerstrasse,7,1956
zs_cbd00fb98d2f,"Ignaz Heim (1818-1880): Komponist, populärer Förderer des Chor- und Volksgesangs. Namensgebend war das 1883 vom Schweizerischen Sängervereine errichtete Denkmal für Ignaz Heim. Der Chor- und Volksgesang hatte im 19. Jahrhundert einen grossen Stellenwert und wurde von breiten Kreisen intensiv gepflegt. Vor der Umbenennung in [Name] 1892 hiess der Platz wegen der Nähe zur 1842 eingeweihten Kantonsschule, [street] 59, Kantonsschulplatz.",Heimplatz,1,1892
zs_91d6b6af8adf,"Benjamin Franklin (1706-1790): Amerikanischer Staatsmann. Beteiligt am Entwurf der Unabhängigkeitserklärung der Vereinigten Staaten und einer ihrer Unterzeichner, Diplomat, Schriftsteller, Verleger und Drucker sowie Naturwissenschaftler. Berühmt wurde Franklin um 1750 als der Erfinder des Blitzableiters.

Plaque: Benjamin Franklin (1706-1790)
Amerikanischer Staatsmann
Erfinder des Blitzableiters",Franklinstrasse,11,1933
zs_2c2ed6602025,"Strasse an einem Acker, an dem ein auffallend grosser Birnbaum stand.",Baumackerstrasse,11,1898
zs_f72a8e0432ca,"Flurname in Zürich-Wollishofen, der auf einen früheren Viehweg, der zu den Weiden führte, hinweist. Der [Name] verläuft östlich der Kühgasse.",Kühweidweg,2,1997
zs_916f12e88b41,"Sigi Feigel (1921-2004): langjähriger Präsident der Israelitischen Cultusgemeinde Zürich und Kämpfer gegen Rassismus und Antisemitismus.

Plaque: Sigi Feigel (1921-2004)
langjähriger Präsident der Isrealitischen Cultusgemeinde Zürich
und Kämpfer gegen Rassismus und Antisemitismus.",Sigi-Feigel-Terrasse,1,2006
zs_d9e6917027b3,"Hermann Goetz (1840-1876): Deutscher Komponist. Er wirkte seit 1870 in Zürich als Pianist, Komponist, Musikkritiker und Klavierlehrer. Er starb in Zürich-Hottingen.

Plaque: Hermann Goetz (1840-1876)
Komponist, 1870 bis 1876 in Zürich",Goetzstrasse,6,1907
zs_1c06b5540409,"Südlicher Zugang zum und der Weg über den Lindenhof. Bis ins 19. Jahrhundert hiess der Zugangsweg Hofgasse oder vordere Hofgasse, da auch der Lindenhof früher nur der Hof genannt wurde. Die Umbenennung in [Name] im Jahr 1880 erfolgte, weil es auch in Hottingen eine Hofgasse gab. Der neue Name erinnert an die Pfalz, d. h. an den Palast des Reichsoberhauptes, der vom 10. bis 12. Jahrhundert auf dem Lindenhof stand. Vor allem im 11. Jahrhundert stattete der deutsche König oder Kaiser Zürich zahlreiche Besuche ab. Die Pfalz und die Burganlage auf dem Lindenhof wurden vermutlich im 13. Jahrhundert von der Stadt beseitigt, nachdem sie ihre Unabhängigkeit erlangt hatte.",Pfalzgasse,1,1880
zs_85733a4720f0,"Imbiss könnte sich ableiten von «Immi», der mundartlichen Bezeichnung für Bienen. Der schon 1429 erwähnte Flurname «Imbisbühl» würde dann für Bienenhügel stehen. Die [Name] ist die Strasse auf diesen Hügel.",Imbisbühlstrasse,10,1932
zs_465f89cdbdae,"Baumname: Europäische Baumart, zählt zu den am höchsten wachsenden Laubbäumen.",Eschenweg,11,1925
zs_e38ba0c0e55e,"Eine in Albisrieden alteingesessene, mittlerweile ausgestorbene Familie.

Plaque: Spiser
Ausgestorbene Familie von Albisrieden",Spiserstrasse,9,1932
zs_6805f38d1663,"Flurname «Oberscheuer» (1665), «Oberscheuren» (1788): ehemaliges Rebgelände und Äcker an der Seeblickstrasse 20-46 und 25-41.",Oberscheunenweg,2,1999
zs_0b6a101174d6,"Flurname «Im Moos» auf dem Zürichberg, d. h. feuchtes Waldgebiet. In der Nähe der [Name] verlaufen der Peterstobelbach und der Spitalerbach.",Moosholzstrasse,6,1956
zs_214adc8259b0,"Im Rank, alter Ortsteil in Hirslanden. Die [Name] war ursprünglich ein Zweig der Forchstrasse, die, vom Dorfkern von Hirslanden herkommend, hier abbog, einen Rank machte und dann im Zuge der Hofackerstrasse zum Hegibachplatz führte.",Rankstrasse,7,1880
zs_1efd8e314633,"Gasse, die zu den um 1600 erbauten und um 1900 beseitigten Seidenhöfen führte. Diese waren ursprünglich Wohn-, Geschäfts- und Fabrikgebäude von Familien wie den Werdmüllern, die im 17. und 18. Jahrhundert sehr erfolgreich Seide produzierten und mit Seide internationalen Handel betrieben.",Seidengasse,1,1863
zs_340979543cc1,"Strasse nach dem und beim Krähbühl, einer alten, bereits im 15. Jahrhundert erwähnten Ortsgegend am Zürichberg in Fluntern, die noch um 1840 aus nur einem Hof bestand. Die Herkunft und die Bedeutung des Namens sind umstritten. Vielleicht rührt er von einem Familiennamen Kry oder vom Namen der Krähe aus der Familie der Rabenvögel her; «Bühl» ist ein Hügel oder ein Abhang.",Krähbühlstrasse,7,1878
zs_45475f6186f4,"Frei gewählter Name der Querstrasse zur Stettbachstrasse, welche nach dem Weiler in der Gemeinde Dübendorf benannt ist.",Stettbacherrain,12,1957
zs_6430286c6da9,"Friedrich von Schiller (1759-1805): Einer der bedeutendsten deutschsprachigen Dichter. Schiller veröffentlichte lyrische Werke und Erzählprosa, aber auch philosophische und historische Schriften, vor allem aber Dramen, wie «Die Räuber», «Kabale und Liebe», «Don Carlos», «Wallenstein», «Maria Stuart» oder «Die Jungfrau von Orléans». Als Verfasser des Schauspiels «Wilhelm Tell» erhob man Schiller schon beinahe in den Rang eines Schweizer Nationaldichters.",Schillerstrasse,1,1893
zs_c353761ddfd7,"Strässchen beim Klingenpark im Industriequartier. Der Park geht auf die Gartenanlage der Schweizer Landesausstellung und ihrer Landwirtschaftsabteilung von 1883 zurück, und auch der Name [Name] dürfte sich auf diese Gartenanlage und damit die Ausstellung von 1883 beziehen.",Baumgasse,5,1882
zs_8f7cb632197a,"Mascha Kaléko (1907-1975): Deutschsprachige, der Neuen Sachlichkeit zugerechnete Dichterin («Das lyrische Stenogammheft»). Sie emigrierte 1938 zusammen mit ihrer Familie in die USA und später nach Israel. Mascha Kaléko hielt sich verschiedentlich in Zürich auf, wo sie 1975 auch starb.

Plaque: Mascha Kaléko-Engel (1907-1975)
Deutsche Lyrikerin",Mascha-Kaléko-Weg,11,1996
zs_94f584b666d7,Schon 1485 erwähnte Bezeichnung für den Durchgang zwischen den dicht stehenden Handwerkerhäusern oberhalb des [street].,Gässli,10,1904
zs_901adbcae057,"Spätestens ab 1541 unter diesem Namen erwähnte Gasse, die vom Rennweg hinab zur heutigen Bahnhofstrasse und damit zur ehemaligen Stadtmauer mit dem 1460 so geheissenen einstigen Kuttelturm führte. Warum der Turm und dadurch die Gasse so benannt wurden, ist unklar. Kutteln sind die Innereien von Schlachttieren. Kuttler war die Berufsbezeichnung für den Innereien verarbeitenden Metzger sowie ein Familienname, der im 15. Jahrhundert in Zürich vorkam.",Kuttelgasse,1,1865
zs_f8d814d00314,"Steig nach dem und beim Krähbühl, einer alten, bereits im 15. Jahrhundert erwähnten Ortsgegend am Zürichberg in Fluntern, die noch um 1840 aus nur einem Hof bestand. Die Herkunft und die Bedeutung des Namens sind umstritten. Vielleicht rührt er von einem Familiennamen Kry oder vom Namen der Krähe aus der Familie der Rabenvögel her; «Bühl» ist ein Hügel oder ein Abhang.",Krähbühlsteig,7,1913
zs_533eb707b8f6,"Anlehnung an den nahegelegenen Bach, der offiziell Stöckentobelbach heisst, in der Bevölkerung aber Elefantenbach genannt wird und in dem seit 1898 ein vom Verein zur Verschönerung Zürichs und Umgebung errichteter grosser Elefant aus Zement steht. Die Bezeichnung «Elefantbach» gibt es allerdings schon seit den 1830er Jahren, wohl wegen der Elefanten, deren Profil in einer Felsformation oberhalb der «Schlyfi» bis heute erahnt werden kann.

Plaque: Der «Stöckentobelbach» wird im Volkmund «Elefantenbach» genannt.",Elefantenweg,7,2004
zs_e9d2c6e0f15d,"Elias Canetti (1905-1994): Aus Bulgarien stammender deutschsprachiger Schriftsteller und Dramatiker spanisch-jüdischer Herkunft, Literaturnobelpreisträger. Autor von Romanen («Die Blendung» 1935), Essays («Die Hochzeit» 1932), Dramen («Komödie der Eitelkeiten» 1950) und Aphorismen (u. a. «Die Provinz des Menschen» 1973, «Die Fliegenpein» 1992). Sein theoretisches Hauptwerk «Masse und Macht» erschien 1961. Canetti lebte während seiner Jugend 1916-1921 und dann wieder in den Jahren vor seinem Tod in Zürich, wo er auch begraben ist. Er erhielt zahlreiche Auszeichnungen, u. a. 1972 den Georg-Büchner-Preis, 1981 den Nobelpreis für Literatur.

Plaque: Elias Canetti (1905-1994)
Schriftsteller, Nobelpreis 1981",Elias-Canetti-Strasse,11,1996
zs_c538905d02d9,"Blumenname, lateinisch für Cyclamen, d. h. Alpenveilchen, die in den hiesigen Wäldern vorkommen. Der [Name] hiess vor 1933 Maierisliweg.",Cyklamenweg,9,1933
zs_1f53b1219420,"Abegg: Unternehmerfamilie aus Küsnacht (ZH), alter Wipkinger Familienname.",Abeggweg,6,1928
zs_0f6a6689f5ba,"Frei gewählter Name, nach den Flurnamen «Luchswiese» oder «Luchswiesenweg» gebildet.",Am Luchsgraben,12,1947
zs_d67b7ba47a5a,"Flurname «Hohlberg», ein zum Berge führender Hohlweg, erstmals 1447 erwähnt. Ein Hohlweg entsteht meist im Laufe der Jahrhunderte durch die häufige Nutzung von Naturstrasse mit Fuhrwerken und Vieh sowie durch abfließendes Regenwasser in das umgebende Gelände.",Am Holbrig,10,1976
zs_a73d733a6cb1,"Flurname, der sich aus dem neuen Brunnen, «Neubrunnen», gebildet hat.",Neunbrunnenstrasse,11,1932
zs_314e93c90297,"Schon 1474 erwähnter Flurname «Bletschacker», der lautmalerisch das Plätschern eines kleinen Wasserfalls des Holderbaches aufnimmt.",Plätschweg,11,1933
zs_32e7173b3c02,"Platz neben dem alten Dorfkern von Schwamendingen im Zentrum des heutigen Quartiers Schwamendingen. Der Name erinnert an die Leute des alemannischen Siedlers Swabmunt, den Suamundinga oder Suamindinga, aus dem 9./10. Jahrhundert.",Schwamendingerplatz,12,1977
zs_d92d6d5b2285,Flurname für eine Weide an der Sihl in Zürich-Leimbach.,Sihlweidstrasse,2,1973
zs_a9f58db6f84f,"Römischer Kriegsgott; Name eines Planeten. Der Mars ist, von der Sonne aus gesehen, der vierte Planet im Sonnensystem.",Marsstrasse,2,1928
zs_9289c8694535,"Alte, seit 1401 in Riesbach ansässige Familie aus Tuggen in der March. Ein Heinrich Tuggener teile sich im 16. Jahrhundert mit Felix Gossauer in den Besitz des Landes am rechten Ufer des Hornbaches bis zum Mühlebach.",Tuggenerweg,8,1934
zs_05c8054488c5,"Benannt nach dem 1924 erbauten Haus zur Haselmuus, [Name] 9.",Haselweg,7,1924
zs_b55a7a1c21f4,"Alemannen (Alamannen): Germanisches Volk, das um die Mitte des 6. und im 7. Jahrhundert die Ostschweiz und damit auch das Gebiet von Zürich besiedelte. Sie gelten zusammen mit den keltischen Helvetiern und den Römern zu den Vorfahren der heutigen einheimischen Bevölkerung der Deutschschweiz.",Alemannensteig,3,1907
zs_8e08efdd484f,"Weiblicher Vorname. Ursprünglich hatte der damalige Hauptanstösser, die Autobestandteil-Fabrik Junker & Ferber, vorgeschlagen, die Strasse nach ihrem vormaligen Firmennamen Nova-Werke AG mit «Novastrasse» zu benennen. Der Stadtrat fand es aber nicht angebracht, die Strasse nach eine Firma zu benennen, und wählte  kurzerhand die ähnliche Bezeichnung «[Name]».",Norastrasse,4,1930
zs_00c07024874d,"Serpentin, auch Schlangenstein, Magnesiumsilikat. Gelb- bis dunkelgrünes Gestein oder Mineral.

Plaque: Serpentin auch Schlangenstein.
Magnesiumsilikat. Gelb- bis dunkel-
grünes Gestein oder Mineral",Serpentinweg,7,2004
zs_928bad0f0cd1,"Der Flurname Wisler, der 1644 erstmals erwähnt wurde, könnte sich herleiten vom Grundstück eines Eigentümers namens Wyss oder vom Wiesel oder Marder.",Wieslergasse,10,1904
zs_33c9abdf6aac,"Platte oder «Blatten» als häufiger Flurname, der eine Geländestufe an einem Berghang oder ein Plateau bezeichnet. In Zürich-Fluntern ist der Name bereits im 15. Jahrhundert bezeugt. Die Ortsgegend Platte bestand um 1840 aus fünzehn Wohnhäusern.",Plattenstrasse,7,1866
zs_b4e72817a036,Hans Jakob Burri (1728-1800): Lehrer in Schwamendingen 1754-1800.,Burriweg,12,1945
zs_5a9da38afeb3,Benannt nach der Siedlung der Baugenossenschaft der Eisenbahner.,Eisenbahnerstrasse,9,1933
zs_e4d1a74555ee,"Flurname. «Albis» stammt aus dem gallorömischen «ad alpas», bedeutet Berg oder Alpweiden.",Grossalbis,3,1933
zs_f429eb7e8f9c,"Fussweg, der seit langer Zeit inoffiziell von der umliegenden Bevölkerung [Name] genannt wird.",Brombeeriweg,3,2003
zs_998b6470873a,"Strasse, die auf den Gubel führt. Ein Gubel ist eine rundliche Anhöhe.",Gubelstrasse,11,1898
zs_65c1cabf3f5e,"Das Land zwischen dem Seeufer und dem [Name] wurde seit dem Mittelalter als städtische Leinwand-Bleichen genutzt. Hier wurden die Leinentücher ausgelegt, um in der Sonne gebleicht zu werden.",Bleicherweg,1+2,1877
zs_4044063124ec,"Strasse in Hottingen, 1863 angelegt als Privatstrasse beim 1865 erbauten Haus zum Schönbühl, [Name] 20. «Bühl» ist ein häufig vorkommender Flurname für einen Hügel oder Abhang, das Schönbühl bezeichnet somit den schönen, bevorzugten Ort mit Aussicht, an dem das Haus gebaut wurde.",Schönbühlstrasse,7,1881
zs_7e7872d8c6c0,"Stefano Franscini (1796-1857): Schweizer Politiker, Bundesrat 1848-1857, Publizist und Statistiker. Legte mit seiner Pioniertätigkeit das Fundament für das Eidgenössische Polytechnikum, das Eidgenössische Statistische Amt und das Schweizerische Bundesarchiv.

Plaque: Stefano Franscini (1796-1857)
Schweizer Politiker, Bundesrat, Schullehrer, Publizist und Statistiker.
Legte mit seiner Pioniertätigkeit das Fundament für das Bundesamt für
Statistik. Er trug massgeblich zur Gründung der ETH bei.",Stefano-Franscini-Platz,10,2010
zs_66605e83ffcf,"Interne Verbindungsstrasse in der zwischen Saatlen-, Wallisellen- und Überlandstrasse gelegenen Siedlung Im [Name] der 1943 gegründeten Arbeiter-Siedlungs-Genossenschaft ASIG, heute ASIG Wohngenossenschaft.",Dreispitz,12,1945
zs_9f7ffbde691c,"Flurname «[Name]» (1335), «Garwiden» (1572) oder «Garnwiden», alter Name der Waldrebe, mundartlich «Niele», wegen ihrer seilartig langen Stengel auch wie Weidenbänder zur Korbflechterei gebraucht.",Gorwiden,11,1948
zs_d0cceb320e2f,"Fussweg, der durch das Schwamendinger-Dreieck, das sich zwischen der Winterthurer- und Dübendorfstrasse befindet und durch die Roswiesenstrasse abgegrenzt ist, führt.",Im Dreieck,12,2025
zs_3e44198be22e,Benannt nach der alten Ortsbezeichnung und Häusergruppe in Zürich-Fluntern. Bezeugt ist Schneckenmann als Rufname für Schneckenzüchter oder Schneckenhändler. Schnecken wurden namentlich im 17. Jahrhundert aus zürcherischem Gebiet bis nach Italien exportiert.,Schneckenmannstrasse,7,1870
zs_b4f65adc8e33,"Benannt nach Minerva, der römischen Göttin der Weisheit und Kunstfertigkeit, so auch der Handwerker, der Dichter und Lehrer. Eine von mehreren Strassen in Zürich-Hottingen, deren Benennung an die römische Antike erinnert.",Minervastrasse,7,1889
zs_9c340c1b38cb,"Strasse in Aussersihl, angelegt als Zugang zu den 1863/64 von der Aktiengesellschaft für Erstellung von Arbeiterwohnungen gebauten Wohnhäusern mit Werkstätten. In wenigstens einer der Werkstätten war eine Schreinerei angesiedelt, die der Strasse um 1880 den Namen gab. Die Arbeiterhäuser an der [Name] wurden 1979 abgetragen.",Schreinerstrasse,4,1882
zs_fe28164ff115,"Vermutlich zu Ehren der Buren in Südafrika, die 1899-1902 im Abwehrkampf gegen Grossbritannien standen.",Burenweg,7,1903
zs_73a00e421acf,"Konrad Moosberger (1863-1921): Arzt und Präsident der Kreisschulpflege IV (Oberstrass, Unterstrass, Wipkingen) von 1904 bis 1921.

Plaque: Konrad Moosberger (1863-1921)
Arzt, Kreisschulpflegepräsident 1904 bis 1921",Moosbergerweg,10,1923
zs_8bcf66349a19,Flora Ruchat-Roncati (1937-2012): Tessiner Architektin. Erste ordentliche Professorin an der ETH Zürich 1985-2002.,Flora-Ruchat-Roncati-Garten,10,2013
zs_dbceb8fd4da3,"FIFA: Fédération Internationale de Football Association. Weltfussballverband, gegründet am 21. Mai 1904 in Paris, seit 1932 Sitz in Zürich.

Plaque: FIFA-Weltfussballverband,
gegründet am 21. Mai 1904 in Paris
in Zürich seit 1932",FIFA-Strasse,7,2004
zs_995ed938e94d,"Im Jahr 1878 erstellte Privatstrasse in Riesbach, die zunächst Steingasse hiess. Um eine Verwechslung mit der gleichnamigen Strasse in Wiedikon auszuschliessen, erfolgte 1892 die Umbenennung, und es wurde aus dem grösseren «Stein» der kleinere «Kiesel(stein)». Der «Stein» im Strassennamen steht vielleicht für das Geschiebe, das der nahe Hornbach stets mit sich führte.",Kieselgasse,8,1892
zs_c88115241b88,Die Wiese liegt bei der ehemaligen Giesserei der Maschinenfabrik Escher-Wyss.,Giessereiwiese,5,1995
zs_1123d9d9a075,Erinnerung an das vor der Überbauung fruchtbare Ackerland von Aussersihl im sogenannten oberen Sihlfeld zwischen der Limmat und der Sihl.,Ackerstrasse,5,1878
zs_e60c02ff979a,"Benannt nach dem damaligen Restaurant Casino Hottingen, Bierhalle mit Gartenwirtschaft, einem beliebten Treffpunkt in Hottingen. Das Haus wurde 1846 erbaut, gehörte seit 1919 der Neuapostolischen Gemeinde und wurde 1977 abgetragen.",Kasinostrasse,7,1889
zs_71c248041280,"Geschlecht von Albisrieden, schon im 18. Jahrhundert bekannt.

Plaque: Diggelmann
Familie von Albisrieden",Diggelmannstrasse,9,1951
zs_135e4c5e158f,"Else Züblin-Spiller (1881-1948): Journalistin, Ehrendoktorin der Universität Zürich 1941; Initiantin der Soldatenstuben im ersten Weltkrieg, daher bekannt als «Soldatenmutter»; Präsidentin des Verbandes Volksdienst, Aktivistin der Frauenbewegung, Mitgründerin und die erste Präsidentin des zivilen Frauenhilfsdienstes 1938.",Else-Züblin-Weg,9,2003
zs_7f1f087cd69c,Wiese beim alten Schiessplatz von Oerlikon im Althoos.,Schützenmatt,11,1950
zs_7b6400e0d630,"Im Jahr 1864 als Privatweg angelegte Strasse beim Haus zum Freienstein (1859-1953), Plattenstrasse 69. Vielleicht wollte der Name an eine «freie» und «feste» Burg erinnern, die das Haus für seinen Besitzer sein sollte.",Freiensteinstrasse,7,1881
zs_e09f22d7d4bf,"Führt zum Forsthaus Adlisberg, Dreiwiesenstrasse 240-252.",Forsthausstrasse,7,1956
zs_3b0ed8aee849,"Strasse, die ursprünglich zum 1821 eingeweihten und 1898 aufgehobenen Friedhof Sankt Jakob in Aussersihl führte. An der Stelle des 1844 errichteten Bet- und Abdankungshauses steht seit 1901 die Kirche Sankt Jakob. Sankt Jakob war der Name der Kapelle und der Anstalt für Aussätzige, ein Siechenhaus, die 1221 erstmals erwähnt und 1903 abgebrochen wurden, Badenerstrasse 15. Von 1677 bis 1842 war das Siechenhaus eine Pfrund- oder Versorgungsanstalt für alte Leute.",St. Jakobstrasse,4,1882
zs_42e38e313523,"Abgeleitet vom Flurnamen «Looren», d. h. steiniges Gelände entlang einer Halde.",Loorenhalde,7,1958
zs_f9da7cb1a0f7,"Kurt Guggenheim (1896-1983): Zürcher Schriftsteller (Hauptwerk: «Alles in Allem») und Dramatiker sowie Literaturpreisträger der Stadt Zürich 1955.

Plaque: Kurt Guggenheim (1896-1983)
Zürcher Schriftsteller, Hauptwerk «Alles in Allem»
1955 Literaturpreisträger der Stadt Zürich",Kurt-Guggenheim-Strasse,1,1999
zs_09c8f26e0a6c,"Benannt nach der Wollstückfärberei, Bleicherei und Appretur Schütze & Co. Die Fabrik an der Limmatstrasse 309 wurde 1893 eröffnet und die Gebäude sind 1978 abgetragen worden. Im September 2016 wurde die Errichtung eines Schul- und Quartierzentrums auf dem Areal beschlossen. Eine Realisierung des Weges steht noch aus.",Schützeweg,5,1994
zs_ad2389cd1e19,Im Hinblick auf den Bau der mittleren Bahnhofstrasse und zur Zentralisierung der speziell um den Paradeplatz verstreut liegenden Militäranstalten tauschten der Kanton und die Stadt 1864 verschiedene Militärliegenschaften gegen das Kasernenareal in Aussersihl ab. Als Verbindung zwischen den 1858 errichteten Militärstallungen am Schanzengraben und der zu erstellenden Kaserne wurde 1866 die zuerst Kasernenbrücke genannte [Name] gebaut. Es ist eine Eisenbrücke auf zwei gemauerten Jochen.,Militärbrücke,4,1885
zs_4f1d0b5320c5,"Genannt nach dem alemannischen Siedler Wibicho, vom dem sich der Name Wipkingen herleitet.",Wibichstrasse,10,1908
zs_2e7d57e633d2,"Flurname (1533) in Schwamendingen mit Hinweis auf Wiesen, die vermutlich zu einem Haus zur Krone gehörten. Der [Name] verläuft östlich der Kronwiesentrasse gegen den Luchsweg.",Kronwiesenweg,12,1948
zs_1f3bf18fc925,"Flurname nach einem schräg in den Fluss gestellten Wehr, einer «Schüpf», im Mühlehaldentobel.",In der Schüpf,10,1932
zs_16c3d0ee7c5a,"Strasse zum und im ehemaligen Dorf Seebach. Die 1212 erstmals urkundlich erwähnte Siedlung Seebach ist nach dem Katzenbach, bis 1916 als Seebach bezeichnet, benannt.",Seebacherstrasse,11,1895
zs_66785fe33917,"Alter Ortsteil von Hirslanden an der Strasse gegen die Forch, der um 1840 aus fünf Wohnhäusern bestand. Namensgebend war die Lage am Hegibach, der am Hirslandenberg oberhalb der Klus entspringt und unterhalb des [Name] in den Wehrenbach bzw. Hornbach mündet. «Hegi» bezeichnet eine Einzäunung, einen umzäunten oder eingehegten Ort. Hegibach somit wohl einen Bach, der einem Zaun oder Hag entlang fliesst.",Hegibachplatz,7,1898
zs_34c3563f91d7,Konrad Denzler (1844-1897): Pfarrer in Aussersihl von 1883 bis 1897.,Denzlerstrasse,4,1912
zs_8d36d8245165,"Flurname für ein Waldstück, um das scheinbar ein Rechtsstreit geführt wurde.",Streitholzstrasse,6+12,1923
zs_2687e6be2cc8,"Strasse am linken Ufer der Sihl, gegenüber der am rechten Ufer der Sihl liegenden Spinnerei Wollishofen in der Manegg. Der Name soll an den Produktionsschritt des Zwirnens bei der Garnveredelung erinnern. Beim Zwirnen werden zwei oder mehr Einzelfäden oder Zwirne zusammengedreht, um eine höhere Reissfestigkeit der Fäden und gleichmässigere Stoffe zu erzeugen.",Zwirnerstrasse,2,1897
zs_93a4ff86e996,"Franz Xaver Imfeld (1853-1909): Ingenieur-Topograf. Er war einer der bedeutendsten Panoramazeichner, Reliefkünstler, Kartografen und Planer von Bergbahnen der Schweiz. Imfeld lebte seit 1886 in Zürich-Hottingen und ist hier gestorben (Grabstätte auf dem Friedhof Enzenbühl).",Imfeldsteig,10,1913
zs_a30c4bc91327,"Tiername, Benennung nach einer einheimischer Amphibienart.",Feuersalamanderweg,2+3,2011
zs_5a9ac1731ff0,Die Baugenossenschaft Schönau ist aus der protestantischen Gewerkschaftsbewegung hervorgegangen und wurde 1947 im Hinblick auf die Überbauung am [Name] gegründet.,Schönauring,11,1948
zs_e25ca6e65817,"Flurname «Allenwiesli», ursprünglich vielleicht «Salenwiesli» d. h. kleine mit Sal-Weiden bestückte Wiese. Der Flurname lautete ursprünglich «Salenwiesli» und bezeichnete eine kleine Wiese auf der Salweiden wuchsen. Irrtümlich wurde dieser Name dann statt als «Salenwiesli» als «das Alenwiesli» aufgefasst, der Anlaut S also als Artikel (da)s verstanden und abgetrennt.",Allenwiesliweg,7,1988
zs_38054d5b8e3f,"Zugangsweg vom Niederdorf zum einstigen oberen Mühlesteg über die Limmat, auf dem sich zeitweise sechs Mühlen befanden. Unter dem Namen [Name] ist die Gasse im Jahr 1445 erstmals erwähnt. Der Mühlesteg wurde 1913 durch die heutige Rudolf-Brun-Brücke ersetzt; gleichzeitig wurde die [Name], die 1877 bis zum Seilergraben verlängert worden war, verbreitert und zu einer wichtigen Verkehrsachse ausgebaut.",Mühlegasse,1,1865
zs_a06a932a36dd,Petrus Josephus Wilhelmus Debye (1884-1966): Niederländischer ETH-Professor für theoretische Physik 1911-1912 und 1920-1927. Er erhielt 1936 den Nobelpreis für Chemie.,Peter-Debye-Weg,10,2010
zs_c901c7e0b734,"Um 1887 angelegte Verbindungsstrasse in Aussersihl, die nach Freya benannt wurde, der altnordischen Göttin der Wohlfahrt, Liebe und Fruchtbarkeit. Im 19. Jahrhundert wurde der Name im deutschsprachigen Raum auch als weiblicher Vorname beliebt.",Freyastrasse,4,1887
zs_8e892f001149,"Cordelia Guggenheim (1935-1963): Ansagerin und Moderatorin beim Schweizer Fernsehen von 1957 bis zu ihrem Tod bei einem Autounfall 1963. Der Weg bildet zusammen mit der Fernsehstrasse, dem Kurt-Früh- und dem Heidi-Abel-Weg die Gruppe der so genannten Fernsehstrassen in der Nähe der Studios des Schweizer Fernsehens.

Plaque: Cordelia Guggenheim (1935-1963)
Ansagerin und Moderatorin beim Schweizer Fernsehen 1957 bis 1963",Cordelia-Guggenheim-Weg,11,1996
zs_fed14a874704,"Flurname «Geeren», d. h. in einem spitzen Winkel auslaufendes Grundstück, wie etwa auf der Wildkarte um 1850 ersichtlich.",Geerenweg,9,1924
zs_223ef3aeec8f,"Hauptgasse, welche die einstige Marktgegend mit dem Grossmünsterstift verbindet, die zum weiteren Bereich des Münsters gehörte und an der auch Chorherrenhäuser lagen. Die Gasse wird im Jahr 1275 erstmals erwähnt, der Name [Name] taucht ab 1493 in den Quellen auf.",Münstergasse,1,1865
zs_6c115600e935,"Flurname für einen abgeholzten Waldboden, in welchem sich noch Wurzelstöcke befinden.",Stöckenweg,7,1997
zs_5f9d75110b12,"Weg durch die Wiesen in der Nähe des Rütihofs.
2019 wurde die Benennung [Name] aufgehoben. Gleichzeitig wurde die Hauswiesenstrasse von der Rütihofstrasse bis zur [street] verlängert.",Hauswiesenweg,10,1986
zs_c14600a61afc,"Brücke über die Sihl, welche direkt in den Spulenweg führt. Der Name ist eine Reverenz an die Spinnerei Wollishofen.",Spulenbrücke,2,2008
zs_77c89f4feacd,"Die mittlere von drei Verbindungsgassen in der Neustadt, die deshalb vom 15. bis ins 18. Jahrhundert die mittlere Gasse oder die zweite Gasse hiess. Der Name Fränklisgässli, vielleicht in Anlehnung an einen Personennamen wie Frank, taucht im 17. Jahrhundert ebenfalls auf, setzte sich aber erst nach 1800 durch.",Frankengasse,1,1865
zs_fe01cbf9ff26,"Flurname, d. h. feuchtes, sumpfiges Waldstück in der Nähe des Schwimmbades Im Moos in Schlieren.",Mösliweg,9,1997
zs_2acf3361cb82,"Friedrich Hölderin (1770-1843): Deutscher Dichter. Hölderlin zählt zu den bedeutendsten deutschen Lyrikern. Sein Werk zeichnet sich durch grosse Eigenständigkeit aus und lässt sich weder der Weimarer Klassik noch der Romantik zuordnen. Hölderlin lebte zeitweise in Hauptwil und liess seine Vorstellungen über eine neue Schweiz in seinen Roman «Hyperion» einfliessen.

Plaque: Friedrich Hölderlin (1770-1843)
Deutscher Dichter",Hölderlinsteig,7,1935
zs_4c7ed4519325,"Flurname, bezeichnet vermutlich eine alte Quelle am Ötlisberg (beim heutigen Reservoir).",Im alten Brunnen,7,1988
zs_d0708ed41f1c,"Rolf Liebermann (1910-1999): Zürcher Komponist und Intendant der Hamburgischen Staatsoper, Träger des Hans-Reinhart-Rings 1971.",Rolf-Liebermann-Weg,11,2008
zs_ccfcfc96f7a2,"Strasse, die ursprünglich bis zum bewaldeten Werd von Altstetten an der Limmat führte. Werd bezeichnete im alten Sprachgebrauch eine Insel oder Halbinsel, die durch zwei Flussarme gebildet wurde.",Werdhölzlistrasse,9,1933
zs_699607922f28,"Johann Jakob Bodmer (1698-1783): Literaturkritiker und Förderer der Dichtkunst, Übersetzer fremdsprachiger Literatur, u. a. der Werken von Homer. Bodmer trug zusammen mit Johann Jakob Breitinger (1701-1776) wesentlich zur Erneuerung der deutschen Literatur bei. Er wurde von Friedrich Gottlieb Klopstock, Johann Wolfgang von Goethe und anderen Prominenten in seinem Haus an der heutigen Schönberggasse 15 besucht.",Bodmerstrasse,2,1893
zs_c1421edc72ac,"1866 beschloss der Stadtrat als Verbindung vom [street] zur Bahnhofstrasse eine an der Kirche St. Peter vorbei führende Peterstrasse zu errichten, doch die Gemeindeversammlung lehnte das Projekt 1868 ab. Am 29. Augst 1868 genehmigte der Grosse Stadtrat (Gemeinderat) aber den Bau des dann Petergässchen genannten Teilstücks von der Bahnhofstrasse bis an den Garten des Pfarrhauses von St. Peter. Einem Projekt des Architekten Alexander Koch von 1881, das vorsah, das Strassenprojekt vom [street] zur Bahnhofstrasse doch umzusetzen, erwuchs so viel Widerstand, dass er den Vorstoss 1882 wieder zurückzog. Die verschiedenen Bezeichnungen Petergasse oder St. Petergasse, Peterstrasse oder [Name] wurden lange gleichzeitig gebraucht. Ab 1880 hat sich dann aber die Bezeichnung [Name] durchgesetzt.",St. Peterstrasse,1,1866
zs_3f2bda6ad15c,"Seit 1876 auf dem Gebiet von Zürich-Fluntern der Name der noch um 1800 wichtigen Passstrasse, die von Zürich über den Zürichberg ins Glattal führte. Zuvor hatte die Strasse verschiedene Namen. Der Name Zürichberg erscheint erstmals in einer lateinischen Urkunde von 1127 als «mons Turegicus».",Zürichbergstrasse,7+12,1876
zs_2a9c52d43069,"Marie Bürkli (1864-1927): Pionierin des Schweizer Sozialwesens. Marie Bürkli gehörte zu den innovativsten und tatkräftigsten Förderinnen der Eigenständigkeit und Emanzipation blinder Frauen und Männer. Ursprünglich Kindergärtnerin, gründete sie 1902 in ihrem Elternhaus an der [street] 8 ein Arbeitsheim für blinde Frauen, drei Jahre später an der St. Jakobstrasse eine Werkstätte für blinde Männer. Damit wollte sie blinden Menschen eine feste Tageseinrichtung geben, ihnen berufliche Perspektiven eröffnen und ihnen mit verschiedenen Arbeiten einen sicheren Verdienst verschaffen. Nach und nach wurden dort auch andere, auf dem Arbeitsmarkt schwierig zu vermittelnde Personen aufgenommen. Aus den Gründungen Marie Bürklis ging u. a. die St.-Jakob-Stiftung hervor.

Plaque: Marie Bürkli (1864-1927)
Pionierin des Schweizer Sozialwesens, insbesondere der Eingliederung blinder Frauen und
Männer, Gründerin des St.-Jakobs-Werks",Marie-Bürkli-Eck,5,2020
zs_f36073d2ac3c,"Hans von Hallwyl (um 1434-1504): Kommandant der Vorhut der Berner Truppen in der Schlacht bei Murten 1476.

Plaque: Hans von Hallwyl
Anführer der Vorhut in der
Schlacht bei Murten 1476",Hallwylplatz,4,1898
zs_620b5f3be8e6,"Flurname für ein Waldstück, das - in regelmässiger Reihenfolge - abgeholzt wird.",Hauhölzliweg,7,1988
zs_77f136aab048,"Strasse nach dem Friesenberg, dem am Berghang und am Fuss der gleichnamigen Burg gelegenen Hof. Der Name leitet sich aus dem altdeutschen Personennamen Frieso her.",Friesenbergstrasse,3,1881
zs_f098757638bb,"Bahnviadukt für die Verbindung der rechtsufrigen Zürichseebahn Zürich-Rapperswil aus dem Hauptbahnhof Zürich zum Lettentunnel nach dem Bahnhof Stadelhofen. Mit der Eröffnung der S-Bahnverbindung vom Hauptbahnhof durch den Hirschengrabentunnel nach dem Bahnhof Stadelhofen wurde der Viadukt 1990 still gelegt. Der [Name] dient heute als Fuss- und Radweg. «Letten» ist gleichbedeutend mit Lehm und bezeichnet vielerorts als Flurname einen lehmigen, schweren Boden.",Lettenviadukt,5+10,1999
zs_a91d79c2c0d3,"Henry Dunant (1828-1910): Gründer des Internationalen Komitees vom Roten Kreuz 1863 und des Genfer Roten Kreuzes 1864, setzte sich erfolgreich für die erste Genfer Konvention ein. Erschüttert über den Schrecken und die Auswirkung der Schlacht von Solferino 1859 veröffentlichte Dunant 1862 sein Buch «Un souvenir de Solférino» mit den Aufruf zur Gründung einer internationalen Organisation, die Verwundeten im Krieg Hilfe und den Helfern eine schützende Neutralität sichern sollte. Er propagierte die Gründung eines internationalen Gerichtshofes, setzte sich ein für die Bekämpfung des Sklavenhandels, den Schutz der Kriegsgefangenen und für eine jüdische Besiedlung von Palästina. Er engagierte sich für das Bildungswesen, u. a. für das Projekt einer internationalen Universitätsbibliothek. Ab 1887 lebte Dunant, verarmt und vergessen, in Heiden (AR). Henry Dunant erhielt 1901 (zusammen mit Frédéric Passy) den ersten Friedensnobelpreis. Er wurde 1910 auf dem Zürcher Friedhof Sihlfeld begraben.

Plaque: Henri Dunant (1828-1910)
von Genf,
Gründer des Roten Kreuzes",Dunantstrasse,7,1916
zs_9ba39b953fc4,"Flurname «Lachen», «Lachenzelg» in Zürich-Höngg, mit der Bedeutung Wasserlache, d. h. Acker in feuchtem, sumpfigem Gelände.",Lachenacker,10,1951
zs_7de6c0c234e0,Emanuel Geibel (1815-1884): Deutscher Lyriker und Übersetzer aus Lübeck. Seine Lieder wurden u. a. von Wilhelm Baumgartner und Lothar Kempter vertont.,Geibelstrasse,10,1902
zs_6e1b0578db57,Östliche Strasse in der Werkbund-Siedlung Neubühl.,Ostbühlstrasse,2,1930
zs_0daebd6c27b3,"Der Letzibach speist sich aus fünf Bächen im Uetliberg, die alle in den so genannten Läufebach einmünden und der etwa bei der Werdinsel in die Limmat fliesst. Da dieser Läufebach im Mittelalter in den als äusserer Verteidigungsgraben der Stadt Zürich dienenden Letzigraben im Sihlfeld (Ersterwähnung 1352) eingeleitet wurde, ist er auch Letzibach genannt worden. Dieser Letzibach ist für die Namensgebung in seiner Umgebung prägend geworden wie im vorliegenden Fall für die Überbauung Letzibach zwischen Hohlstrasse und dem Gleisfeld der SBB.",Letzibachweg,9,2021
zs_42350af9a0fc,"Meinrad (gest. 861): Eremit, Klausner in Einsiedeln. Um 1905 in Unterstrass angelegte Verbindungsstrasse, die wie andere Strassen in der Nachbarschaft (Niklausstrasse, Gallusstrasse) den Namen eines Geistlichen trägt. Der als Märtyrer verehrte Meinrad wurde 861 von Räubern erschlagen, die der Legende gemäss nach Zürich flohen, wo sie an der Schifflände [street] zum Raben von Meinrads Raben aufgespürt und verraten wurden. Um 934 folgte die Gründung des Klosters Einsiedeln bei der ehemaligen Meinradszelle.

Plaque: Meinrad (gestorben 861)
Klausner in Einsiedeln. 934 Gründung des Klosters Einsiedeln bei der ehemaligen Meinradszelle.",Meinradstrasse,6,1907
zs_09f7eec9dc07,"Flurname für einen Rebberg, auf dem junge Reben standen.",Im Jungen Berg,10,1986
zs_b8570ae76659,"Alte Landstrasse von Zürich Richtung Schaffhausen, die seit 1272 in den Quellen als Heerstrasse oder bei Zürich auch als untere Strasse bezeichnet wird. Als die untere Strasse gab sie der Gemeinde Unterstrass den Namen. Die Bezeichnung [Name] für die untere Strasse wurde erst in der zweiten Hälfte des 19. Jahrhunderts gebräuchlich.",Schaffhauserstrasse,6+11,1878
zs_555bf434b3b4,"Liegenschaft zum Alten Hof, Wildbachstrasse 77, abgetragen 1960.",Altenhofstrasse,8,1908
zs_2579c4754058,Bürgerfamilie von Zürich mit zahlreichen militärisch erfolgreichen Offizieren. Die auch wirtschaftlich bedeutenden Lochmann starben bis Anfang des 19. Jahrhunderts in allen ihren Zweigen aus. Sie besassen neben ihren Häusern und Landsitzen das Schloss Elgg im Kanton Zürich.,Lochmannstrasse,1,1951
zs_54152702d463,"Johann Jakob Breitinger (1701-1776): Professor und Chorherr am Zürcher Grossmünster. Breitinger war ein bedeutender Gelehrter und Literaturkritiker, der zusammen mit Johann Jakob Bodmer (1698-1783) wesentlich zur Erneuerung der deutschen Literatur beitrug.

Plaque: Johann Jakob Breitinger (1701-1776)
Literaturkritiker",Breitingerstrasse,2,1886
zs_f976b863f66b,"Im Jahr 1242 erstmals erwähnte Bezeichnung für die Gasse, an der sich der wohl der erste und vermutlich noch für lange Zeit einzige Röhrenbrunnen in der Stadt Zürich befand. Dieser Brunnen hiess das «Das Zübeli», nach der mundartlichen Form für lateinisch «tubulus», was Röhre bedeutet. Er soll bis 1869/70 genutzt worden sein. Damals wurde die Zuleitung von ausserhalb der Stadt beseitigt, womit der Brunnen versiegte.",Brunngasse,1,1865
zs_689b1d385ae1,"Flurname für einen Acker mit vielen Maulwürfen, im Dialekt auch «Scher» oder «Tscher» genannt.",Schäracher,7,1978
zs_b5ce225b780f,"Der Flurname «Holzwiesen» (1415) deutet darauf hin, dass es dort einmal ein Gehölz gegeben hat.",Holzwiesweg,9,1935
zs_08d6ede0e905,"Flurname für die Wiese bei einer Scheune, mundartlich «Schüür».",Schürwies,2,1934
zs_3eedb32e3ea2,"Manesse: Vom 13. bis 15. Jahrhundert nachgewiesenes Zürcher Ministerialen- und Ratsgeschlecht. Die Manesse waren unter anderem Lehensträger der Fraumünsterabtei und des Klosters Einsiedeln und verfügten über Eigengüter unbekannten Ursprungs. Die Familie verzweigte sich zu unbekannter Zeit in die beiden nach ihren Stammburgen benannten Adelslinien Manesse Manegg und Manesse im Hard. Am bekanntesten ist der erstmals 1252 urkundlich erwähnte, 1304 verstorbene Rüdiger II. Manesse. Er war vermutlich an der Neufassung des Zürcher Richtebriefs von 1304 mitbeteiligt und förderte laut dem Minnesänger Johannes Hadlaub zusammen mit seinem Sohn Johannes eine umfassende Sammlung von Minneliedern, aus denen die berühmte Manessische Liederhandschrift hervorgegangen ist. Rüdiger VII. aus der Linie Manesse Manegg war als Nachfolger von Rudolf Brun von 1360 bis zu seinem Tod 1383 der letzte auf Lebenszeit gewählte Bürgermeister von Zürich. Mit dem Scheitern seiner familienorientierten Machtpolitik verschlechterte sich die ökonomische Lage der Familie. Sein Sohn Ital war der letzte Manesse Manegg, die Manesse im Hard starben in der ersten Hälfte des 15. Jahrhunderts aus.

Plaque: Rüdiger Manesse (gestorben 1304)
Ritter, Förderer des Minnegesangs",Manessestrasse,3+4,1892
zs_2b6848c97616,"Strasse, die ursprünglich ans Sihlhölzli hinführte, wo sich die Sihl in die zwei Arme der wilden und der zahmen Sihl teilte und wo es eine Verbauung, ein Wuhr, hatte. Bei dieser Verbauung wurde das aus dem Sihlwald heruntergeflösste Holz von der wilden Sihl in die zahme Sihl abgeleitet. Aus der zahmen Sihl ist ab 1651 der Sihlkanal entstanden, der zuerst in den Schanzengraben abgeleitet und 1901/02 endgültig zugeschüttet wurde. Mit der Tieferlegung der Eisenbahnlinie vom Hauptbahnhof in die Enge, der linksufrigen Seebahnlinie, wurde der Arm der wilden Sihl beim Sihlhölzli aufgehoben, so dass auch die Strasse nicht mehr bis an die Sihl führt.",Wuhrstrasse,3,1894
zs_f315b1a68cf8,"Weg entlang der Sihl im Bereich von Sihlcity, wo früher die Papiermühle stand. Der Name [Name] entstand in Anlehnung an den Begriff Büttenpapier, ursprünglich hangeschöpftes Papier aus Textilfasern oder Zellulose, welches auch maschinell nachgeahmt wird.",Büttenweg,3,2004
zs_ec631b55b4b1,"Anlegestelle oder Landungsplatz, Lände, für Schiffe, die den Zürichsee befuhren. Der Name Schiffländi ist seit 1581 belegt, zuvor hiess die Örtlichkeit Stad, eine Wortform für Ufer, die in Gestade weiterlebt. Der [Name] war noch bis zur ersten Quaiaufschüttung von 1835 bis 1839 eine Hafenbucht und noch bis zum Bau der Quaibrücke 1887 Landeplatz der Zürichseedampfschiffe.",Schiffländeplatz,1,1865
zs_0b5e5aec6078,Friedrich Hölderin (1770-1843): Deutscher Dichter. Hölderlin zählt zu den bedeutendsten deutschen Lyrikern. Sein Werk zeichnet sich durch grosse Eigenständigkeit aus und lässt sich weder der Weimarer Klassik noch der Romantik zuordnen. Hölderlin lebte zeitweise in Hauptwil und liess seine Vorstellungen über eine neue Schweiz in seinen Roman «Hyperion» einfliessen.,Hölderlinstrasse,7,1935
zs_94f80880f94b,Zufahrtsstrasse zu der um 1914 von der Baugenossenschaft Wollishofen erbauten Wohnkolonie Bergdörfli auf dem Entlisberg in Wollishofen.,Im Bergdörfli,2,1915
zs_426c382f597b,"Benannt «in Anbetracht der vielseitigen Beziehungen zwischen Basel und Zürich und als sinniger Ausklang der Freundschaftswoche im Jahre 1953», wie es im Benennungsbeschluss des Stadtrates heisst.",Baslerstrasse,4+9,1954
zs_9134725d4e5c,"Hermine Raths (1906-1984): Pharmazeutin. Nach dem Studium der Pharmazie an der ETH Zürich erwarb sie mit Marguerite Steger die Elefanten-Apotheke in Zürich und war Mitgründerin der Opopharma AG, einer der wichtigsten Firmen auf dem Gebiet des Medikamentenvertriebes, die an die 1985 gegründete Opo-Stiftung überging.",Hermine-Raths-Garten,10,2010
zs_97f4a3f44c35,"Abgeleitet vom Flurnamen «Looren», d. h. steiniges Gelände bei einem Abhang, einem Rain.",Loorenrain,7,1948
zs_93df5e6180bb,«Au» ist eine Bezeichnung für Wiesland an einem Gewässer.,Auwiesenweg,12,2010
zs_1a8d03d6c332,"Seitenstrasse zur Zwirnerstrasse am linken Ufer der Sihl, gegenüber der am rechten Ufer der Sihl liegeden Spinnerei Wollishofen in der Manegg. Der Name soll an den Produktionsschritt des Zwirnens bei der Garnveredelung erinnern. Beim Zwirnen werden zwei oder mehr Einzelfäden oder Zwirne zusammengedreht, um eine höhere Reissfestigkeit der Fäden und gleichmässigere Stoffe zu erzeugen.",Zwirnerhalde,2,1965
zs_91c0ebd9a22e,"Benannt nach der Ortsgegend in Unterstrass und dem dortigen Landgut Langenmauer, das 1812 aus Wohnhaus, Scheune und Trotte bestand; das Wohnhaus wurde 1958 abgetragen. Ursprünglich hiess die Strasse der Schwabenweg, weil bis um 1750 die spätere [Name] ein Teil der unteren Strasse und damit des Hauptverkehrswegs nach Süddeutschland war, der von den Getreidehändlern aus Schwaben befahren wurde. Welche Bewandtnis es mit der langen Mauer hatte, die die Strasse vielleicht einst säumte, ob es eine alte Letzimauer oder vielleicht eine Weidegrenze war, ist unbekannt.",Langmauerstrasse,6,1878
zs_ee77d2ce2fce,"Tiername, Vogelart aus der Familie der Finken.",Gimpelweg,10,1997
zs_30f1091f7698,"Benannt nach der Zürcher Familie Mousson. Albert Mousson (1805-1890) lehrte ab 1833 in Zürich und war 1855-1878 ordentlicher Professor für Physik an der ETH und an der Universität Zürich. Er förderte das Mass- und Gewichtswesen und machte sich um die landesweite meteorologische Datenerfassung und die Gletscherkunde verdient. 1840 Ehrendoktor der Universität Zürich.
Sein Bruder Heinrich Mousson (1803-1869) war ein erfolgreicher Berufspolitiker, 1839-1845 Regierungsrat, 1840-1845 Bürgermeister von Zürich, ab 1847 Mitglied des Kleinen Stadtrats, 1848 Vizepräsident und 1863-1869 Stadtpräsident von Zürich.

Plaque: Albert Mousson (1805-1890)
Professor für Physik und Geographie
an der ETH und an der Universität",Moussonstrasse,7,1894
zs_775dc778bfe6,Flurname: Halde längs der Bahnlinie Oerlikon-Wettingen.,Bahnhaldenstrasse,11,1932
zs_8489ae403038,"Hans Rudolf Giger (1940-2014): Der bedeutende Schweizer Künstler war Maler, Zeichner und Industrial Designer des Fantastischen Realismus. Neben seinen zahlreichen Bildern und Skulpturen schuf er auch Plattencovers für Debbie Harry und Emerson, Lake & Palmer sowie die Ausstattung für Ridley Scotts Film «Alien», für den er 1980 mit einem Oscar in der Kategorie «Beste visuelle Effekte» geehrt wurde.

Plaque: Hans Rudolf Giger (1940-2014)
Schweizer Künstler
Oscarpreisträger (1980) für beste visuelle Effekte im Film «Alien»",H.-R.-Giger-Weg,11,2016
zs_c95fcae9b355,"Flurname «Blau Ächer» (1525), nach dem blaugrauen Lehmboden.",Blauäcker,12,1957
zs_016e2dc34087,"Flurname «Erli» (ältere Form von «Erle», altdeutsch «Erila») zusammengesetzt mit «Gatter» bedeutet vermutlich eingezäuntes, Landstück mit Durchgangstor bei einer Erle oder einem Erlenwäldchen (1632 «bim Erli gatter», 1642 «im Erligarten»).",Erligatterweg,2,1950
zs_72d85e406a63,"Strasse in Hottingen, die im Hinblick auf die Eingemeindung von 1893, dem Zusammenschluss der Vorortsgemeinden mit der Stadt Zürich, [Name] genannt wurde.",Unionstrasse,7,1892
zs_85c85ce2ae84,"Unbebautes dreieckiges Gelände zwischen der Sihl, der Limmat und der Stadtbefestigung, das schon 1418 Platz genannt wurde. Der obere Teil diente bis zum Bau des Bahnhofs um 1847 als Schützenplatz, während im unteren Teil, dem Platzspitz, um 1700 Alleen und um 1780 Gartenanlagen zum Spazierengehen geschaffen wurden. Von 1856 bis 1866/67 stand auf dem Platzspitz nördlich des Bahnhofs, wo seit 1898 das Landesmuseum steht, auch die erste Gasfabrik Zürichs.",Platzpromenade,1,1878
zs_0fb2ab4d1210,"Benannt nach dem Hafnermeister Johann Konrad Oechslin (1815-1887), der seine Werkstätte an der [Name] 31 besass und von 1872 bis 1877 Bauherr von mehreren der ersten Wohnhäuser an der [Name] war.",Hafnerstrasse,5,1882
zs_c98fe10e650c,"Gasse bei der 1345 zuerst erwähnten und 1912 abgetragenen Sankt-Anna-Kapelle, [Name] 10. Den heutigen Namen trägt die Gasse spätestens seit dem Ende des 18. Jahrhunderts. Die Heilige Anna, die Mutter Marias, genoss seit dem 13. Jahrhundert weitherum Verehrung. Nach der Reformation hielten in der Kapelle die im 17. Jahrhundert vertriebenen Veltliner Protestanten, 1807 bis 1844 Katholiken und 1844 bis 1895 Anglikaner ihre Gottesdienste ab. Der Platz nördlich der Kapelle diente von 1566 bis 1840 als Friedhof, zunächst für Pesttote. Auf dem Areal erbaute 1912/14 der Lebensmittelverein das Warenhaus Sankt Annahof, das heute unter Denkmalschutz steht. Auf der gegenüberliegenden Strassenseite, [Name] 11, wurde 1864 auf Initiative von Mathilde Escher (1808-1875) eine zweite St. Anna-Kapelle errichtet, die der Überbauung des Glockenhofes von 1910 mit der dritten St. Anna-Kapelle weichen musste.",St. Annagasse,1,1865
zs_a6be223f777d,"Arnold von Winkelried (gest. 1386): Eidgenössischer Freiheitsheld, der die Schlacht bei Sempach 1386 entschieden haben soll.
Strasse, die zu einer Gegend oder zu einer Liegenschaft in Oberstrass führt, die in den 1880er Jahren Winkelried hiess. Bis 1892/93 hiess die Strasse Lindengasse nach der dortigen Taverne zur Linde. Vielleicht war Winkelried ein Flurname, jedenfalls aber erinnerte der Name an den mythischen Freiheitshelden Arnold von Winkelried, der durch seinen Opfertod die Schlacht von Sempach im Jahr 1386 zu Gunsten der Eidgenossen entschieden haben soll und der im 19. Jahrhundert grosse Verehrung genoss.

Plaque: Arnold von Winkelried
Symbolfigur der Schweizergeschichte",Winkelriedstrasse,6,1883
zs_59808b7dc3be,Der Begriff Wohnstadion soll die direkte Synergie zum nahe gelegenen Hallenstation ausdrücken.,Wohnstadion Kirchenacker,11,2002
zs_17b3aac5bffa,"Durch Abbruch von fünf Häusern zwischen der Urania- und der Sihlstrasse an den heute im [Name] aufgegangenen Verlängerungen der Steinmühlegasse und der [street] wurde 1936 ein Platz angelegt, welcher der 1928 abgetragenen 600 Jahre alten Mühle zum Stein oder Steinmühle, Sihlstrasse 42/44, gewidmet wurde. Diese wird bereits um 1275 unter diesem Namen erwähnt.",Steinmühleplatz,1,1936
zs_9c501866ee07,"Benannt nach dem vermutlich im 18. Jahrhundert erbauten Landgut zum Obstgarten, [Name] 2, das seit 1907 als städtische Sozialinstitution genutzt wird.",Obstgartensteig,6,1967
zs_a13ef6ca1e45,"Benannt nach einer kleinen Scheune, mundartlich «Schürli», die am Waldrand oberhalb des Hungerbergs stand.",Schürliweg,11,1934
zs_60d902cf1983,"Heinrich Bullinger (1504-1575): Reformator. Heinrich Bullinger wurde nach Zwinglis Tod Grossmünsterpfarrer und damit Antistes, Leiter, der Zürcher Kirche 1531-1575. Unter Bullingers Beteiligung kam 1536 in Basel das Erste Helvetische Bekenntnis («Confessio Helvetica prior») als erste gemeinsame Bekenntnisgrundlage der reformierten deutschsprachigen Eidgenossenschaft zustande, die aber ausserhalb davon wenig Resonanz hatte. Wichtiger war der 1549 zwischen Bullinger einerseits und Johannes Calvin (1509-1564) und Guillaume Farel (1489-1565) andererseits abgeschlossene «Consensus Tigurinus», in dem sich Zürich und Genf in der Abendmahlsfrage einigten. Diesem Abkommen traten später auch Bern und weitere reformierte Städte bei. Dem von Bullinger ausgearbeiteten Zweiten Helvetischen Bekenntnis («Confessio Helvetica posterior») stimmten 1566 mit Ausnahme von Basel alle reformierten Kirchen der deutschsprachigen Eidgenossenschaft und Genf zu. Diese dreissig Artikel umfassende Bekenntnisschrift Bullingers hatte Auswirkungen bis nach Österreich, Polen, Schottland und Ungarn und beeinflusste somit die Reformationsbewegung insgesamt. Ein Denkmal zu Ehren Bullingers des Zürcher Künstlers Otto Bänninger ist aussen am Grossmünster angebracht.

Plaque: Heinrich Bullinger (1504-1575)
Zürcher Reformator und Vordenker
des reformierten Protestantismus",Bullingerplatz,4,1922
zs_f0f69e424c81,"Der Strassenname geht zurück auf den 1478 in dieser Gegend erwähnten Flurnamen «Zwigeren», was «Zweigarten» meinte, nämlich einen Baumgarten zum Zweien oder Pfropfen von Bäumen; der Weg hiess bereits 1783 Zweiergässli. Eine andere Deutung glaubt, der Ort habe ursprünglich «ze wiger» geheissen, somit etwa «beim Weiher» oder einem Wasserloch, von denen es im Gebiet der Sihl einige gab.",Zweierstrasse,3+4,1869
zs_f5ee2442978c,"Hinweis auf die hochgelegene Ortschaft Brütten südwestlich von Winterthur, die vom Glattal aus sichtbar ist.",Brüttenweg,11,1938
zs_ac5a16516893,"Platz zu Beginn der Strasse des von 1891 bis 1896 erstellten Villenquartiers am Geissberg, das nach der Rigi, dem Aussichtsberg am Vierwaldstättersee, als Rigiviertel bezeichnet wurde. Die Rigi sei gebeten worden, des neuen Quartiers «Beschützerin und Patin» zu sein, heisst es in einer Beschreibung aus dem Jahr 1898.",Rigiplatz,6,1898
zs_82db8aab58ae,"Namensgebend war der Lindenhof, zu dem die Gasse oder Strasse hinführt. Weil der Lindenhof, der bereits im 16. Jahrhundert mit Linden bepflanzte erhöhte Platz über dem linken Limmatufer, noch lange schlicht nur der Hof genannt wurde, trug auch die Lindenhofgasse noch bis um 1865 den Namen Hinter dem Hof. Danach hiess die Gasse Lindengasse, seit 1881 [Name].",Lindenhofstrasse,1,1881
zs_377e4b87a1f2,Mundartliche Form des Frauennamens Ursula.,Urselweg,4,1934
zs_bad4b1083812,Der Säntis ist als höchster Berg im Alpstein mit 2502 Metern eine von weither sichtbare Landmarke im Appenzell.,Säntisstrasse,8,1896
zs_f8c0681eef65,"Flurname «Langmatt», d. h. lange Wiese. Dort befindet sich die 1933, kurz vor der Eingemeindung Witikons nach Zürich, erbaute Primarschule Langmatt.",Langmattweg,7,1934
zs_bac684d61fee,"Weg entlang dem Glaubten, einem Wald mit dichtem Laubbaumbestand.",Glaubtenweg,10+11,2024
zs_8dcbdb8bb93d,"Namensgebend für die nicht befahrbare Gasse zwischen Schipfe und Strehlgasse war das Eckhaus zur Rolle oder zur Rollenschmitte, Strehlgasse 18. Der Hausname geht wohl auf einen Besitzer im 15. Jahrhundert zurück, einen Schmied mit Namen Schellenberg. Dieser führte eine Schelle oder - wie eine runde Schelle auch genannt wurde - eine Rolle in seinem Wappen und Hauszeichen. Die [Name] scheint erst 1865 ihren Namen erhalten zu haben, weil die Häuser zuvor von den Nachbargassen her bezeichnet worden waren.",Rollengasse,1,1865
zs_6f3954dfa699,"Imbiss könnte sich ableiten von «Immi», der mundartlichen Bezeichnung für Bienen. Der schon 1429 erwähnte Flurname «Imbisbühl» würde dann für Bienenhügel stehen. Die [Name] ist der Hang dieses Hügels.",Imbisbühlhalde,10,1981
zs_8bc71227ac03,"Jean-Jacques Rousseau (1712-1778): Genfer Schriftsteller, politischer Philosoph und Naturforscher der Aufklärung.

Plaque: Jean-Jacques Rousseau (1712-1778)
Genfer Kulturphilosoph",Rousseaustrasse,6+10,1913
zs_b92163709d27,Weg in der Nähe des Damhirsch-Geheges zwischen Waidbadstrasse und Obere Waidstrasse.,Damhirschweg,10,1997
zs_0b0edf4d3199,"Als Verbindung der zwischen 1881 und 1888 errichteten Quaianlagen in Riesbach und der Enge wurde von 1882 bis 1884 die [Name] erstellt. Seit 1899 wird die Brücke von Trams befahren. In den 1930er Jahren wurde sie verbreitert, 1982-1984 der gesamte Brückenoberbau ersetzt.",Quaibrücke,1,1887
zs_ade8cc4c6b70,Ursprünglich die Ortsgegend Römergasse im alten Hottingen. Nach der 1868 erfolgten Stiftung seines Landgutes an der heutigen [Name] 24 durch Heinrich Schulthess-von Meiss (1813-1898) zu einem Altersasyl bzw. Altersheim wurde die Strasse 1880 in [Name] umbenannt.,Asylstrasse,7,1880
zs_10ecdc05116b,"Flurname nördlich der Grenze Altstetten-Ablisrieden-Uitikon: Weide, die wohl nach dem Familiennamen Hess benannt wurde.",Hessenweidweg,9,1997
zs_6ac9acda1844,"Der Flur- und Hausname leitet sich vom Landgut zur Waid ab, schon im 18. Jahrhundert ein Ausflugsort. 1878 errichtete der Besitzer des Waidgutes, Paul Wunderli, ein zweites Gasthaus oben am Waldrand. Hier wird heute noch das Ausflugslokal betrieben.",Obere Waidstrasse,10,1894
zs_9ae88f668649,Landstrasse nach Dübendorf und dem Zürcher Oberland.,Dübendorfstrasse,12,1933
zs_ef38c41fc7d9,"Vogelfamilienname, in Mitteleuropa stark verbreitete Sperlingsvogelart.",Drosselstrasse,2,1911
zs_be5caacf4aa1,Waldstück beim ehemaligen Kloster St. Martin auf dem Zürichberg in der Nähe des heutigen Zoos. Das 1127 gegründete Augustiner-Chorherrenstift wurde im Gefolge der Reformation 1525 aufgehoben. Die letzten Überreste des Klosters wurden erst 1847 abgetragen.,Klosterholzweg,7+12,1997
zs_7722e15cb0cd,"Flurname «Gugel», d. h. Hügel. Der Begriff bezeichnet auch eine konische Mütze oder Ähnliches. Die Gugler waren französisch-englische Söldner, benannt nach ihren kalottenförmigen Helmen, welche 1375 das schweizerische Mittelland überfielen und von den Eidgenossen geschlagen wurden (Guglerkrieg).",Gugelweg,11,2008
zs_2826513a8203,Zufahrtsrampe vom Sihlquai auf die Hardbrücke beim [street].,Sihlquai-Nordrampe,5,1972
zs_bcc827633541,"Platz vor dem 1891 eröffneten Stadttheater, das vom Wiener Architekturbüro Fellner & Helmer erbaut wurde. Da im Gegensatz zur Frühzeit keine Sprechtheateraufführungen mehr angeboten wurden, ist das Stadttheater 1964 in Opernhaus umbenannt worden.",Theaterplatz,1,1898
zs_cb041f3ebc1f,"Agnes Robmann (1876-1951): Lehrerin in Zürich und sozialdemokratische Politikerin. Agnes Robmann war Präsidentin des Zürcher Arbeiterinnenvereins, Mitglied des Freuenstimmrechtsvereins und des Parteivorstandes der Sozialdemokratischen Partei der Schweiz, in welcher Funktion sie auch den den Konferenzen von Zimmerwald 1915 und Kiental 1916 teilnahm. Sie verfasste zahlreiche Broschüren über Frauenfragen und Sozialismus.

Plaque: Agnes Robmann (1876-1951)
Kämpferin für Frauenrechte
Präsidentin des Zürcher Arbeiterinnenvereins",Agnes-Robmann-Weg,3,1995
zs_8251816cf03a,"Benannt nach dem «Englischviertel» mit seinen villenartigen Wohnhäusern um begrünte Gartenanlagen nach englischem Vorbild. Massgeblich beteiligt an der Planung des Viertels war der Architekt und Unternehmer Heinrich Ernst (1846-1916), der durch einen Englandaufenthalt dazu inspiriert worden war.",Englischviertelstrasse,7,1889
zs_ab5966c99f59,"Strasse im Selnauquartier, die um 1865 angelegt wurde. Sie beginnt beim 1864 für das ehemalige Sihlamt neu erbauten Amtsgebäude, Selnaustrasse 17. Das städtische Sihlamt war für die Verwaltung des Sihlwaldes zuständig und damit für die Versorgung der Stadt Zürich mit Holz wichtig. Daran und an die Holztrift auf der Sihl erinnern auch die Namen der benachbarten Strassen Holzgasse und Flössergasse.",Sihlamtsstrasse,1,1865
zs_80e33ed1b1f3,"In den 1870er Jahren angelegte Strasse zwischen der Talstrasse und dem Schanzengraben auf dem Areal des einstigen Exerzierplatzes und der früheren, in den 1830er Jahren beseitigten Bastion Bär. «Baldern» ist der Name einer mittelalterlichen Burg auf dem Albiskamm. Der Legende nach lebten dort im 9. Jahrhundert zwei Töchter König Ludwig des Deutschen, denen ein Hirsch mit leuchtendem Geweih den Weg zur Stelle in Zürich an der Limmat wies, wo ihr Vater das Fraumünster stiften sollte. Zwei weitere, benachbarte Strassen erhielten 1877 zunächst ebenfalls Namen, die an den Albis und deren Burgen erinnerten: Die Albisgasse (ab 1892 Basteigasse) und die Maneggasse (ab 1940 Basteiplatz).",Balderngasse,1,1877
zs_b1a8c13d37d7,"Fritz Fleiner (1867-1937): Professor für Staats-, Verwaltungs- und Kirchenrecht an der Universität Zürich 1915-1936. Fritz Fleiner setzte sich mit national-liberaler Grundhaltung und ausgeprägtem historisch-politischen Denken für die Wahrung und den Ausbau des Rechtsstaates und der Freiheitsrechte sowie insbesondere der Verfassungs- und Verwaltungsgerichtsbarkeit ein.

Plaque: Fritz Fleiner (1867-1937)
Professor für öffentliches Recht an der Universität Zürich",Fritz-Fleiner-Weg,7,1951
zs_fd3f3247c849,"Der grösste Teil der heutigen Schweiz war von der Eisenzeit bis in die Antike von Kelten besiedelt, zu denen u. a. die Helvetier gehörten. 58 v. Chr. wurden die Helvetier in der Schlacht bei Bibracte von den Römern unter Cäsar vernichtend geschlagen.",Keltenstrasse,7,1901
zs_18df62de9878,"Pompejus Alexander Bolley (1812-1870): Professor für Chemie 1855-1870. Bolley war Mitbegründer des Eidgenössischen Polytechnikums (die heutige Eidgenössische Technische Hochschule ETH) und Ordinarius für technische Chemie, pharmazeutische und forensische Chemie, Agrikulturchemie und Toxikologie sowie Direktor des Polytechnikums 1859-1865. Bolley war Mitbegründer der Chemischen Gesellschaft in Zürich sowie Herausgeber verschiedener Fachblätter.

Plaque: Pompejus Bolley (1812-1870)
Professor für Chemie an der ETH",Bolleystrasse,6,1896
zs_cbbdd4489437,"Sustenpass in den Kantonen Bern und Uri, Übergang von Meiringen im Haslital nach Wassen (2264 m ü. M.).",Sustenstrasse,9,1933
zs_b25530e77b45,Emil Zimmerli (1832-1910): Gemeindegutsverwalter der ehemaligen Gemeinde Aussersihl.,Zimmerlistrasse,4,1930
zs_1b2a1cf32775,Weg zur Baumschule oberhalb des Schiessplatzes Albisgüetli.,Baumschulweg,3,1997
zs_f7ba55b51f35,"Platz an der Schaffhauserstrasse bei der Strassenkreuzung mit der Rotbuch- und der Riedtlistrasse, der entstanden ist im Zusammenhang mit der Verlängerung des Trams aus der Weinbergstrasse über die neu erstellte Hofwiesenstrasse an den Bucheggplatz und nach Oerlikon.",Schaffhauserplatz,6,1929
zs_efaed2e449ff,"Konrad Ilg (1877-1954): Schlosser, Gewerkschafter und sozialdemokratischer Nationalrat 1918-1919 und 1922-1947. Ilg war als Zentralpräsdient der Gewerkschaft Schweizerischer Metall- und Uhrenarbeiterverband SMUV einer der Mitinitiatoren des Friedenabkommens in der Schweizerischen Metallindustrie vom 19. Juli 1937.

Plaque: Konrad Ilg (1877-1954)
Gewerkschaftsführer, Mitbegründer des
Friedensabkommens in der Maschinenindustrie",Konrad-Ilg-Strasse,10,1961
zs_3ed9d3e8def9,Uferweg entlang der Sihl bei der ehemaligen Spinnerei Wollishofen.,Spulenweg,2,1897
zs_63941cbb0b5f,"Mürtschenstock, ein Berg in den Glarner Alpen oberhalb des Walensees (2441 m ü. M.).",Mürtschenstrasse,9,1933
zs_b1510c34ea76,"Wolfram von Eschenbach: Deutschsprachiger Dichter des 14. Jahrhunderts. Die mittelhochdeutsche Literatur verdankt ihm mehrere epische Werke. Ebenso verfasste er als Minnesänger lyrische Dichtungen, die zum Teil in der berühmten «Manessischen Liederhandschrift » enthalten sind.
Mit dem «[Name]» kann die Synergie zur unmittelbaren Nachbarschaft mit der Rüdiger- und Manessestrasse geschaffen werden, handelt es sich bei Rüdiger Manesse, einem Zürcher Ratsherrn und Förderer des Minnesanges, um den Auftraggeber der genannten Liederhandschrift.
Eine Gedenktafel bei der Ruine seiner Burg Manegg erinnert an sein Schaffen.
Der Entscheid wurde zudem im Wissen gefällt, dass «Wolfram» auch ein Metall ist, dessen bekannteste Verwendung diejenige als Glühwendel in Glühlampen ist.

Plaque: Wolfram von Eschenbach,
Dichter und Minnesänger
der Manessischen Liederhandschrift (14. Jh.)",Wolframplatz,3,2010
zs_8a7fa524a96f,Joseph Jakob Zini (1859-1917): Baumeister.,Zinistrasse,4,1908
zs_c71a5f446aea,"Im Zusammenhang mit den Quaibauten um 1885 angelegte Strasse in der Enge, die damals die Fortsetzung der Mythenstrasse (seit 1942: Genferstrasse) bildete. In der Enge wurden um 1880 mehrere neue Strassen nach Bergen und Gebirgsmassiven in den Alpen und Voralpen benannt, die zum Teil von Zürich aus sichtbar sind. Der Grosse und der Kleine Mythen, rund 1900 Meter und 1800 Meter hoch, sind die Wahrzeichen von Schwyz.",Mythenquai,2,1887
zs_6a274c3d712d,"Heinrich Gujer (1854-1910): von Oerlikon, Fuhrhalter und Kiesgrubenbesitzer.",Gujerstrasse,11,1933
zs_ed7b961d4029,"Franz Reuleaux (1829-1905): Professor für Maschinenbau an der ETH Zürich 1856-1864.

Plaque: Franz Reuleaux (1829-1905)
Professor für Maschinenlehre, systematisierte mit dem Handbuch
< der Constructeur > und dem Lehrbuch < theoretische Kinematik>
den Maschinenbau",Franz-Reuleaux-Weg,10,2013
zs_c63350d431c9,"Benannt nach dem 1877/78 erbauten Wohnhaus zum Schöntal, [Name] 10. Die Benennung von Häusern mit schön war im 19. Jahrhundert beliebt; ausser dem Schöntal gab es in Aussersihl um 1880 auch Häuser mit den Namen Schönau, Schönegg, Schönfels und Schönburg.",Schöntalstrasse,4,1880
zs_e136037408f7,"Einstige Haupt- und Durchgangsstrasse, die aus der Stadt durch das 1328 erstmals erwähnte Rennwegtor auf die Landstrasse nach Baden führte. Der Strassenname bestand bereits im Jahr 1221. Er dürfte die Bedeutung eines schnellen, befahrbaren Weges gehabt haben. Weniger wahrscheinlich ist die Deutung als ritterliche Wettkampfbahn oder adliger Turnierplatz des Hoch- und Spätmittelalters. Das Rennwegbollwerk wurde von 1865 bis 1872 beseitigt.",Rennweg,1,1865
zs_4743a48f4767,"Maximilian Oscar Bircher-Benner (1867-1939): Schweizer Arzt und Ernährungsreformer. Er publizierte 1903 die Schrift «Grundzüge der Ernährungstherapie auf Grund der Energetik», worin er die Qualität von Nahrungsmitteln auf Grund der Menge der darin gespeicherte Sonnenenergie bestimmen wollte. Er vertrat auch die Meinung, dass rohe Nahrungsmittel wertvoller als gekochte und pflanzliche Nahrung wertvoller als Fleisch sei. Bircher wurde so ein Pionier der Vollwertkost und entwickelte das Birchermüesli. Von 1897 an betrieb Bircher Privatkliniken in Zürich. 1904 eröffnete er das Sanatorium Lebendige Kraft an der Keltenstrasse 6, das er bis zu seinem Tod führte. Die nach Ihm benannte Bircher-Brenner-Privatklinik wurde fünf Monate nach seinem Tod von seinen Söhnen eröffnet.

Plaque: Maximillian Oskar Bircher (1867-1939)
Arzt; Begründer einer neuen Heilmethode für
Ernährungskrankheiten (Rohkost, Birchermüesli)",Bircher-Benner-Platz,7,1971
zs_2cbe9a7a860b,"Flurname «Ertpruste», als Siedlung in der Urkunde von 1256 erwähnt, bedeutet Erdeinbruch oder -abbruch; altdeutsch «burst», abgeleitet von bersten, bresten, brechen.",Erdbrustweg,2,1938
zs_e61351db07d6,"Abgeleitet vom Flurnamen «Looren», d. h. steiniges Gelände.",Loorenstrasse,7,1932
zs_cf69cfbfba4a,"Weg zum Weiler Katzenrüti, Rodung beim Katzensee, in Rümlang.",Katzenrütifussweg,11,1924
zs_f282d884882e,"Standort der Synagoge der jüdischen Gemeinde im Spätmittelalter, die grösstenteils an der Froschaugasse («Judengasse») und an der Brunngasse wohnte. Ihre Synagoge befand sich am Wolfbach [street] Froschaugasse 4 («Judenschule», «Burghof»), der jüdische Friedhof vor dem Lindentor.
Die Blütezeit der jüdischen Gemeinde Zürichs fand im Pogrom von 1349 ein abruptes Ende. Bürgermeister und Räte belegten 1436 die Zürcher Juden mit einem Niederlassungsverbot. Erst das Emanzipationsgesetz von 1862 brachte den Juden das Recht der freien Niederlassung.",Synagogengasse,1,1999
zs_d9c7fa514072,"Grossmann, eine der ältesten Höngger Familien, schon im 14. Jahrhundert erwähnt.",Grossmannstrasse,10,1960
zs_8c20c60a206b,"Emil Spillmann (1913-1993): Pfarrer der reformierten Kirchgemeinde Zürich Affoltern 1947-1978 und Autor der Ortsgeschichte Zürich Affoltern.

Plaque: Emil Spillmann (1913-1993)
Pfarrer der reformierten Kirchgemeinde Zürich Affoltern 1947 bis 1978
Autor der Ortsgeschichte Zürich Affoltern",Emil-Spillmann-Weg,11,2005
zs_dfe3feb03105,Name gewählt als Zeichen der Solidarität der Stadt Zürich mit dem Europa-Gedanken.,Europabrücke,9,1963
zs_51dd173b44e6,"Strasse beim Weiler Althoos, der ab 1415 als «Althusen», also zu den alten Häusern, erwähnt wurde, und dessen Namen später zu Althosen und Althos verballhornt wurde.",Althoossteig,11,1933
zs_20636a279eb3,"Salomon Rütschi-Bleuler (1817-1894): Seidenindustrieller, Gemeinderat (1867-1874) und Kantonsrat (1861-1866), Wohltäter. Rütschi gründete die Firma Salomon Rütschi & Co., Seidenstoff-Fabrikation, mit welcher er zu einem vermögenden Mann wurde, in welcher er aber auch durch die Einrichtung einer Kinderkrippe eine fortschrittliche Sozialpolitik betrieb. Er war Mitglied und Förderer der Gemeinnützigen Gesellschaft Neumünster (GGN) und der Gemeinnützigen Gesellschaft Wipkingen sowie Gründer des Schulfonds für die neu gegründete Sekundarschule in Wipkingen und die Seidenwebschule im Letten. Er hinterliess der Reformierten Kirchengemeinde Wipkingen 50000.- Franken zum Kauf eines Baugrundstücks für das geplante neue Kirchgebäude.

Plaque: Salomon Rütschi (1817-1894)
Seidenfabrikant, Wohltäter",Rütschistrasse,10,1906
zs_f7d1e96085ff,"Benannt nach dem 1867 durch die Gasaktiengesellschaft in Riesbach erstellten Gasometer, dem 1874 ein Gaszweigwerk folgte. 1887 wurde das Werk von der Stadt Zürich übernommen. Im Werk an der [Name] wurde bis zur Eröffnung des Gaswerkes in Schlieren 1898 Gas produziert. Ab 1922 stand auf dem Areal eine Kompressorenstation zur Versorgung der rechtsufrigen Seegemeinden mit Gas.",Gasstrasse,8,1868
zs_4aac38ab240e,"Strasse entlang dem 1993 eröffneten Technopark. Der Technopark ist ein von der gleichnamigen Stiftung getragenes Zentrum, das die Zusammenarbeit von technologischer Forschung und Produktion sowie die Förderung innovativer Unternehmen, insbesondere technikorientierter Startups, zum Ziel hat.",Technoparkstrasse,5,1994
zs_e31a2d3443ed,"Benannt nach dem hier bereits 1353 und 1374 bezeugten Flurnamen «Schrann» oder «Schrennen», was wohl auf eine «Erdschrunde» oder einen Erdspalt hindeutet, vielleicht auch auf einen Steinbruch oder eine der in Wiedikon häufigen Lehmgruben.",Schrennengasse,3,1881
zs_b3a1674a293a,"Der Marbach - abgeleitet aus Marchbach -, heute Soodbach, war früher die Grenzmarch der Höfe in Niederleimbach, die sich bis zum Waldgebiet Gänziloo in Wiedikon erstreckte.",Marbachweg,2,1931
zs_188855789f0a,"Die Strasse führt zum Adlisberg. Der Name soll nach der Höhensiedlung eines Alemannen namens Adalo, Adilo, oder Adilin benannt sein.",Adlisbergstrasse,7,1894
zs_57c44e97de2e,"Cäsar Ritz (1850-1918): Walliser Hotelier und Unternehmer. Er wurde auch «Hotelier der Könige - König der Hoteliers» genannt. Er führte unter anderm Hotels in Paris, Monte Carlo, Baden-Baden, London und Rom.

Plaque: Cäsar Ritz (1850-1918)
«Hotelier der Könige - König der Hoteliers»
Bekannter Schweizer Auswanderer, von Niederwald (VS)
1867 nach Paris mit weiteren Wirkungsorten in Monte Carlo
Baden-Baden, London, Rom u.a.",Cäsar-Ritz-Strasse,11,2005
zs_30a088e5676b,"Der erhöhte Platz über der Limmat, noch lange schlicht nur der Hof genannt, wurde bereits im 16. Jahrhundert mit Linden bepflanzt. Hier fanden sich die ersten Siedlungsreste aus keltischer und römischer Zeit und es sind Spuren eines spätrömischen Kastells und einer mittelalterlichen Pfalz zu besichtigen.",Lindenhof,1,1865
zs_35b57ed055eb,Unterführung und Ladenstrasse unter dem Bahnhofplatz.,Bahnhofpassage,1,1970
zs_b51c70c76651,"Benannt nach der Häusergruppe längs des Hornbaches in Zürich-Hirslanden, wo bereits 1498 eine Hammerschmiede stand. Die Schmiede wird 1747 als «Drahtschmiede» bezeichnet. In dieser wurde bis gegen Ende des 19. Jahrhunderts mittels eines «Drahtzuges» Kupfer- oder Messingdraht hergestellt.",Drahtzugstrasse,7,1869
zs_473e7c819c3a,"Flurname «Lybenstein», abgleitet von den gleichnamigen, mittlerweile ausgestorbenen Grundbesitzern.",Lybensteinweg,7,1988
zs_a798a823bc3c,"Name, der an die frühere, in der Gegend des Weges gelegene Wiese des einstigen Marstallamtes erinnert, die Marstallermatte. Im Marstall hielt sich der Staat bis ins 18. Jahrhundert Pferde für verschiedene Zwecke. In der Bezeichnung versteckt sich das alte Wort Mähre für Pferd.",Marstallweg,5,1932
zs_4e32740229f7,"Seit dem 12. Jahrhundert in Locarno nachweisbares Adelsgeschlecht. Da einige der Orelli sich für die Reformation einsetzten, mussten sie 1555 auswandern und begründeten den Zürcher Familienzweig.

Plaque: Susanna Orelli (1845-1939)
Gründerin des Frauenvereins
für alkoholfreie Wirtschaften",Orellistrasse,7,1903
zs_8b48854d9670,"Ignaz Heim (1818-1880): Komponist, populärer Förderer des Chor- und Volksgesangs. Namensgebend war das 1883 vom Schweizerischen Sängerverein errichtete Denkmal für Ignaz Heim auf dem heutigen Heimplatz. Die 1875 angelegte Verbindungsstrasse zum [street] hiess zunächst wegen der Nähe zur 1842 eingeweihten Kantonsschule, [street] 59, Schulstrasse. 1892 wurde der Kantonsschulplatz in Heimplatz, die Schulstrasse in [Name] umbenannt. Der Chor- und Vereinsgesang hatte im 19. Jahrhundert einen grossen Stellenwert und wurde von breiten Kreisen intensiv gepflegt, was das Denkmal für Ignaz Heim erklärt.",Heimstrasse,1,1892
zs_1ec9c9f8a03b,"Strauchname, Flieder, Pflanzengattung aus der Familie der Ölbaumgewächse.",Fliederstrasse,6,1907
zs_6984f765f7c2,"Seit dem Spätmittelalter bestehende Kreuzung mehrerer Strassen sowie bis 1892 Grenzpunkt der drei ehemaligen Gemeinden Hirslanden, Hottingen und Riesbach. Namensgebend war das Stadtkreuz, das hier die Grenze des mittelalterlichen Stadtbannes um die Stadt Zürich herum markierte. Die 1611 errichtete Kreuzkirche am [Name] wurde 1839 nach dem Bau der Neumünsterkirche abgebrochen. Der dazugehörige Friedhof zum Kreuz wurde bis 1872 beseitigt und an dessen Stelle eine öffentliche Anlage errichtet. Die heutige Platzgestaltung stammt aus den Jahren 1918-1920.",Kreuzplatz,7+8,1866
zs_7183aea04517,"Strasse nach einer 1884 erstellten, heute aber abgegangenen Aussichtsterrasse, einem Aussichts-Känzeli.",Känzelistrasse,7,1956
zs_572a81a82e00,An dieser Stelle wurde früher jeweils der Katzenbach gestaut oder «geschwellt».,Schwellistrasse,11,1952
zs_7db2a014d751,"Flurname «Rüteli»: Verkleinerungsform von «Rüti», einem gerodeten Waldstück.",Rüteliweg,2,1956
zs_3e60b035c3fc,Zwischen 1873 und 1876 wurde das ehemalige von Hans Conrad Stadler im Auftrag des Kantons errichtete Postgebäude durch Adolf und Fritz Brunner zu einer der ersten geschlossenen Blockrandbebauungen in der Stadt Zürich ausgebaut. Die Überbauung wurde von da an [Name] genannt.,Zentralhof,1,1875
zs_ae00ea91e8c7,"Bedeutung unklar, vermutlich benannt nach «Rick», d. h. Gehege, oder nach dem Ricken, dem Pass zwischen der Linthebene und dem Toggenburg.",Rickenstrasse,11,1933
zs_13a7d67daca8,Zugang zur 1875 von Staatsbauinspektor Johann Jakob Müller-Honegger erstellten und 1978 wieder abgetragenen kantonalen Frauenklinik.,Frauenklinikstrasse,6,1894
zs_55ed3ea266eb,"Strasse zum Bauerngut zum fallenden Brunnen in Unterstrass. Der Hof zum fallender Brunnen wird bereits im 1256 erwähnt. Der Name steht wohl für einen ergiebigen Röhrenbrunnen mit «fallendem» oder «wallendem» Wasser, im Unterschied zum Sodbrunnen, aus dem das Wasser geschöpft werden musste.",Brunnenhofstrasse,6,1883
zs_4adafc4448aa,Berghang unterhalb der Friesenburg. Der Name leitet sich aus dem altdeutschen Personennamen Frieso her.,Friesenberghalde,3,1967
zs_18407e6b65e4,"Johann Heinrich Bosshardt (1811-1877): Lehrer in Schwamendingen von 1834 bis 1850, Dichter des Sempacherliedes.

Plaque: Heinrich Bosshardt (1811-1877)
Lehrer in Schwamendingen 1834 bis 1850
Dichter des Sempacherliedes",Heinrich-Bosshardt-Strasse,12,1932
zs_2f611bf32ce6,"Flurname «Brand», ein durch Niederbrennen von Wald oder Gebüschen gerodetes Grundstück.",Brandweg,9,1956
zs_101130fbba3f,Frei gewählter Name. Der seit Längerem bestehende inoffizielle Waldweg-Name wurde 1997 per Stadtratsbeschluss sanktioniert.,Räuberweg,10,1997
zs_c83f37c25246,"Platz im Bereich des in den 1830er Jahren beseitigten Schanzenwerks, wo die Bastei «Bär» lag. Eine Bastei oder Bastion ist ein vorspringender Teil der Stadtbefestigung. Bis um 1870 war das Gebiet bei der ehemaligen Bärenbastei unüberbaut und diente als Exerzierplatz.",Basteiplatz,1,1940
zs_c2d4dff8985c,"Johann Martin Usteri (1873-1827): Zürcher Künstler-Dilettant, der gleichermassen als Zeichner, Dichter und Sammler Bedeutung erlangte. Er war erst Textilunternehmer und widmete sich ab 1804 der Kunst und der Politik. Usteri war konservativer Politiker und von 1803-1827 Präsident der Zürcher Künstlergesellschaft sowie ab 1806 Mitglied des kantonalen Erziehungsrates. Er legte den Grundstock der Sammlung des heutigen Kunsthauses an und war ein beliebter Mundartdichter. Sein bekanntester Text ist das Volkslied «Freut Euch des Lebens».

Plaque: Johann Martin Usteri (1763-1827)
Dichter von «Freut euch des Lebens»",Usteristrasse,1,1881
zs_e51f4c573ad9,"Uto ist der literarische Namen für den Uetliberg. Die erste Brücke an diesem Standort wurde nach 1860 errichtet und war eine schmale Eisenbrücke. Die jetzige Brücke ist eine 1906 von Ingenieur L. Kürsteiner errichtete Betonbrücke in zwei Bogen, die mit Lägernkalkstein verkleidet ist.",Utobrücke,2+3,1893
zs_52ae7664601f,"Michael Maggi (1807-1881): Müller, Einwanderer aus Monza (Italien) und Neubürger der Gemeinde Affoltern (seit 1934 Stadt Zürich). Sein Sohn Julius Maggi (1846-1912) gründete 1872 aus der von seinem Vater übernommenen Hammermühle die Maggi-Werke in Kemptthal (Gemeinde Lindau ZH).

Plaque: Michael Maggi (1807-1881)
Einwanderer aus Monza und Neubürger der Gemeinde Affoltern
Begründer der Maggi-Werke in Kemptthal",Michael-Maggi-Strasse,11,2005
zs_3b892e706d3b,Flurname: Abhang unter den Sandsteinfelsen auf der Buhn.,Felsenrainweg,11,1935
zs_2dcd35397568,"Kurt Früh (1915-1979): Theater- und Filmregisseur zahlreicher Filme, wie etwa «Polizischt Wäckerli» (1955), «Bäckerei Zürrer» (1957) und «Dällebach Kari» (1970). Von 1964 bis 1967 war er Leiter des Ressorts Theater beim Schweizer Fernsehen.

Plaque: Kurt Früh (1915-1979)
Theater und Filmregisseur
(Bäckerei Zürrer, Dällebach Kari)
1964 bis 1967 Leiter des Ressorts Theater
beim Schweizer Fernsehen",Kurt-Früh-Weg,11,2005
zs_90f39015466f,"Alfred Altherr sen. (1875-1945): Schweizer Architekt, Möbel- und Raumgestalter. Altherr war Direktor der Kunstgewerbeschule und des Kunstgewerbemuseums Zürich 1912-1938. Er initiierte die Gründung des Schweizerischen Werkbundes SWB 1913 und war auch dessen erster Direktor. In dieser Eigenschaft modernisierte und reformierte er die Sicht auf Architektur und Innengestaltung und wandte dies in seiner Schule auch an. Formqualität, vorbildlich gestaltete Gebrauchsgüter, seriell hergestellte Typenmöbel und moderne Wohnformen machten das als «Befreites Wohnen» - befreit vom alten Ballast - bekannt gewordene Ziel des SWB aus. Die Musterwohnungen der Werkbund-Siedlung Neubühl in Zürich-Wollishofen erregten bei ihrer Fertigstellung 1932 grosses Aufsehen. Ab 1914 gab der SWB zusammen mit dem Bund der Schweizer Architekten die Zeitschrift «Das Werk» heraus; diese Zeitschrift gibt es noch heute, und sie gehört zu den wichtigsten Fachpublikationen für Architektur und Städtebau im deutschsprachigen Raum. Zu den Mitgliedern des Werkbundes gehörten unter anderem auch Max Bill und Hans Erni.

Plaque: Alfred Altherr (1875-1945)
Leiter der Kunstgewerbeschule 1912 bis 1938
Gründer des Schweiz. Werkbundes 1913",Alfred-Altherr-Terrasse,6,2014
zs_9ee5a2fda633,"Flurname, ersterwähnt 1474, der die mundartlich abgeschliffene Bezeichnung Talchern für Taläcker, also einer Mehrzahl von Äckern im Tal, aufgreift.",Talchernsteig,10,1930
zs_42db880247ab,"Wohl frei gewählte Bezeichnung nach dem beliebten Meeressäuger, der in der Mythologie und der Heraldik, auch als Hausname häufig vorkommt.",Delphinstrasse,8,1881
zs_1c8364f56405,"Der [Name] hat seine Fortsetzung in der Peterstobelstrasse. Strasse beim Peterstobelbach, auch Letzibach, am Zürichberg. Wohl nach einem früheren Anstösser benannt.",Peterstobelweg,6,1956
zs_ffa8ea008689,"1891 wurde der Neubau des Stadttheaters eröffnet, der vom Wiener Architekturbüro Fellner & Helmer als Ersatz für das 1890 abgebrannte Aktientheater erbaut wurde. Mit der Verlegung der Tonhalle in den 1895 eröffneten Neubau an der Claridenstrasse 7 drängte sich auch die Umbenennung der Tonhallestrasse in [Name] auf. Da im Gegensatz zur Frühzeit keine Sprechtheateraufführungen mehr angeboten wurden, ist das Stadttheater 1964 in Opernhaus umbenannt worden.",Theaterstrasse,1,1898
zs_686e8fd51b19,"Gasse, die die sogenannte Neustadt zwischen der Oberdorfstrasse und der [street] erschliesst. Die «nüwe Statt» erscheint 1355 in den schriftlichen Quellen, sie ist erst im 14. Jahrhundert und damit später als andere Teile der mittelalterlichen Stadt Zürich entstanden. Die Gasse, von der man die neue Stadt betritt, wird 1407 erwähnt; der Name [Name] scheint sich erst im 19. Jahrhundert eingebürgert zu haben.",Neustadtgasse,1,1865
zs_2aba17634c44,"Flurname: Bach, der durch ein durch Brandrodung geschaffenes Gebiet fliesst.",Brandbachweg,12,1993
zs_304e874a0911,"Park in der Hardau. Der Name geht auf das Landgut zur Hardau an der Badenerstrasse 378 (1770-1979) zurück, des bedeutenden Zürcher Staatsmanns Hans Caspar Hirzel (1746-1827), genannt Statthalter Hirzel beim Rech. «Hardau» bezeichnet einen als Weide benutzten, lichten Auenwald.",Hardaupark,4,2009
zs_6b605f4ea67c,"Benannt nach der alten Ortsgegend «am Nebelbach» in Zürich-Riesbach, die um 1840 aus drei Wohnhäusern bestand. Namensgebend war der gleichnamige, in Zollikon bei Witellikon entspringende Bach, der bei Tiefenbrunnen in den Zürichsee fliesst. Im 15. Jahrhundert hiess der Bach noch Näppelbach. Ob dieser Name etwas mit Nebel zu tun hat, der aus dem Bachgraben aufsteigt, ist ungewiss.",Nebelbachstrasse,8,1867
zs_6aafbcd9f9c9,"Flurname, möglicherweise abgeleitet von «Lewere» für einen länglichen Hügel.",Leebernweg,11,1920
zs_871228df18a6,"[Name] war eine Flurbezeichnung in der Gemeinde Unterstrass. Ursprünglich wurde die Strasse nach Wipkingen, die heutige Wasserwerkstrasse, [Name] genannt. Der heutige [Name] war eine Verbindung von der Wasserwerkstrasse durch die dortigen Weinberge an die Nordstrasse. Der untere Teil dieses Weges mit dem Landgut [Name] (vor 1812-1976), Wasserwerkstrasse 52, von Direktor Martin Escher-Hess (1788-1870), Seidenfabrikant und Direktor der Schweizerischen Nordbahngesellschaft (die spätere Nordostbahn), hat dem Bau des Milcbucktunnels weichen müssen.",Engweg,6,1881
zs_76392f826093,"Robert Durrer (1890-1978): Professor für Metallurgie an der ETH Zürich 1943-1961.

Plaque: Robert Durrer (1890-1978)
Professor für Metallurgie. Lieferte die entscheidenden Forschungs-
beiträge zur Herstellung von Qualitätsstahl mit Hilfe des Sauerstoff-
Blasverfahrens (LD-Verfahren = Linz-Durrer-Verfahren).",Robert-Durrer-Weg,10,2013
zs_cd5b2482e4eb,"Name für die Anlage auf der geplanten Einhausung Schwamendingen, welche die beiden Teile der Ueberlandstrasse verbinden soll.",Ueberlandpark,12,2012
zs_3f47e7ebf322,"«Loh», d. h. Wäldchen, eines Eigentümers namens Kügeli, einer Familie, die im 15. Jahrhundert in Seebach nachgewiesen ist.",Kügeliloostrasse,11,1933
zs_cfa0a627c5fa,"André-Marie Ampère (1775-1836): Französischer Physiker, nach dem die Einheit der elektrischen Stromstärke benannt wurde.
Die Benennung erfolgte auf Vorschlag der bis 1975 existierenden Trüb, Täuber & Co., Fabrik elektrischer Messinstrumente und wissenschaftlicher Apparate, die 1919 ihren Haupsitz an den Wipkinger Brückenkopf des heutigen Ampèrestegs verlegte.

Plaque: André-Marie Ampère (1775-1836)
Französischer Physiker",Ampèrestrasse,10,1918
zs_2915f1b9cedd,"Engelbert Notter (1900-1980), Dachdecker und Bauherr der 1951 erbauten Liegenschaft Engelbergstrasse 23.",Engelbertstrasse,12,1951
zs_697f7ac50c90,"Im Zusammenhang mit der Neuanlage des Bahnhofquartiers in den 1860er Jahren erbaute Strasse. Sie ist benannt nach dem damals nahen, in der Verlängerung der Strasse an der Limmat gelegenen Waisenhaus (heute Bahnhofquai 3). Dieses wurde 1771 eröffnet und diente bis 1911 seinem ursprünglichen Zweck. Seit 1914 ist das Waisenhausgebäude das Amtshaus I der Zürcher Stadtverwaltung und das Hauptgebäude der Stadtpolizei.",Waisenhausstrasse,1,1863
zs_4750edda45c2,"Paul Clairmont (1875-1942): Professor für Chirurgie an der Universität Zürich 1918-1941.

Plaque: Paul Clairmont (1875-1942)
Professor für Chirurgie an der Universität 1918 bis 1941",Paul-Clairmont-Strasse,3,1962
zs_9cc459b4c874,"Von Architekt Gustav Gull 1913 als Uraniabrücke an Stelle des Oberen Mühlesteges errichtete Brücke, die 1951 zu Ehren von Rudolf Brun in [Name] umbenannt wurde. Ritter Rudolf Brun (gest. 1360): erster Bürgermeister von Zürich (1336-1360). Als Mitglied des Rats von Zürich, in welchem sich die Adligen einer immer stärker werdenden bürgerlichen Ratsmehrheit gegenüber sahen, verbündete er sich mit den Handwerkern, denen eine politische Organisation verboten war. 1336 wurde mit der Brunschen Zunftrevolution das bürgerlich-kaufmännische Patriziat aus dem Rat eliminiert und eine nach Strassburger Vorbild ausgestaltete Zürcher Zunftverfassung vorgelegt. Eine reale Beteiligung der Zünfte an der städtischen Politik fand allerdings erst einige Jahre nach seinem Tod im Jahre 1373 statt. Unter Brun begann die Stadt Zürich ihren Einfluss entlang der Wasserwege Limmat und Zürichsee auszudehnen. Brun betrieb zudem eine aktive Bündnispolitik und verband sich sowohl mit den schwäbischen Reichsstädten Konstanz, Schaffhausen und Basel, als auch mit den Waldstätten (1351) und dem Herzog von Österreich (1356). Anlässlich der Pestepidemie von 1348/49, welche den Juden angelastet wurde, hat Brun das Pogrom an der jüdischen Einwohnerschaft der Stadt nicht nur nicht verhindert, sondern sich selbst ausgiebig am Eigentum der Opfer bereichert. Bestattet wurde Rudolf Brun 1360 im Chor der Kirche St. Peter. Sein heutiges Grab befindet sich unter der Gedenktafel vor dem Turmaufgang.",Rudolf-Brun-Brücke,1,1951
zs_4faace57a816,"Benannt  nach der südwestlich des Hauptbahnhofs gelegenen Sihlpost, einem 1927-1930 nach Plänen der Architekten Gebrüder Bräm errichteten Rechteckbau mit markantem Uhr- und Treppenhausturm im Stil des Neuen Bauens (Ingenieur: Robert Maillart).
Der 6-geschossige, 123 m lange Bau wird von der Post, den Schweizerischen Bundesbahnen SBB und privaten Unternehmungen genutzt.",Sihlpostgasse,4,2015
zs_bcc4a4fe336b,Das Grundstück ist ab 2025 für den Bau eines Tramdepots der VBZ vorgesehen.,Depotweg,9,2011
zs_241acf49f6ae,"Wipkinger Teilstück der alten Zürcherstrasse, die rechts der Limmat von Zürich über Wipkingen nach Höngg und weiter nach Wettingen führte. Im Jahr 1892 wurde, um Verwechslungen mit anderen Zürcherstrassen auszuschliessen, das Stück limmatabwärts bis zum Bahndamm von Wipkingen in Wasserwerkstrasse und das Stück vom Eisenbahndamm bis zur Grenze von Höngg in [Name] umbenannt. Der Name Höngg geht auf «Hoinga» (820) zurück und bezeichnet die auf der Höhe wohnenden Leute.",Hönggerstrasse,10,1892
zs_d79159a886be,"Johann Jakob Steinbrüchel (1729-1796): Chorherr und humanistisch-aufklärerisch gesinnter Lehrer für alte Sprachen am Carolinum, Übersetzer griechischer Dichtungen.

Plaque: Johann Jakob Steinbrüchel (1729-1796)
Humanistischer Lehrer",Steinbrüchelstrasse,7,1951
zs_d5a45a072e11,"Schon 1533 erwähnter Acker am Rande des Altrieds. Altried dürfte sich hier auf den feuchten Boden beziehen, kann aber auch gerodetes Waldstück oder Weideland bedeuten, das bepflanzt worden ist.",Riedackerstrasse,12,1931
zs_28c36d9e1244,"Benannt nach dem Fuhrhalter Jakob Fenner (1823-1892), der als Anstösser 1879 Land für den Bau des neuen Weges abtrat.",Fennergasse,8,1879
zs_fa032ee4447e,"Albert Näf (1874-1961): Letzter Gemeindepräsident von Oerlikon 1916-1933 und Baumeister.

Plaque: Albert Näf (1874-1961)
Letzter Gemeindepräsident von Oerlikon 1916 bis 1933",Albert-Näf-Platz,11,1962
zs_39ec5bd6e349,"Flurname «Im Rolli», beim Grundstück der Familie Rolli.",Rolliweg,2,1999
zs_2bda2b7a9bba,"Die Bezeichnung erinnert an die dort vorhandenen Niederlassungen internationaler Unternehmungen. Eine zentrale Europallee reflektiert, dass Zürich sich im Herzen Europas sieht; zudem ist der nahe Hauptbahnhof Zürichs Tor zu Europa.",Europaallee,4,2007
zs_e1ce9b511bcb,"Susanna Gossweiler (1740-1793): Sie war die erste Lehrerin an der von Leonhard Usteri initiierten Züricher Töchterschule von 1774 bis 1793.

Plaque: Susanna Gossweiler (1740-1793)
Erste Lehrerin an der von Leonhard Usteri
initiierten Züricher Töchterschule 1774 bis 1793",Susanna-Gossweiler-Platz,1,2004
zs_a828602eacc7,"Weg beim schon 1545 erwähnten Hürst, einer nach Büschen oder Sträuchern benannten langen, waldigen Anhöhe.",Hürstholzweg,11,1999
zs_49576436abef,"Name der von Zürich-Hirslanden über die Forch nach Esslingen und weiter ins Zürcher Oberland führenden, in den 1840er Jahren neu erbauten Landstrasse. «Forch» könnte für Föhren stehen, aber auch von «Furca», Gabel, stammen.",Forchstrasse,7+8,1874
zs_f5a4d5d08ba0,"Im Jahre 1503 unter diesem Namen («Bredyer-Gässli») erwähnte Gasse, die vom [street] her zur Predigerkirche des 1524 aufgehobenen Predigerklosters (Dominikanerorden) führt. Das 1611 errichtete Hauptportal der Predigerkirche ist nach der [Name] hin ausgerichtet.",Predigergasse,1,1865
zs_f2023fcd1b2a,Der Flurname «Im Hätzler» leitet sich vermutlich von einer dort ansässigen Familie Hetzler ab.,Hätzlergasse,9,1935
zs_b0960ef07066,"Tiername, Singvogelart aus der Familie der Rabenvögel.",Dohlenweg,11,1948
zs_b93823e09d2e,Flurname für einen eingezäunten oder eingefriedeten Acker.,Friedackerstrasse,11,1933
zs_b01414419c3e,"Die Brücke als Verbindung zwischen der Hardstrasse und dem Hardplatz über das Bahnareal wurde im Hinblick auf die Eröffnung des Güterbahnhofes von 1897 gebaut. Sie wurde anfangs Hardstrassenüberführung genannt. «Hard» bezeichnet einen als Weide benutzten, lichten Wald.",Hardbrücke,4+5+10,1910
zs_d888b2dcb230,"Strauchname. Die frühere Benennung Westhof musste im Zusammenhang mit der Eingemeindung Oerlikons in die Stadt Zürich von 1934 geändert werden, um keine Verwechslung mit bereits bestehenden Strassenbenennungen auszulösen.",Holunderhof,11,1933
zs_b3d82385b050,"Regula Engel-Egli (1761-1853): Marketenderin und Offiziersgattin. Regula Engel war glühende Anhängerin von Napoleon Bonaparte, an dessen Feldzügen sie teilnahm und worüber sie das Werk «Lebensbeschreibung der Wittwe des Obrist Florian Engel von Langwies, in Bündten, geborener Egli von Fluntern, bey Zürich, Enthaltend die Geschichte ihres Herkommens, Jugendschicksale, Verheurathung und weitläufige Reisen im Gefolge der französischen Armeen durch ganz Frankreich, die Niederlande, Italien, Spanien, Portugall, die Oesterreichischen und Preussischen Staaten, Deutschland und besonders auch der Expedition in Egypten und einer späteren Reise nach Amerika» verfasste.

Plaque: Regula Engel-Egli (1761-1853)
Schweizerische Amazone, nahm an
den Napoleonischen Kriegszügen teil",Engelstrasse,4,1893
zs_4fd07397225a,"Teil des Weges, der über die Weinegg ins «Burgholz» oder «Burghölzli» führt. Der bewaldete Hügel «Burg» oberhalb von Riesbach wird schon im 13. Jahrhundert erwähnt. Seit der Zeit um 1500 gehörte er zum grössten Teil der Gemeinde Riesbach, die daraus ihr Holz bezog. Der Name lässt eine Burgstelle vermuten. Von einer solchen, zum Beispiel von einer im 16. und 17. Jahrhundert dorthin verlegten «Biberlinsburg», ist aber weder urkundlich noch archäologisch etwas bekannt.",Burgweg,8,1868
zs_373cd117f60e,"Alteingesessenes Geschlecht Glättli; der erste Glättli, Johannes Glättli von Bonstetten (1794-1851), erwarb das Bürgerrecht von Altstetten 1830.",Glättlistrasse,9,1951
zs_5d1ea82d565d,"Anlage der Strasse gemäss Gemeindratsbeschluss Riesbach von 1870 als eine 5.4 Meter breite und mit grosszügigen Trottoirs versehene Allee, für deren Besetzung Lindenbäume ausgewählt wurden.",Lindenstrasse,8,1871
zs_afa862f30bbc,"Benannt nach den Gebrüdern Johannes Hasler-Hausheer (1846-1902) und Johann Jakob Hasler-Mäder (1848-1905), Landwirte, die hier Grundeigentümer waren.",Haslerstrasse,3,1910
zs_047fcf4d045f,"Walter Bion (1830-1909): Pfarrer der Kirchgemeinde zur Predigern 1872-1902. Bion war ein Förderer des Schulwesens und engagierte sich ehrenamtlich für die Armen- und Krankenpflege. Er gründete 1876 die Zürcher Ferienkolonien, um die Kinder zur physischen Kräftigung in die Natur und an die frische Luft zu bringen. Er war auch Mitgründer des Schwesternhauses zum Roten Kreuz in Zürich-Fluntern, von Heilstätten für rachitische Kinder und für Lungenkranke sowie einer der Initianten des Zürcher Volkshauses. Bion war führender Vertreter eines religiösen Liberalismus und Zentralpräsident des Schweizerischen Vereins für freies Christentum; er war auch Präsident des Schweizersichen Kindergartenvereins. Er wurde 1902 mit dem Ehrendoktor für Medizin der Universität Zürich und 1909 mit dem Ehrendoktor für Theologie der Universität Genf geehrt.",Bionstrasse,6,1912
zs_8b7ce1848758,"Die Zürcher Ritterfamilie Schwend besass im 15. Jahrhundert Grundbesitz in Wiedikon. Sie waren die letzten Gerichtsherren von Wiedikon, bis sie diese niedere Gerichtsbarkeit 1491 an die Stadt verkauften.",Schwendenweg,3,1950
zs_016f89a2eea0,Weg bei der Aubruggstrasse. Die Aubrugg war ehemals eine Holzbrücke über die Glatt. Diese wurde 1809/10 erbaut als Ersatz für die bei Kämpfen zwischen französischen und kaiserlichen Truppen 1799 zerstörte Brücke. «Au» ist die Bezeichnung für Wiesland an einem Gewässer.,Aubruggweg,12,1979
zs_7770253062b7,"Immanuel Kant (1724-1804): Deutscher Philosoph. Kant zählt zu den bedeutendsten Vertretern der abendländischen Philosophie. Sein Werk «Kritik der reinen Vernunft» von 1781 kennzeichnet den Beginn der modernen Philosphie.

Plaque: Immanuel Kant (1724-1804)
Deutscher Philosoph",Kantstrasse,7,1907
zs_a5b813af73ff,"Der Gemeindename «Wibichinga», der seit den 9. Jahrhundert nachgewiesen ist, erinnert an die Ansiedlung der Leute des Alemannen Wibicho.",Wipkingerplatz,10,1973
zs_1ebc70e4b703,"Benannt nach dem nahe gelegenen Hof Medikon («Mädike», «Medicken») auf dem Albis, Gemeinde Stallikon. Medikon, ursprünglich Madinghofen, bei den Höfen der Leute des Mado.",Medikerweg,2+3,1902
zs_5b932f6b5464,"Verbindung zur Lehenstrasse, benannt nach dem 1927 abgetragenen Haus zum Lehen, Lehenstrasse 29. Ein Lehen war bis in das 19. Jahrhundert hinein ein verpachtetes oder entlehntes Gut, das oft auch dem Staat gehörte.",Lehensteig,10,1894
zs_de726bac1ed2,"Benjamin Fritschi (1842-1916): Lehrer, Journalist, Politiker und Vorkämpfer der ersten Stadtvereinigung von 1893, dem Zusammenschluss der Stadt Zürich mit ihren Vororten. Fritschi war Lehrer u. a. in Höngg und Unterstrass 1862-1871, Direktor der Zwirnerei Zinggeler und ab 1878 in Zürich-Aussersihl Herausgeber und Redaktor der «Freien Stimmen vom Uto» mit eigener Druckerei. 1881 erwarb er das «Zürcher Volksblatt». Fritschi vertrat die Demokratischen Partei im Zürcher Kantonsrat 1876-1878, 1886-1902, im Gemeinderat von Aussersihl 1881-1892 und im Zürcher Stadtrat 1892-1914, wo er dem Gesundheitswesen 1892-1898, dem Schulwesen 1898-1904 und dem Hochbauamt 1904-1914 vorstand.

Plaque: Benjamin Fritschi (1842-1916)
Vorkämpfer der Stadtvereinigung von 1893
Stadtrat 1892 bis 1914",Fritschistrasse,3,1918
zs_11788aed55da,"Strasse, auf der man über Birmensdorf nach Bremgarten im Kanton Aargau gelangt.",Bremgartnerstrasse,3,1880
zs_eba0ea11f927,Frei gewählter Name. Querstrasse zur Seeblickstrasse.,Seeblickweg,2,1913
zs_fdd6bac66919,"Eisenfachwerkbrücke, die 1880 im Hinblick auf die Schweizerische Landesausstellung 1883 in Zürich - mit Pavillons auf dem Platzspitz und im Industriequartier - erstellt wurde. Der Name des Stegs erinnert an die Wiesen, die Matten, entlang der Limmat.",Mattensteg,5,1885
zs_c8725553b5a7,"Flurname nach einer 1549 erwähnten «Chalchdarre», einem Kalkbrennofen.",Kalchtarenweg,10,1986
zs_019306f26b13,"Strasse, die in den 1840er Jahren erstellt wurde und die dem ehemaligen Geissbergbollwerk als einem Teil der Schanzen entlang führte. Vor dem Geissbergbollwerk lagen auch die sogenannten Schanzenlehen, von der Stadt in Pacht vergebene Grundstücke im Gebiet ihrer Schanzen.",Schanzengasse,1+7,1865
zs_d57655409302,"Alte Ortsgegend in Riesbach, beim Zürichhorn gelegen, der durch den Hornbach geschaffenen Landzunge am Zürichsee.",Horneggstrasse,8,1867
zs_9e0d1e406088,"Der Flurname «Oberlee» leitet sich von einem Lehen, einem geliehenen Gut, ab.",Oberleestrasse,10,1997
zs_f1e46c484a47,"Emilie Kempin-Spyri (1853-1901): Erste promovierte Juristin der Schweiz; Privatdozentin an der Universität Zürich, Gründerin der Zeitschrift «Frauenrecht» und des Frauenrechtsschutzvereines 1893.",Emilie-Kempin-Spyri-Weg,9,1993
zs_6b7076811c66,"Ein gegen Sonnenuntergang («Abend»), d. h. gegen Westen führender Weg.",Abendweg,2,1908
zs_d315efc17251,"Friedrich (Fritz) Gauger (1845-1910): Gründer der Rolladenfabrik Gauger. Ursprünglich aus Württemberg, etablierte er sich ab 1878 in Zürich als Bauschlosser und baute 1881 in Zürich-Unterstrass seine erste Fabrik; bereits 1887 errichtete er am Standort des Firmensitzes, bis 1976 an der heutigen [Name], ein neues Fabrikgebäude zur Rolladenherstellung aus Stahlblech. Ab 1896 expandierte er in den Stahl- und Metallbau. Dafür errichtete die Firma 1958 eine eigene Fabrikationshalle in Zürich-Affoltern. Die Gauger & Co. AG Zürich führte 1970 beispielsweise den Bau der Eisenkontstruktion des Parkdecks Gessnerallee aus. 1976 wurde die Fabrik an der [Name] im Zusammenhang mit dem Bau des Milchbucktunnels enteignet und 1976 abgetragen; 1983 wurde ein Teil des Geschäfts von der Stawin Industrie- und Sicherheitstoren Pfungen übernommen, nachdem die Gauger Ende 1978 in Konkurs gegangen war.",Gaugerstrasse,6,1908
zs_84e04621fa77,"Benannt nach dem 1394 erstmals erwähnten Haus zum Spiegel, [Name] 2. Der untere, westliche Gassenteil hiess im 14. Jahrhundert (wie auch die benachbarte Gasse) Nadelgasse, im Jahr 1637 dann [Name]. Das Teilstück vom Brunnenturm bis zum [street] war die 1304 erwähnte Steingasse, was auf Häuser aus Stein oder auf eine frühe Strassenpflästerung hinweist. 1865 hiess die gesamte Gasse Steingasse, bis sie im Jahr 1880 wegen gleichnamiger Strassen in den Vorortsgemeinden in [Name] umbenannt wurde.",Spiegelgasse,1,1880
zs_dc8d2a043108,"Männlicher Vorname Michael. Der Name soll sich auf den Grundstücksbesitzer Heinrich Appenzeller, genannt Michel, beziehen.",Michelstrasse,10,1904
zs_6ee31c174ce3,"Anlehnung an die Bezeichnung Obsthalden und die [street], welche die Grenze zu der Wegverbindung bildet.",Spalierweg,11,2005
zs_684fc4cd5e7f,"Baumname: Espe, Aspe oder Zitterpappel ist eine Pflanzenart aus der Gattung der Pappeln. Der [Name] wurde 1949 als Teilstück der damaligen [street] im Hinblick auf die 1949 sich im Projektstadium befindliche Alterssiedlung Espenhof benannt.",Espenhofweg,9,1949
zs_faacd6a396ac,"Bezeichnung der Gasse spätestens seit 1637 nach dem Geigerhaus, [Name] 5, Herberge zur Heimat. Dieses war im 17. Jahrhundert das Haus der Familie Geiger oder Gyger, deren bekanntester Vertreter der herausragende Kartograph Hans Konrad Gyger (1599-1674) war. Weil der Gebäudekomplex bis zur Reformation dem Kloster Rüti gehörte, hiess die Gasse bis ins 16. Jahrhundert «Rütigasse».",Geigergasse,1,1865
zs_deb26bfc0e08,"Nach seiner Form benannter, möglicherweise auf einen früheren Flurnamen zurückgehender Waldweg im Adlisberg.",Breitweg,7,1934
zs_ee01dc11027f,"Männlicher Vorname, der auf den römischen Kaiser Marcus Aurelius Probus (232-282), welcher als Förderer des Weinbaus gilt, zurückgeht. Vielleicht ist der Weg nach dem Roman «Probus» von Paul Ilg (1875-1957) von 1922 über den Schweizer Flugpionier Oskar Bider (1891-1919) benannt.",Probusweg,11,1933
zs_dd831f632612,Hinweis auf die benachbarten ehemaligen Zeughäuser In Gassen und am Paradeplatz.,Züghusplatz,1,1975
zs_bef10ec0bfbb,"Mentona Moser (1874-1971):  Vordenkerin der Kinderfürsorgebewegung und Mitbegründerin der modernen Sozialarbeit, seit 1909 Bürgerin von Zürich. Mentona Moser stammte aus einer reichen Schaffhauser Unternehmerfamilie. 1887 übersiedelte die Familie ins Schloss Au am Zürichsee. In London besuchte Mentona Moser Kurse über Soziale Arbeit, arbeitete als Hilfslehrerin an Abendschulen und als Pflegerin in einem Spital. Durch ihre Arbeit kam sie zur Überzeugung, dass die Lebensumstände der Arbeiterklasse verbessert werden müssen und wurde zur überzeugten Sozialistin. Nach ihrer Rückkehr in die Schweiz 1903 widmete sie sich ganz der Sozialarbeit. Sie war Mitgründerin der Fürsorgestelle für Tuberkulose, gründete einen Verein für Sehbehinderte und amtierte als Leiterin der Mütter- und Säuglingsfürsorge der Pro Juventute. Ihr spezielles Augenmerk richtete Mentona Moser auf die Planung von Arbeitersiedlungen, Grünflächen und insbesondere Kinderspielplätzen. 1907 trat sie der Sozialdemokratischen Partei, 1917 der Kommunistischen Partei bei. Mentona Moser schlug dem Stadtrat ein Programm zur Schaffung von Kinderspielplätzen vor, woraufhin dieser ihr und ihrer Expertenkommission den Auftrag erteilte, geeignete Plätze vorzuschlagen. 1909 wurde in Zürich der erste Kinderspielplatz, die heutige [Name], eröffnet. Mentona Moser hielt sich später in Russland und Deutschland auf und flüchtete 1934  von dort wieder zurück in die Schweiz. Die Kriegsjahre verlebte sie in Zürich. 1950 erhielt die durch die Beschlagnahmung ihres Vermögens durch die Nationalsozialisten völlig verarmte Mentona Moser das Ehrenbürgerrecht der Deutschen Demokratischen Rebublik DDR und übersiedelte daraufhin nach Berlin. 1959 Trägerin der Clara-Zetkin-Medaille.

Plaque: Mentona Moser (1874-1971)
Vordenkerin der Kinderfürsorgebewegung und Mitbegründerin der modernen Sozialarbeit.
Dieser erste Zürcher Kinderspielplatz entstand auf ihre Initiative.",Mentona-Moser-Anlage,4,2020
zs_157ab16ad267,"Kleiner Acker, der in der mittelalterIichen Dreifelderwirtschaft während zweier Jahre bepflanzt und im dritten Jahre als Weide benutzt wurde.",Zelglistrasse,11,1933
zs_ebb08ac28880,1852 errichtete Strasse entlang der Limmat von Wipkingen bis zur Mühlehalde.,Am Wasser,10,1932
zs_1b3d686d3129,"Flurname: Hinweis auf ein ehemaliges Wildgehege, das zur Friesenburg gehörte, oder auf einen alten Tierfriedhof (Schindanger).",Im Tiergarten,3,1987
zs_f78c20cae5cc,"Annemarie Schwarzenbach (1908-1942): Zürcher Schriftstellerin und Journalistin, Fotoreporterin und Verfasserin von Reiseberichten. Tochter des Seidenfabrikanten Alfred Emil Schwarzenbach und der Renée Schwarzenbach-Wille, Enkelin des Generals Ulrich Wille, eng befreundet mit Erika und Klaus Mann; sie lebte in gespanntem Verhältnis zu ihrer Familie u. a. wegen ihres Engagements gegen den Nationalsozialismus. Sie studierte Geschichte in Paris und Zürich, promovierte mit einer Arbeit zur «Geschichte des Oberengadins im Mittelalter und zu Beginn der Neuzeit»; längere Reisen nach Asien (u. a. nach Afghanistan), in die Sowjetunion 1936-1938, in die USA und den Kongo 1941-1942; Neben Reiseberichten und Fotoreportagen lyrische und autobiografisch gefärbte Prosa, u. a. «Freunde um Bernhard» (1931), «Lyrische Novelle» (1933), «Das glückliche Tal» (1940), «Bei diesem Regen» (1989), «Tod in Persien» (1995), «Flucht nach oben» (1999).",Annemarie-Schwarzenbach-Weg,11,1996
zs_5b70cb8053ec,Flurname: Acker bei einer kleinen Quelle.,Brünneliacker,9,1946
zs_90c09984bd70,Benannt nach der aargauischen Gemeinde Bellikon.,Bellikersteig,10,1932
zs_5287c0215e56,Der Name Fluntern leitet sich von einem im 9. Jahrhundert dort ansässigen alemanischen Siedler Namens Flobot ab. Aus der Bezeichnung Flotbotisreine aus dem 9. Jahrhundert haben sich die Bezeichnungen Flobotsrein und im 12. Jahrhundert Fluontrein gebildet.,Flobotstrasse,7,1927
zs_2adb176d00ce,"Bereits auf Karten des 17. Jahrhunderts verzeichneter Weg in Hottingen, der in der Fallachse des Berges an der alten Ortsgegend «Rütigass» vorbeiführt. Der vielerorts vorkommende Flurname «Rüti» bezeichnet ein gerodetes, also urbar gemachtes Waldgebiet.",Rütistrasse,7,1881
zs_b9dbafc95c2c,Flurname: Weg entlang des Tobels des Altstetter Unterdorfbaches oder Girenhaldenbächlis.,Bachtobelweg,9,1997
zs_c59c22953746,"Flurname: Name eines Ackerlandes oberhalb des Wehrenbachtobels, erstmals um 1528 als Köllenacher erwähnt; «chel», d. h. Rinne oder Schlucht.",Chelleweg,7,1980
zs_e6a43d3326ca,"Der schon 1306 erwähnte Flurname könnte sich vom Wort «spanen» für säugen ableiten, das noch beim Ausdruck des Spanferkels in Gebrauch ist. Auf einer Spanweide würden somit Jungtiere in Mutter-Tier-Haltung stehen. Die Spanweid war eine Pflegeanstalt, die aus dem 1364 ersterwähnten Absonderungs- oder Siechenhaus St. Moritz hervor ging, das 1630 in eine Pfrundanstalt umgewandelt wurde, und dem Röslibad. Die Gebäude des Amtes zur Spanweid standen im Gebiet zwischen der Beckenhof-, der St. Moritz- und der [Name] und wurden zwischen 1851 und 1894 abgetragen.",Spanweidstrasse,6,1907
zs_b1201b7ad0dc,"Im Zusammenhang mit der Tieferlegung der Seebahnlinie, der Verlegung der Sihl und der Neugestaltung des Sihlraums beim Sihlhölzli wurde 1927 entlang der Sihl eine Promenade, ein Spazierweg, erstellt.",Sihlpromenade,2,1927
zs_a0432bfaf2d9,"Bezug zum Quartier Wipkingen, wo der Park liegt. Der Name, der urspünglich Wibichinga lautete und seit den 9. Jahrhundert nachgewiesen ist, erinnert an die Ansiedlung der Leute des Alemannen Wibicho.",Wipkingerpark,10,2004
zs_fb9003ce1f82,Flurname für den steinreichen Abhang des Moränenzuges in der Enge.,Steinhaldenstrasse,2,1898
zs_14c00b5acbf9,"Strasse um die Überbauung in der Birch, wo ehemals ein Birkenwäldchen stand.",Birchdörfli,6+11,1931
zs_f005ae50c422,"Flurname in Zürich-Oerlikon, der auf ein als Kuhweide genutztes Ried, d. h. auf feuchten Boden hinweist.",Kühriedweg,11,1923
zs_14da08c91dd1,"Die Bläsistrasse wird im Bereich des Reservoirs unterbrochen, wobei das obere Teilstück [Name] genannt wird. Der Flurname «Im Bläsi» leitet sich von der mundartlichen Form des männlichen Vornamen Blasius ab und bezeichnet einen früheren Grundbesitz des Benediktinerklosters St. Blasien im Schwarzwald.",Obere Bläsistrasse,10,2003
zs_2fe6de1bb5d6,Flurname: Wiese («Matte») beim Buchengehölz.,Buchmattweg,6,1930
zs_9eb459141f82,"Gasse, die von der Limmat zur Bahnhofstrasse führt, wo sich bis zu seinem Abbruch 1878 der Kappelerhof als Teil der alten Ringmauer befand. Die Gasse wird erstmals in einer Urkunde des Jahres 1438 unter diesem Namen erwähnt. Der Kappelerhof war seit dem Jahr 1270 das Amtsgebäude des Klosters Kappel am Albis in Zürich. Nach der Reformation diente der Hof vom 16. bis 18. Jahrhundert dem Kappeler Amtmann zur Verwaltung des nunmehr in staatlichen Besitz übergegangenen Klostergutes. Von 1834 bis 1859 beherbergte er Teile der Bezirks- und der Stadtverwaltung.",Kappelergasse,1,1865
zs_b8da2b3f15d0,"Die von der Nordostbahn 1856 eröffnete Bahnstrecke vom Hauptbahnhof nach Oerlikon führte über einen Bahndamm nach Wipkingen, wo sich die Tunneleinfahrt befindet. Um eine geringere Steigung zu erhalten, wurde 1891-1894 ein weiter ausholendes Viadukt, das Wipkinger Viadukt, errichtet. Die alte Trassee des Damms bildet die heutige [street].",Viaduktstrasse,5,1908
zs_2250a76919f2,"Name des 1484 erstmals erwähnten ehemaligen Reblandes in Albisrieden. Dessen dreieckige Form erinnert hier möglicherweise an einen Schaber, ein Gerät zur Entfernung von Unkraut in den Reben.",Im Schaber,9,1919
zs_b254ab0abda2,"Strasse in der alten Ortsgegend «Lätten» in Wipkingen, an der Limmat und an der alten Strasse nach Zürich gelegen. «Letten» ist gleichbedeutend mit Lehm und bezeichnet vielerorts als Flurname einen lehmigen, schweren Boden.",Lettenstrasse,10,1888
zs_dccca3319f6e,"Am Übergang bei St. Jakob an der Sihl standen schon seit alters her Holzbrücken. 1866/67 wurde die gedeckte Holzbrücke von Werkmeister Stadler von 1797 durch eine eiserne Brücke ersetzt. 1903 baute die Firma Fietz & Landolt AG eine Eisenbetonbrücke mit Steinverkleidung. Die Brücke, die ursprünglich St. Jakobs-Brücke genannt wurde, war Jahrhunderte lang der einzige Übergang über die Sihl.",Sihlbrücke,1+4,1885
zs_0f9042716c49,"Strasse in Aussersihl, die beim 1878 errichteten und 1968 abgetragenen Wohnhaus zur Bauhalle an der [street] 19 begann. Bauherr und Besitzer war 1883 der Baumeister Albert Egolf in Zürich.",Bauhallengasse,4,1880
zs_c70bdeec7efa,"Heinrich Honegger (1773-1845): Seidenfabrikant und Landwirt, 1799 Gemeindepräsident und von 1799 bis 1845 Mitglied des Stillstandes von Wollishofen, Mitglied der 1798 gegründeten Lesegesellschaft Wollishofen.",Honeggerweg,2,1946
zs_a09736325aa7,"Arnold Bürkli (1833-1894): Ingenieur. Arnold Bürkli war als Stadtingenieur von Zürich 1860-1882 verantwortlich für die Neugestaltung der Stadt. Unter seiner Leitung wurden die Bahnhofbrücke (1861) und die Bahnhofstrasse (ab 1864) errichtet. Er plante das Stadelhofer- (ab 1862), Bahnhof- (ab 1864), Industrie- (1873) und Zähringerquartier (ab 1876). Er führte 1867-1873 eine Abfuhrwesen- und Kloakenreform durch und förderte mit seinen Studien den Bau der Strassenbahnen in Zürich. 1883-1887 wurde er leitender Ingenieur der Quaibaukommission und erbaute die Quaianlagen am See mit dem zentralen [Name]. Er war ferner Präsident des kantonalen 1869-1885 und des schweizerischen Ingenieur- und Architektenvereins 1876-1893, freisinniger Kantonsrat 1883-1892 und Nationalrat 1888-1892 und wurde wegen seiner Verdienste um die Stadtsanierung zum Ehrendoktor der Medizin der Universität Zürich. Sein Gedenkstein steht in den Quaianlagen am heutigen General-Guisan-Quai.

Plaque: Arnold Bürkli (1833-1894)
Stadtingenieur, Erbauer der Quaianlagen",Bürkliplatz,1,1908
zs_978a1f5d376a,"Flurname «Baal» bzw. «Bool», rundlicher, kuppenförmiger Hügel.",Baalweg,7,1988
zs_09b6d32cee45,"Benannt nach der Liegenschaft zum Sonneneck (1864-1940), [Name] 41, in der Ortsgegend Weinberg in Oberstrass. Zunächst hiess die Strasse nach dem benachbarten grossen Landgut zur Tanne, das bereits der [street] den Namen gegeben hatte, neue [street]. Die Umbenennung erfolgte, um Verwechslungen auszuschliessen.",Sonneggstrasse,6,1892
zs_b156ed67499b,"Im Schienhut oder zum Schienhut hiessen Landsitze an der Zürichberghalde, die durch den Bau der Fortifikation im 17. Jahrhundert in den Stadtbereich miteinbezogen wurden. «Schinnhut» war in Zürich die Bezeichnung für Häuser, die französische Dachstühle mit Mansarden aufwiesen, aber auch für Sonnenhüte, die aus Bändern («Schinen») geflochten waren und denen diese Häuser offenbar glichen. Der [Name] genannte Erschliessungsweg wurde öffentlich und durchgängig mit dem Bau des darüber gelegenen Polytechnikums 1864.",Schienhutgasse,1,1865
zs_9d52a8068826,"Strasse in Aussersihl, die zunächst zum 1831 erbauten und 1955 abgetragenen Haus zum Garten sowie zum 1864 erstellten und 1899 abgetragenen Haus zum Gartenhof führte.",Gartenhofstrasse,4,1869
zs_23235f3e0ea0,"Der Strassenname erinnert an den Weiler Althoos, der ab 1415 als «Althusen», also zu den alten Häusern, erwähnt wurde, und dessen Namen später zu Althosen und Althos verballhornt wurde.",Althoosweg,10,2024
zs_f0a96f0b2eb3,Die Manegg ist die 1303 erstmals erwähnte Burg der Ritter von Manesse am Uetliberg oberhalb von Zürich-Leimbach. Die Brücke wurde 1913 als Eisenbetonbrücke von der Firma Fietz & Leuthold errichtet. Von der Burg ist nur noch eine Ruine vorhanden.,Maneggbrücke,2,1893
zs_30bc4a5a6499,"Flurname (1420), ein an den Wald grenzendes Grundstück.",Im Walder,8,1952
zs_a88ba4de0eb7,"Abgeleitet vom Flurnamen «Looren», d. h. steiniges Gelände entlang des Flusslaufs. Der Looorenbach mündet in den Stöckentobelbach («Elefantenbach»).",Loorenbachweg,7,1956
zs_715ea7e8203e,"Direkte Verlängerung der Europallee mit Niederlassungen internationaler Unternehmungen. Eine zentrale Europallee reflektiert, dass Zürich sich im Herzen Europas sieht; zudem ist der nahe Hauptbahnhof Zürichs Tor zu Europa.",Europaplatz,4,2011
zs_11d37eceeb17,"Benannt nach der Häusergruppe Im Kranz an der heutigen Gsteigstrasse. Zu dieser Häusergruppe gehörte auch eine Trotte, so dass der Hausname Kranz auf das Gewohnheitsrecht hinweisen könnte, dass jeder Weinbauer seinen eigenen Wein ausschenken durfte, sofern er an seinem Haus als Wirtshausschild einen Kranz (oder einen Besen) anbrachte.",Kranzweg,10,1904
zs_112251b72991,"Gustave Naville (1848-1929): Maschinenbauingenieur, Unternehmer und Verbandspolitiker. Naville war ab 1882 Präsient des Vorstandes und 1889-1903 Delegierter des Verwaltungsrates der Escher Wyss & Cie., 1888 Gründer und 1915-1929 Präsident der Alusuisse, Verwaltungsrat der Schweizerischen Kreditanstalt 1892-1900 und Mitgründer und Vorstand der wichtigsten Arbeitgeberorganisationen, speziell der schweizerischen Maschinen- und Metallindustrie.

Plaque: Gustave Naville (1848-1929)
Maschinenbauingenieur und Unternehmer. Pionier der schweizerischen
Maschinen und Metallindustrie, Gründer der Alusuisse und Promotor
der wichtigsten Industrieverbände. Ehrendoktor der ETH 1918.",Gustave-Naville-Weg,10,2010
zs_14f0cb0e3247,"Flurname «Frohbüel», früher «Frohloch», vermutlich von «Fohloch» (1543), d. h. Fuchsloch (altdeutsch «Vohe» bedeutet Füchsin) im kleinen Hügel («Bühl»).",Frohbühlstrasse,11,1924
zs_8a705cd40b2c,"Apollo (Apollon): In der griechischen und römischen Mythologie der Gott des Lichts und der Künste, insbesondere der Musik, der Dichtkunst und des Gesangs.",Apollostrasse,7,1905
zs_2d58b1852445,Niklaus von Wengi (um 1485-1549): Schultheiss von Solothurn. Er verhinderte 1533 beim Aufstand der Reformierten in Solothurn den Ausbruch eines offenen Bürgerkriegs.,Wengistrasse,4,1894
zs_e76c11aeeaad,"Strasse nach dem Weiler Bärenbohl in Rümlang, seit 1295 nach einem einst bewaldeten Hügel und in Erinnerung an das Vorkommen von Bären benannt.",Bärenbohlstrasse,11,1930
zs_ce7e2e3dbc2a,"Seit Mitte des 13. Jahrhundert erwähnt als «under Zün» oder «under nider Zün», so noch im beginnenden 19. Jahrhundert: «hinter den untern Zäunen». Die unteren und oberen Zäune könnten sich auf Palisaden als eine ältere Form der Stadtbefestigung beziehen, vielleicht aber auch auf Weingärten des Grossmünsters, die durch Zäune eingefriedet waren. Noch im 19. Jahrhundert gab es im Bereich der Zäune ausgedehnte Gartenareale.",Untere Zäune,1,1865
zs_5a2d51d3e51e,"Carl Schröter (1855-1939): Professor für spezielle Botanik am Polytechnikum Zürich (ab 1911 Eidgenössische Technische Hochschule ETH) von 1878 bis 1926. Schröter erforschte die Alpenflora und war ein Pionier von Pflanzengeographie und Naturschutz. Ab 1906 gehörte er der Schweizerischen Naturschutzkommission an und war einer Gründer des Schweizer Nationalparks.

Plaque: Carl Schröter (1855-1939)
Professor für Botanik an der ETH",Carl-Schröter-Strasse,7,1940
zs_7fab8b20d62a,"Strasse im Seefeld in der Gemeinde Riesbach. Der Name könnte von einer schmalen und hofartigen Schifflände herrühren, an der die [Name] ursprünglich lag. Die Schifflände wurde durch den Bau der Quaianlage in den 1880er Jahren beseitigt, die [Name] führte nun zum Quai. Eine andere Deutung geht von der Liegenschaft zum Seehof aus, die 1839 errichtet und 1929 abgetragen wurde.",Seehofstrasse,8,1867
zs_f6a7ffbb1c33,"Johann Rudolf Hauri (1878-1939): Pfarrer in Wollishofen von 1903 bis 1939, Kirchenratspräsident.

Plaque: Johann Rudolf Hauri (1878-1939)
Pfarrer in Wollishofen 1903 bis 1939",Hauriweg,2,1953
zs_bada5e854624,"Im Zusammenhang mit dem Bau des Bahnhofquartiers und der Bahnhofstrasse angelegte Gasse. Sie liegt im Bereich des als Stadtgraben dienenden Arms des Sihlkanals, der an dieser Stelle vom Beatenrain gesäumt war, einem kleinen Abhang gegen die frühere Stadtmauer hinauf. Der «Rain», also der Abhang, hiess seit dem 16. Jahrhundert «Battrain» oder «Beatenrain». Der Name könnte auf den Vornamen von Beat Werdmüller (1517-1574) zurückgehen, zu dessen nahen Werdmühle der Rain vielleicht gehörte.",Beatengasse,1,1863
zs_6f6b326f66ce,"Henri Guisan (1874-1960): Oberbefehlshaber der schweizerischen Armee im Zweiten Weltkrieg von 1939 bis 1945. Die anfängliche Verteidigungslinie der Schweizer Armee während des Zweiten Weltkriegs, die sogenannte Limmatstellung, sollte in Zürich zum Teil entlang des heutigen [Name] verlaufen. Mit seinem Rapport vom 25. Juli 1940 auf dem Rütli, in welchem er die Stratgie des Reduits ankündigte, wurde diese Limmatstellung hinfällig.",General-Guisan-Quai,1+2,1960
zs_236c629cce96,"Waldweg vom Tobelhof zum Forsthaus Adlisberg, Dreiweisenstrasse 240-252.",Forsthausweg,7,1993
zs_06157b0efd6b,"Friedrich Salomon Vögelin (1837-1888): reformtheologischer Pfarrer, Professor für Kunst- und Kulturgeschichte an der Universität Zürich und demokratischer und grütlianischer Politiker. Er setzte sich im Nationalrat für den gesetzlichen Arbeiterschutz, für die Einführung des Proporzes zur Beteiligung der katholisch-konservativen Minderheit im Bundesstaat und für die Errichtung des Schweizerischen Landesmuseums ein.",Salomon-Vögelin-Strasse,2,1939
zs_f892cd357c3a,"Strasse zur Mühle an der Glatt in Wallisellen, die um 1429 von einem Heini Herzog betrieben wurde.",Herzogenmühlestrasse,12,1933
zs_b96cffc16424,"Franz Xaver Imfeld (1853-1909): Ingenieur-Topograf. Er war einer der bedeutendsten Panoramazeichner, Reliefkünstler, Kartografen und Planer von Bergbahnen der Schweiz. Imfeld lebte seit 1886 in Zürich-Hottingen und ist hier gestorben (Grabstätte auf dem Friedhof Enzenbühl).

Plaque: Xaver Imfeld (1853-1909)
Kartograph und Panoramenzeichner",Imfeldstrasse,10,1913
zs_637d17b400ad,"Arnold Schaufelberger (1855-1944): Sekundarlehrer in Wiedikon von 1876 bis 1925 und Präsident der Zentralkirchenpflege, Förderer des Natur- und Heimatschutzes und Verfasser einer Geschichte der Kirche und Schule in Wiedikon.",Schaufelbergerstrasse,3,1949
zs_d2aa1f250819,"Flurname «Loogarten» (1560), was vermutlich auf frühere Baumbepflanzung in einer Waldparzelle hinweist. «Loo» bedeutet lichtes Gehölz.",Loogartenstrasse,9,1933
zs_08d8af6335f3,"Gallus (um 550-um 650): Irischer Missionar und Patron des späteren Klosters St. Gallen. Mönch, der ab 591 auf dem europäischen Festland missionierte, ab etwa 610 auch im Gebiet der Alemannen, wo er in Tuggen und Bregenz predigte und heidnische Götzen zerstörte, aber auch Zürich besucht haben soll. Um 612 baute er sich im Arbonerforst am Wasserfall der Steinach eine Zelle, aus der eine Eremitensiedlung und ab 719 das Kloster Sankt Gallen hervorging.",Gallusstrasse,6,1878
zs_1fb3f5d73338,"Flurname, der auf den Eigentümer einer Weide namens Wirz hinweist und damit das bedeutende Stadtzürcher Geschlecht der Wirz würdigt.",Wirzenweid,7,1938
zs_5530fda5640e,Regina Kägi-Fuchsmann (1896-1972): Mitbegründerin und Geschäftsführerin des Schweizerischen Arbeiterhilfswerks SAH und engagierte Frauenrechtlerin. Sie setzte sich zeitlebens für Flüchtlinge ein.,Regina-Kägi-Hof,11,1998
zs_18d49c69b746,"Else Züblin-Spiller (1881-1948): Journalistin, Ehrendoktorin der Universität Zürich 1941; Initiantin der Soldatenstuben im ersten Weltkrieg, daher bekannt als «Soldatenmutter»; Präsidentin des Verbandes Volksdienst, Aktivistin der Frauenbewegung, Mitgründerin und die erste Präsidentin des zivilen Frauenhilfsdienstes 1938.

Plaque: Else Züblin-Spiller (1881-1948)
Richtete im ersten Weltkrieg Soldatenstuben ein,
daher bekannt als «Soldatenmutter»",Else-Züblin-Strasse,9,1949
zs_fea6ff078085,"Verbindung zum ehemaligen Altersheim und zur heutigen Alterssiedlung Waldgarten. Diese ist genannt nach dem Haus zum Waldgarten, Frohburgstrasse 336, in Schwamendingen, das 1827 erbaut und 1958 abgetragen wurde.",Waldgartenweg,12,1959
zs_da5e4621ce42,"Flurname für Äcker, entlang denen Wyden, also Bäume der Gattung der Weiden stehen.",Wydäckerring,9,1950
zs_0846451bd5a5,Zugang von der Seestrasse zum 1922 erbauten Strandbad am Mythenquai.,Strandbadweg,2,1927
zs_6ee95d0d48c2,"Biketrail, der den Hang des Uetliberg hinunter bis zur Höcklerstrasse führt.",Biketrail Höckler,2+3,2005
zs_131cff8b07e1,"Arthur Rohn (1878-1956): Professor für Baustatik, Brückenbau und Hochbau in Eisen an der Eidgenössischen Technischen Hochschule ETH 1908-1923, 1923-1926 Rektor der ETH und 1926-1948 ihr Schulratspräsident.",Arthur-Rohn-Strasse,9,1956
zs_c7ebe513849e,"Weg auf dem oberen Boden, dem Hochplateau des Rütihofs.",Oberer Bodenweg,10,1986
zs_bb1861c30b23,"Verkürzte Form des Flurnamens «im alten Weg» (1426), der am westlich des Triemlis verlaufenden mittelalterlichen Fussweg von Zürich über Wiedikon nach Birmensdorf lag.",Altweg,9,1866
zs_6136dde769d7,"Hans Conrad Escher von der Linth (1767-1823): Liberaler Politiker, Wasserbaupionier und Leiter der Linthkorrektion.
Die Strasse entstand im Zusammenhang mit der Neuanlage des Bahnhofquartiers in den 1860er Jahren. Benannt wurde sie nach Hans Conrad Escher, der während der revolutionären Periode der Helvetik 1798-1803 hohe politische Ämter bekleidete und dessen Lebenswerk in den Jahren 1807-1822 die Korrektion der Linth war. Durch die Korrektion wurde das zuvor versumpfte Gebiet zwischen Walensee und Zürichsee zu Kulturland. Die Tagsatzung verlieh ihm deshalb 1823 postum den Ehrentitel «von der Linth».",Lintheschergasse,1,1863
zs_bb776f05c09c,"Strasse zum Jungholz, einem mittlerweile verschwundenen, zur Zeit der Strassenbenennung jungen Wald in Seebach.",Jungholzstrasse,11,1898
zs_b301dccf442d,"Max Hunziker (1901-1976): Maler, Grafiker, Glasmaler, Illustrator. Ausbildung am Lehrerseminar Küsnacht. Nach bestandener Prüfung für das Primarlehramt bescherte ihm eine kleine Ausstellung in Zürich einen unerwarteten Erfolg, der ihn den Entschluss fassen liess, auf ein Lehramt zu verzichten und freier Künstler zu werden. Es entstanden erste abstrakte Ölgemälde. 1920-1925 Aufenthalt in Florenz. 1939 Rückkehr nach Zürich. Er wohnte zunächst in der Altstadt, dann in Fluntern und ab 1958 in Witikon. Ab 1939 schuf er Buchillustrationen, unter anderem für die Büchergilde Gutenberg, Zürich. 1975 erhielt Max Hunziker die Auszeichnung für kulturelle Verdienste der Stadt Zürich.
Neben der Malerei war Max Hunziker in zwei weiteren Bereichen bekannt: in der Druckgrafik und in der Glasmalerei. Neben vielen Wappenscheiben für die Stadt und den Kanton Zürich schuf Hunziker auch grosse Glasgemälde und Fensterzyklen, z. B. im Kantonsspital Zürich, in der alten Kirche Wollishofen, in der Johanneskirche in Bern oder in der reformierten Kirche Meilen.

Plaque: Max Hunziker (1901-1976)
Maler, Grafiker, Glasmaler, Illustrator",Max-Hunziker-Weg,7,2010
zs_02ffb34f6fc7,Das Unterdorf war der nördliche Siedlungsteil des Dorfes Affoltern in der Nähe des Katzensees.,Unterdorfplatz,11,1933
zs_d4c09a3c6a56,"1988 erstellte Fussgängerverbindung vom Werdhölzli zur Werdinsel. Werd bezeichnete im alten Sprachgebrauch eine Insel oder Halbinsel, die durch zwei Flussarme gebildet wurde.",Werdhölzlisteg,9+10,2023
zs_cc27642e23bf,Flurname: Äcker in nächster Hausnähe im Gegensatz zur Ackerflur in den Zelgen.,Hausäcker,9,1948
zs_2ed40443a94e,"Die [Name] führt zum Strandbad Tiefenbrunnen, welches in den 1950er Jahren anstelle des alten Kastenbades von 1886 angelegt wurde.",Badstrasse,8,1898
zs_1c7122db08ac,"Friedrich Glauser (1896-1938): Schriftsteller. Der literarische Durchbruch gelang ihm mit dem Kriminalroman «Wachtmeister Studer» 1936, zwei Jahre vor seinem Tod. Die meisten seiner zum Teil früher entstandenen Romane wurden erst nach seinem Tod veröffentlicht. Friedrich Glauser hat in den Jahren 1916 und 1917 in Zürich, unter anderem an der Zähringerstrasse 40, gewohnt.

Plaque: Friedrich Glauser (1896-1938)
Schriftsteller («Wachtmeister Studer»)",Friedrich-Glauser-Gasse,1,2001
zs_bdf2549f1497,"Flurname «Lachen», «Lachenzelg» in Zürich-Höngg, mit der Bedeutung Wasserlache, d. h. Zelge in feuchtem, sumpfigem Gelände.",Lachenzelgstrasse,10,1948
zs_8314ead85b93,"Flurname «Chlose» (1265). «Klus» geht vermutlich auf lateinisch clausa zurück, was etwas Enges, Abschliessendes oder Eingeschlossenes bezeichnet. Der Hegibachplatz in Zürich-Hirslanden ist erschlossen und eingerahmt durch die Asyl-, Berg-, Hegibach- und Witikonerstrasse.",Klusplatz,7,1898
zs_e11393799b98,"Manesse: Vom 13. bis 15. Jahrhundert nachgewiesenes Zürcher Ministerialen- und Ratsgeschlecht. Die Manesse waren unter anderem Lehensträger der Fraumünsterabtei und des Klosters Einsiedeln und verfügten über Eigengüter unbekannten Ursprungs. Die Familie verzweigte sich in die beiden nach ihren Stammburgen benannten Adelslinien Manesse Manegg und Manesse im Hard. Am bekanntesten ist der erstmals 1252 urkundlich erwähnte, 1304 verstorbene Rüdiger II. Manesse. Er war vermutlich an der Neufassung des Zürcher Richtebriefs von 1304 mitbeteiligt und förderte laut dem Minnesänger Johannes Hadlaub zusammen mit seinem Sohn Johannes eine umfassende Sammlung von Minneliedern, aus denen die berühmte Manessische Liederhandschrift hervorgegangen ist. Rüdiger VII. aus der Linie Manesse Manegg war als Nachfolger von Rudolf Brun von 1360 bis zu seinem Tod 1383 der letzte auf Lebenszeit gewählte Bürgermeister von Zürich. Mit dem Scheitern seiner familienorientierten Machtpolitik verschlechterte sich die ökonomische Lage der Familie. Sein Sohn Ital war der letzte Manesse Manegg, die Manesse im Hard starben in der ersten Hälfte des 15. Jahrhunderts aus.",Manesseplatz,3,1935
zs_bd87f5a1631e,"Hinweis auf die Gletscherfindlinge, die beim Bau der Seebahn hier gefunden wurden.",Gletscherstrasse,8,1896
zs_c05fc1a4dd93,"Gasse, die wie die benachbarte Flössergasse zu einem Lagerplatz für das auf der Sihl hergeflösste Holz führte. Für die Holzversorgung im alten Zürich war diese Transportmöglichkeit von grosser Bedeutung. Sie wurde 1866 aufgegeben, als die neue Sihltalstrasse und die Eisenbahn einen günstigeren Holztransport erlaubten.",Holzgasse,1,1863
zs_0062b299ad7f,"Feld beim ehemaligen Kloster St. Martin auf dem Zürichberg in der Nähe des heutigen Zoos. Das 1127 gegründete Augustiner-Chorherrenstift wurde im Gefolge der Reformation 1525 aufgehoben. Die letzten Überreste des Klosters wurden erst 1847 abgetragen.
Mit der Fertigstellung der Lewa Savanne auf dem Zooareal musste der [Name] Anfang 2021 neu festgelegt werden, da ein Teil davon neu auf Zoogebiet zu liegen kam und somit nicht mehr durchgehend begehbar war. Der Weg wurde gemäss Planvorlage von FL3626 nach FL3626/FL3627 verschoben und kann so wieder durchgehend begangen werden (vgl. Protokoll der Strassenbenennungskommission vom 21. Januar 2021).",Klosterfeldweg,7,1997
zs_76dcf5c7fc9a,"Höhenzug bei Elgg (893 m ü. M.), der von da aus sichtbar ist.",Schauenbergstrasse,11,1933
zs_9a446864763e,"Ein Hinweis auf den ehemaligen, 1908 geschlossenen Friedhof Enge im Giesshübel.",Ruhestrasse,3,1907
zs_9d968682b531,"Johann Jakob Ott (1715-1769): Besitzer des Nürenberggutes, wo er botanische Versuche unternahm; Mitbegründer des Botanischen Gartens.

Plaque: Johann Jakob Ott (1715-1769)
Mitbegründer des Botanischen Gartens",Johannes-Ott-Weg,6,1934
zs_83d973a3002a,"Die ehemalige AG Hunziker & Cie. geht auf die von Johannes Hunziker (1836-1893) gegründete Seifen- und Cementwarenfabrik J. Hunziker zurück, die 1907 in die Hunziker + Cie. Brugg überging und 1914 in die AG Hunziker + Cie. umgewandelt wurde. Die Gesellschaft produzierte Zementwaren und später allgemein Baustoffe. 1992 wurde die AG Hunziker + Cie. in eine Immobilienfirma und die Hunziker Baustoffe AG aufgesplittet. 1999 übernahm die Creabeton Produktions AG die Hunziker Baustoffe AG und schloss im Jahre 2000 deren Standorte bis auf jenen in Brugg.

Plaque: Auf dem Areal wurden durch die AG Hunziker & Cie
Baustoffe und Baumaterialien produziert",Hunzikerplatz,12,2011
zs_0b07fd7a94e2,"Umbenennung eines Teilstücks der Stettbachstrasse, dem Weg nach dem Weiler Stettbach in der Gemeinde Dübendorf.",Stettbachweg,12,1966
zs_91b0368f9dd1,"Verena Conzett-Knecht (1861-1947): Druckereiunternehmerin, Gewerkschafterin und Frauenrechtlerin. Sie war die erste Präsidentin des 1890 gegründeten Schweizerischen Arbeiterinnenverbandes und initiierte die Gründung des Mütterheims Inselhof in Zürich. Nach dem sich ihr Mann, Conrad Conzett, 1898 das Leben nahm, übernahm sie zusammen mit ihrem Anwalt Emil Huber seine am Rande des Konkurses stehende Druckerei und führte diese unter dem Namen Conzett & Huber zur erneuten Blüte. Ab 1941 gab der Verlag, der seinen Sitz an der Morgartenstrasse 29, am Beginn der [Name] hatte, die Zeitschrift «Du» heraus.

Plaque: Verena Conzett (1861-1947)
Förderin sozialer Bestrebungen",Verena-Conzett-Strasse,4,1962
zs_27f106e5a694,"Strasse nach dem Hinterberg, einem der alten Ortsteile von Fluntern. Dieser bestand um 1840 bereits aus 32 Wohnhäusern. Zu den weiteren Ortsteilen der Gemeinde Fluntern gehörten auch ein Mittelberg und ein [street].",Hinterbergstrasse,7,1870
zs_722b6718f531,"Von 1637 bis 1642 angelegte Uferpassage am linken Limmatufer zwischen Münsterbrücke und Rathausbrücke, die zunächst neue [Name] genannt wurde. Eine Wuhr bzw. eine [Name] oder ein Wehr meinte hier eine Uferverbauung. Mit ein Anlass für den Bau der befahrbaren Passage waren vielleicht Schäden an den dortigen Häusern, die zuvor unmittelbar an der Limmat lagen.",Wühre,1,1865
zs_160920e1dfc9,"Jonas Furrer (1805-1861): Politiker und Rechtsanwalt von Winterthur, Bundesrat. Jonas Furrer war der Führer der liberalen Opposition in den 1840er Jahren und wurde 1845 zum Regierungsrat gewählt. 1846-1848 war er Bürgermeister, also Regierungsratspräsident des Kantons Zürich. Jonas Furrer war der erste Bundespräsident der Schweiz und der bedeutendste Politiker aus Winterthur. Bundesrat 1848-1861.
Die Benennung der Strasse beim Bahnhof Affoltern erinnert daran, dass die Linie ins Furttal eine Teilstrecke des aus Winterthur vorangetriebenen Projekts der Schweizerischen Nationalbahn 1872-1880 war, die eine Verbindung von Winterthur nach Baden unter Umgehung der Stadt Zürich schuf.

Plaque: Jonas Furrer (1805-1861)
Zürcher Bürgermeister 1846 bis 1848
Erster Bundespräsident 1848",Jonas-Furrer-Strasse,11,1952
zs_c2b3651173cd,"Benannt nach dem Spiegelhof, Bergstrasse 47 und 49, einem schon 1670 so genannten Landgut, das 1982 abgebrochen wurde.",Spiegelhofstrasse,7,1927
zs_5991063154c3,"Benannt nach dem Eckhaus Pfistern, Badenerstrasse 20-[Name] 1. Das Wort «Pfister» geht auf das lateinische pistor zurück, was Bäcker oder Müller bedeutet. In diesem Haus wurde denn auch bis 1957 eine Bäckerei betrieben.",Bäckerstrasse,4,1878
zs_527061858946,Weg vom ehemaligen Dorf Schwamendingen zum Steg über die Glatt bei der Herzogenmühle.,Glattstegweg,12,1872
zs_b029a3207052,"Otto Stern (1888-1969): ETH-Privatdozent für physikalische Chemie 1913-1915, Nobelpreis für Physik 1943.",Otto-Stern-Strasse,10,2010
zs_70b974f9ec6e,"Fussweg bei der Weineggstrasse in Riesbach. Von Reben ab der «Winegg», also ab dem Weinberg am Bergvorsprung oberhalb von Riesbach, bezog die Abtei Zürich im Jahr 1369 einen Zins; um 1500 gab es dort einen Hof mit Baumgarten und Reben.",Weineggweg,8,1932
zs_a2dce25ec476,"Steg über die Limmat bei dem wohl aus dem 13. Jahrhundert stammenden Wohn- und Festungsturm. «Hard» bezeichnet einen als Weide benutzten, lichten Wald.",Hardturmsteg,5+10,1931
zs_42900df6a8dd,Italienisch für klein. Der Name kann für das kurze Wegstück oder das Blasinstrument stehen.,Piccoloweg,11,2008
zs_ef56e1d56006,"Benannt nach dem um 1230 erbauten Predigerkloster (Dominikanerorden), das 1524 während der Reformation aufgehoben wurde und von dem nur die Kirche mit dem hochgotischen Chor erhalten blieb; seit dem 17. Jahrhundert Pfarrkirche der Kirchgemeinde Predigern. Der [Name] diente bis ins 16. Jahrhundert als Friedhof, weshalb er bis 1871 als Predigerkirchhof bezeichnet und danach in [Name] umbenannt wurde.",Predigerplatz,1,1871
zs_4a5bfa3125e4,"Die Strasse führte zum alten Physikgebäude der Eidgenössischen Technischen Hochschule ETH, das zwischen 1886 bis 1889 erbaut und 1977 abgebrochen wurde.",Physikstrasse,7,1907
zs_8557104ea225,"Ehemaliger Dorfteil «Am Bach» in Wollishofen, nach dem hier in den See mündenden Bach benannt.",Bachstrasse,2,1938
zs_985641b88b23,"Wolo war der alemannische Siedler, auf den der Name von Wollishofen, Woloshoven, zurück geht.",Woloweg,2,1937
zs_4f3d3d3f2f1e,"Beno Eckmann (1917-2008): Professor für Mathematik an der Eidgenössischen Technischen Hochschule ETH 1948-1984. Eckmann verfasste bahnbrechende Arbeiten in der algebraischen Topologie, der Kategorientheorie und der Gruppentheorie.",Beno-Eckmann-Weg,10,2010
zs_5535864752ba,"Die [Name] verdankt ihren Namen, wie andere Strassen in Riesbach auch, dem zur Zeit der Benennung dort ansässigen Gewerbe: Von 1860 bis 1911 stand an der [Name] 6 die Seidenfärberei von Rudolf Bodmer Vater (1829-1895) resp. Rudolf Bodmer Sohn (1865-1940).",Färberstrasse,8,1867
zs_64b6ed46f0ca,"Strasse zum Wald bei einer muldenartigen Senke, einer Wanne, auf dem Käferberg.",Wannenholzstrasse,11,1933
zs_9f573b9f0235,"1899 baute die Firma Fietz & Leuthold AG, basierend auf dem Entwurf von Robert Maillart und nach Plänen von Stadtbaumeister Gustav Gull, diese Betonbrücke. Das Bauwerk ist mit Granit- und Sandstein verkleidet und auf den vier Eckpfeilern mit Bronze-Löwen des Bildhauers Urs Eggenschwyler geschmückt.
Werner Stauffacher war der Sage nach der Schwyzer Abgesandte beim Rütlischwur (um 1300).",Stauffacherbrücke,4,1897
zs_f78ddc07c4e2,"Frei gewählter Name, früher Berglistrasse.",Felsenstrasse,8,1893
zs_53df5ae399a1,Der Flurname «Betental» ist schon 1429 als «Bettental» urkundlich belegt und soll sich von einem altdeutschen Personennamen Betto ableiten.,Ober Betentalweg,9,1997
zs_09527bd98ad2,"Caroline Farner (1842-1913): Zweite Schweizer Ärztin und erste Frau, die als Allgemeinmedizinerin praktizierte. Sie wohnte zusammen mit ihrer Lebenspartnerin Anna Pfrunder (1851-1925) in der Villa Ehrenberg, [street] 26.

Plaque: Caroline Farner (1842-1913)
Zweite Schweizer Ärztin, erste Allgemein-
praktikerin und Kämpferin für Frauenrechte",Caroline-Farner-Weg,1,1999
zs_3066cbdcac33,"Eugen Huber (1849-1923): Schöpfer des schweizerischen Zivilgesetzbuches 1912, Rechtstheoretiker, Philosoph, Journalist, Politiker und Historiker. Eugen Huber arbeitete 1873-1877 bei der Neuen Zürcher Zeitung, ab 1876 als Chefredaktor, nahm dann eine Stelle als Richter in Trogen an und war ab 1881 Professor für öffentlichen Bundesrecht, Zivilrecht und schweizericher Rechtsgeschichte an der Universität Basel,ab 1888 Lehrstuht für historische Gesetzgebung, Privatrecht, Handelsrecht, Kirchenrecht und Rechtsphilosophie in Halle/D. 1892 wechselte er an die Universität Bern, um die Grundlagen und den Entwurf für das schweizerische Zivilgesetzbuch zu schreiben. Dieser wurde 1907 vom Parlament angenommen und 1912 in Kraft gesetzt. 1902-1911 war Eugen Huber freisinniger Nationalrat für den Kanton Bern, und er vertrat das Eidgenössische Justiz- und Polizeidepartement als Rechtsberater am ständigen Intenationalen Gerichtshof in Den Haag.

Plaque: Eugen Huber (1849-1923)
Schöpfer des schweizerischen Zivilgesetzbuches von 1912",Eugen-Huber-Strasse,9,1933
zs_0a36ea251798,Die Strasse in die Wollishofer Allmend wurde im Zusammenhang mit dem Bau der Sihltalbahn neu angelegt. Die Allmend in Wollishofen diente seit dem 17. Jahrhundert auch militärischen Zwecken und wurde dafür vom Kanton 1816 erworben. Teile der Wollishofer Allmend wurden als eidgenössischer Waffenplatz genutzt (1877-1987).,Allmendstrasse,2,1958
zs_0cd77ede544d,"Durch den alten Dorfkern von Mittelleimbach führende Strasse. Mittelleimbach gehörte zusammen mit Unterleimbach politisch zur Gemeinde Enge und ab 1893 zur Stadt Zürich. Leimbach (bestehend aus Unter- und Mittelleimbach), Wollishofen und Enge bilden zusammen den Stadtkreis 2.",Im Mittelleimbach,2,1973
zs_51f651456c64,Strassen entlang des künstlichen Wasserlaufs längs der im 17. Jahrhundert angelegten Schanzen der Stadtbefestigung.,Am Schanzengraben,1+2,1877
zs_16c068a56687,"Tiername, Vogelart. Im selben Gemeinderatsbeschluss von 1933 wurden weitere Strassen nach Vogelarten benannt (Kolibriweg; Fasanenweg, 1950 in die Rautistrasse einbezogen).",Eulenweg,9,1933
zs_d143afb0ac8b,"Der Name Frauenbrünneli soll vom benachbarten ehemaligen Frauenkloster herrühren; für ein solches Schwesternhaus könnte der dortige Flurname «Schwesternbungert», Garten mit Obstbäumen, hinweisen. Er könnte aber auch im Zusammenhang mit der damals unweit des Frauenbrünneli liegenden mittelalterlichen St. Liebenkapelle (1346, St. Lioba) stehen.",Frauenbrünnelistrasse,6+7,1956
zs_fb72c1a3688b,Gottfried Binder (1872-1934): Letzter Gemeindepräsident von Affoltern von 1919 bis 1933.,Binderweg,11,1948
zs_c44cb99aab05,"Der Kalander ist eine Maschine, welche zum Glätten und Satinieren von Papier verwendet wird. Der damit verbundene Prozessschritt steht am Ende der Produktion und gilt der Veredelung des Papierprodukts. Der Name der Gasse soll an die 1836 gegründete mechanische Papierfabrik an der Sihl erinnern, die 1990 stillgelegt wurde.",Kalandergasse,3,2004
zs_01ac58799414,"Verbindungsweg in Riesbach, der am 1852 erbauten und 1947 abgetragenen Reitschopf vorbeiführte, einer Liegenschaft mit Wohnung, Stall und Reithalle. Das «Huf» im Namen der Gasse und somit der Hinweis auf Pferde passt auch zu weiteren dortigen Gewerbeunternehmungen um 1890. Es gab da nebst der Reithalle auch einen Fuhrhalter und einen Pferdehändler. Der eine Teil der [Name] hiess um 1900 noch Reitgasse.",Hufgasse,8,1868
zs_675be23e7f4b,"Platz vor der ehemaligen Kesselschmiede der Maschinenfabrik Escher Wyss, in welcher bis 1940 auch Schiffe gebaut wurden und die deshalb Schiffbauhalle genannt wird.",Schiffbauplatz,5,1995
zs_38af1f653490,"Otto Lang (1863-1936): Jurist (Oberrichter), Genossenschafter und Sozialpolitiker, sozialdemokratischer Stadtrat von 1915 bis 1920.

Plaque: Otto Lang (1863-1936)
Stadtrat 1915 bis 1920
Oberrichter und Sozialpolitiker",Otto-Lang-Weg,7,1939
zs_c9e69bf7885f,"Flurbezeichnung, die ursprünglich «Zantzacker» lautete und sich vom Familiennamen der Besitzer des ehemaligen Bauerngutes an der Frohburgstrasse 51, Zahnd, ableitet.",Schanzackerstrasse,6,1909
zs_a346d2e53543,Flurname: altes Wiesland oder seit langer Zeit als Wiese genutztes Land.,Altwiesenstrasse,12,1948
zs_0983b77fd449,"Führt zum Artergut, Klosbachstr. 25, das um 1790 von Salomon Arter erbaut und von Adolf Arter-Koch (1843-1923) der Stadt vermacht wurde.",Arterstrasse,7,1893
zs_c0ed3b60ac15,"Der Name [Name] wurde gewählt, weil in unmittelbarer Nähe bereits Strassen mit Tiernamen vorkommen, wie Wolfswinkel oder Bärenbohlstrasse.",Marderstrasse,10,2007
zs_93a3c4b91ef2,"Die [Name] am linken Limmatufer wird 1292 erstmals urkundlich erwähnt. Das mittelhochdeutsche Wort [Name] soll mit dem heutigen schief im Sinne von quer verwandt sein und auch im Zusammenhang mit schupfen für stossen stehen. Es bezeichnete eine Flussverbauung, die zum Schutz des Ufers quer in den Fluss hinausgebaut war, also das Wasser «wegschupfte». Vermutlich war die [Name] in Zürich auch eine Anlegestelle für die Limmatschiffer, die hier im 15. Jahrhundert erwähnt werden.",Schipfe,1,1865
zs_9c0b30509c48,"Alter Ortsteil von Riesbach an der Grenze gegen Zollikon. Reben in «Vluon» sind urkundlich 1256/58 erwähnt, 1382 wird zu «Fluen an der Gasse» eine Hofstatt verkauft. Eine «Fluh» kann ein Felsabsturz oder eine abschüssige, felsige Halde sein. Es wurde auch schon vermutet, dass der Name in Riesbach von Findlingssteinen herrühren könnte, die hier vielleicht einst gehäuft zu finden waren.",Flühgasse,8,1867
zs_8ed03c1c176e,"Flurname, ersterwähnt 1474, der die mundartlich abgeschliffene Bezeichnung Talchern für Taläcker, also einer Mehrzahl von Äckern im Tal aufgreift.",Talchernstrasse,10,1933
zs_b5c10c28d6eb,Steil ansteigender Weg zum Aussichtspunkt Loorenkopf (690 m).,Bergweg,7,1997
zs_872b8a2e2630,"Im Jahr 1300 wird die Gasse Schaflingasse genannt, nach einer Familie Schafli, die von 1225 bis 1338 im Zürcher Rat vertreten war und die ausgangs der Gasse einen Wohnturm besass, den später abgetragenen Schafliturm. Durch den Sprachwandel wurde die Gasse zur Schaffelgasse (16. Jahrhundert) und schliesslich zur [Name] (18. Jahrhundert).",Schoffelgasse,1,1865
zs_65c3d3afcf0e,"Flurname: Halde oberhalb der an der Forchstrasse 244-248 gelegenen Mühle Hirslanden. Seit 1393 als Lehen der Fraumünsterabei belegt, gelangte diese 1971 an die Stadt Zürich und ist heute Quartiertreffpunkt.",Mühlehalde,7,1923
zs_9a86096be399,"Flurname «Im Müsle» (1788), «Müssli» (um 1850), d. h. kleines Moos.",Mööslistrasse,2,1905
zs_b74d68ed69ff,"Abgeleitet vom Flurnamen «Looren», d. h. steiniges Gelände. An der in einem Waldstück des Adlisbergs nahe gelegenen Eschenhaustrasse steht ein kleines Tor als Zugang eines umzäunten Grundstücks.",Loorentorweg,7,1997
zs_6ced845c7b8c,Der Name soll als Hinweis für die Bevölkerung zum Auffinden der Regionalwache der Stadtpolizei an der Gubelstrasse 1 dienen. Ein Gubel ist eine rundliche Anhöhe.,Gubelplatz,11,2008
zs_84dae9ae00a5,"«Au» ist eine Bezeichnung für Wiesland an einem Gewässer. Im alten Wiedikon hiess das Gelände südlich des Dorfes an der Sihl «In der Au», um 1840 gab es dort drei Höfe und Häuser.",Austrasse,3,1881
zs_17e051e744ea,Die Baugenossenschaft Schönau ist aus der protestantischen Gewerkschaftsbewegung hervorgegangen und wurde 1947 im Hinblick auf die Überbauung am Schönauring gegründet. Der [Name] zweigt vom Schönauring ab.,Schönauweg,11,1952
zs_f5c4634a97ef,"Strasse im Bereich des in den 1830er Jahren beseitigten Schanzenwerks, wo die Bastei «Bär» lag. Eine Bastei oder Bastion ist ein vorspringender Teil der Stadtbefestigung. Bis um 1870 war das Gebiet bei der ehemaligen Bärenbastei unüberbaut und diente als Exerzierplatz.",Basteigasse,1,1892
zs_a39c24f9d5b7,Die zugehörige Anlage wurde mit Birken bepflanzt.,Im Birkenhof,6,1926
zs_c5f14f21d299,"Benjamin Franklin (1706-1790): Amerikanischer Staatsmann. Beteiligt am Entwurf der Unabhängigkeitserklärung der Vereinigten Staaten und einer ihrer Unterzeichner, Diplomat, Schriftsteller, Verleger und Drucker sowie Naturwissenschaftler. Berühmt wurde Franklin um 1750 als der Erfinder des Blitzableiters.",Franklinplatz,11,1969
zs_e942d7a8f273,"Verbindungsstrasse zwischen Oerlikon und Schwamendingen, die auf die Eingemeindung von 1934 von Oerlikoner- auf Schwamendingerstrasse umbenannt wurde und damit an die Leute des alemannischen Siedlers Swabmunt, den Suamundinga oder Suamindinga, aus dem 9./10. Jahrhundert erinnert.",Schwamendingenstrasse,11+12,1898
zs_a7c3a34c9ded,"Wollishofer Teilstück der in den 1830er und 1840er Jahren ausgebauten Strasse, die über Adliswil auf den Albis und ins Knonauer Amt führt. Der Name Albis bedeutet Berg und ist verwandt mit dem Wort Alpen.",Albisstrasse,2,1892
zs_aee2adc9021e,"Alte Ortsgegend in Riesbach, im Jahr 1531 als «Krützbüchel» erwähnt, also der «Bühl» oder Hügel beim ehemaligen Stadtkreuz am heutigen Kreuzplatz. Die Linien zwischen den zehn Kreuzen um die Stadt Zürich markierten bis zum Schanzenbau im 17. Jahrhundert, als die Schanzen die neue Banngrenze bildeten, den mittelalterlichen Stadtbann und damit ein Gebiet, in dem bis ins 19. Jahrhundert hinein besondere städtische Vorrechte galten. Der Kreuzbühl ist seit dem 19. Jahrhundert ein Parkgelände mit klassizistischen Villen der Architekten Leonhard Zeugheer und Hans Conrad Stadler.",Kreuzbühlstrasse,7+8,1867
zs_89e90f7a0c20,"Der Flurname «[Name]» bedeutet Eulenmoos und hat sich aus «Huwenmoos» (1340) gebildet. Der Bezug zu «Huw», einer alten Bezeichnung für eine Eule oder einen Uhu, ist heute kaum mehr erkennbar.",Hohmoos,12,1946
zs_061b135874f0,"Forrenweid: Waldstück mit Föhren, das mit der angrenzenden Allmend als Weide diente.",Forrenweidstrasse,7,1956
zs_c9e0f395c0a5,"Brücke über die Eisenbahngeleise nördlich des Bahnhofs Wipkingen, deren Bau die Gemeindeversammlung von Wipkingen als Teil der Verlängerung der Nordstrasse 1889 beschlossen hatte.",Nordbrücke,10,1910
zs_4ec76d22f305,"Flurname für eine sumpfige Wiese, auf der hohes Riedgras wächst. Ried steht auch für den feuchten Boden selbst, für gerodetes Waldstück oder Weideland, das bepflanzt worden ist.",Riedmattstrasse,3,1929
zs_e8ee5d9467e5,"Wilhelm Weitling (1808-1871): Deutscher Schriftsteller und politischer Agitator. Weitling war der erste deutschsprachige Theoretiker des Sozialismus in einer religiös-idealistischen Ausprägung. Er kam 1841 in die Schweiz, um den Kommunismus unter den deutschen Handwerkern zu propagieren und wollte 1843 in Zürich seine Schrift «Das Evangeliums eines armen Sünders» publizieren. Hier wurde er wegen kommunistischer Umtriebe verhaftet, verurteilt und ausgewiesen. 1846 schloss er sich dem Bund der Kommunisten von Marx und Engels an und siedelte 1849 nach den USA über.

Plaque: Wilhelm Weitling (1808-1871)
Deutscher Schneider, Vordenker eines
christlichen Kommunismus,
1843 im Zürcher Kommunistenprozess
zu Haft und Landesverweis verurteilt",Weitlingweg,2,1931
zs_7ccbcbd82020,"Flurname (19. Jahrhundert), Umdeutung aus «Schülff» (1429), nach dem Zunamen eines Eigentümers Johannes Bilgeri genannt Schülff, der hier um die Mitte des 14. Jahrhunderts Reben besass. «Schülff», Schale oder Muschel, wäre wohl als Pilgermuschel, das Abzeichen der Jakobspilger nach Santiago de Compostela, zu verstehen.",Im Schilf,7,1931
zs_051abe9de760,"Der Flurname «Mur» (1525), weist auf eine heute nicht mehr vorhandene Mauer hin.",Murhaldenweg,11,1951
zs_1cce0ff5bc39,"Ferdinand Hodler (1853-1918): Berner Maler des Symbolismus und des Jugendstils. Das Werk von Ferdinand Hodler umfasst Porträts, (Hochgebirgs-)Landschaften, Figuren- und Wandbilder. Das Wandgemälde «Rückzug von der Schlacht bei Marignano» in der Waffenhalle des Landesmuseums von 1900 erregte damals grosses Aufsehen. Hodler war Mitglied der Société nationale des artistes français 1891, der Berliner und Wiener Sezession 1900, der Münchner Sezession und des Deutschen Künstlerbundes 1903, Zentralpräsident der Gesellschaft Schweizer Maler, Bildhauer und Architekten 1908, Ehrendoktor der Universität Basel 1910 und Offizier der französischen Ehrenlegion 1913.",Ferdinand-Hodler-Strasse,10,1961
zs_54d90842ce5a,"Namensgebend war vermutlich der Beruf des Kaminfegers Engelhart, der in der zweiten Hälfte des 18. Jahrhunderts das Eckhaus zur Oetenbachgasse besass. Die Gasse entstand wohl zu Beginn des 14. Jahrhunderts und erschloss die dortigen Gärten und ein Rebgelände; die Bebauung setzte nach 1850 ein. Im 17. Jahrhundert hiess der Weg kleines Gässli.",Kaminfegergasse,1,1865
zs_d19b01496fe3,"Flurname «Gloggenacher» (1509): Acker, bei welchem Glockenblumen blühten.",Im Glockenacker,7,1960
zs_b1511ad95d4a,"Die Familie Schumacher wird erstmals 1399 in Affoltern erwähnt. Der Weg ist insbesondere dem Lehrer Karl Schumacher (1872-1939) gewidmet, der sich um das dortige Gemeindeleben verdient gemacht hat.

Plaque: Karl Schumacher (1872-1939)
Entstammt einem alten, 1398 erstmals erwähnten
Geschlecht von Affoltern. Machte sich um das
Gemeindeleben von Affoltern sehr verdient",Schumacherweg,11,1956
zs_97367b3ab4c9,Benannt nach der Lehentrotte an der Nordstrasse 331. Das Gebäude ist seit 1879 als Wohnhaus genutzt.,Trottenstrasse,10,1910
zs_6dd2fd90003c,"Strasse nach dem Tobelhof, einem ab 1370 erwähnten, oberhalb Hottingens und bereits jenseits der Wasserscheide gelegenen Hof. Bis zur Reformation gehörte der Tobelhof dem Kloster Sankt Martin auf dem Zürichberg.",Tobelhofstrasse,7,1880
zs_26731b230fa2,"Lux Guyer, eigentlich Louise Guyer (1894-1955): Erste Schweizer Architektin. 1916-1917 besuchte Lux Guyer die Kunstgewerbeschule und 1917-1918 die Eidgenössische Technische Hochschule ETH in Zürich. 1924 eröffnete sie als eine der ersten Architektinnen der Schweiz ein Büro in Zürich. Dort baute sie erstmals Wohnungen für alleinstehende Frauen, so 1926-1928 die Frauenwohnkolonie Lettenhof und das Studentinnenheim in Fluntern, aber auch 1927-1928 das Coop-Ferienheim in Weggis. 1928 war sie die leitende Architektin der Schweizerischen Ausstellung für Frauenarbeit SAFFA in Bern.

Plaque: Lux Guyer (1894-1955)
Erste Schweizer Architektin
Planerin der Frauenwohnkolonie Lettenhof",Lux-Guyer-Weg,6,1995
zs_4fb232e8c942,"Strasse in die alte Ortsgegend Eierbrecht oder auch Eierbrecht am Berg in Hirslanden, die an der alten Verbindungsstrasse nach Witikon jenseits des Wehrenbachtobels und des Stöckentobels liegt. Vermutlich war der steile Weg das Motiv für den Flur- und Ortsnamen, ähnlich wie bei den andernorts vorkommenden Namen «Kniebreche» oder «Wagenbreche».",Eierbrechtstrasse,7,1868
zs_9c930a2c2f38,"Eine Steinkluppe bedeutet sowohl eine Zange zum Heben grosser Steine, als auch ein abgespaltenes Stück Fels. Da die frühere Flurbezeichnung «Steingeböss», also Steinschlag, lautete, könnte sich der Flurname von einem Steinbruch herleiten.",Steinkluppenweg,6,1894
zs_de374e96db91,"Weg oberhalb des Kirchgemeindehauses Wipkingen. Der Gemeindename «Wibichinga», der seit den 9. Jahrhundert nachgewiesen ist, erinnert an die Ansiedlung der Leute des Alemannen Wibicho.",Wipkingerweg,10,1931
zs_385e1dd91739,"Benannt nach der 1873 bis 1875 erbauten grossen Militärkaserne, deren Haupteingänge sich gegen die [Name] hin öffnen. Zuvor hiess die Strasse in Aussersihl, die von der Sihlbrücke her der Sihl entlang führt, auch Kreuelstrasse (nach der dortigen alten Ortsgegend Kreuel), Bahnhofstrasse (nach dem 1846-1847 erbauten, nahen Bahnhof Zürich) und Sihlstrasse. Im Jahr 1927 wurde die neue Strasse längs der Sihlpost zur Fortsetzung der [Name].",Kasernenstrasse,4,1878
zs_932c0bbecb87,"Alessandro Giuseppe Antonio Anastasio Graf von Volta (1745-1827): Italienischer Physiker. Volta gehörte zu den Mitbegründern der Elektrizitätslehre und er war der Erfinder der Batterie. Ihm zu Ehren wird die Masseinheit der elektrischen Spannung Volt genannt. Volta wurde 1776 Ehrenmitglied der Naturforschenden Gesellschaft von Zürich und die nach ihm benannte Strasse liegt oberhalb des Physikalischen Instituts der ETH.

Plaque: Alessandro Volta (1745-1827)
Graf
Italienischer Physiker",Voltastrasse,7,1901
zs_f18c3d8113bb,"Altansässiges Familiengeschlecht von Höngg, das seit dem 15. Jahrhundert dort bezeugt ist.

Plaque: Nötzli
Altansässige Familie von Höngg",Nötzlistrasse,10,1953
zs_6550147b285d,"Abgeleitet vom Flurnamen «Kürbsenrain», d. h. einem früher mit «Chürbsen» (Kürbissen) bepflanzten Abhang.",Kürbsensteig,2,1932
zs_1b4bd14b457c,"Flurname «Martinsrüti» (1526), d. h. ein ehemals gerodetes Grundstück auf dem Hönggerberg, das einem Martin gehörte. Dieses ist mittlerweile wieder aufgeforstet.",Martinsrütistrasse,10,1956
zs_9a689a29ca8d,"Strasse entlang dem Firmenareal der ehemaligen Tonwarenfabrik Ernst Bodmer & Cie, die von 1872 bis zu ihrer Schliessung 1964 an der [street] ihren Sitz hatte und sich ab den 1950er Jahren auf die Produktion von Keramikartikeln spezialisierte.",Töpferstrasse,3,1952
zs_e9a64309e834,"Im 1836 erbauten «Farbhof», Farbhofstrasse 15, wurde bis 1875 eine Färberei betrieben. Das Gebäude ist 1958 abgetragen worden.",Farbhofweg,9,1933
zs_90a8d0833356,"Albin Herzog (1852-1909): Professor für technische Mechanik an der ETH von 1877 bis 1909 und von 1895 bis 1899 Direktor der ETH.

Plaque: Albin Herzog (1852-1909)
Professor für Mechanik an der ETH",Herzogstrasse,7,1910
zs_49127d08de86,"Johann Isler (1840-1930): Oberst. 1875-1891 Kreisinstruktor der VII. Division (St. Gallen) und 1892-1912 der VI. Division (Zürich). Die spätere Felddivision 6 wurde mit Einführung der Armee XXI im Jahr 2003 aufgelöst.

Plaque: Johann Isler (1840-1930)
Oberst, Kreisinstruktor
der 6. Division 1892 bis 1912",Islerstrasse,3,1900
zs_b803d1ee02d3,"Erwin Kunz (1910-1978): Dr. phil., Präsident der Kreisschulpflege Schwamendingen 1963-1978, Förderer von Bildung, Sport und Freizeitgestaltung.

Plaque: Dr. Erwin Kunz (1910-1978)
Schulpräsident in Schwamendingen
ab 1963. Förderer von Bildung,
Sport und Freizeitgestaltung",Kunzweg,11,1987
zs_5f72c5226673,"Waldname «Kripf» im hinteren Adlisberg, was auf einen Graben oder eine andere Vertiefung an dieser Stelle hinweist.",Kripfstrasse,7,1956
zs_32a4fa3df19a,"Gemäss Auskunft von Anwohnern soll sich der Bezug der dort von der Genossenschaft Eigenheim errichteten Häuser so stark verzögert haben, dass die Käufer beschlossen hätten, die damalige Privatstrasse «[Name]» zu nennen.",Wartstrasse,7,1899
zs_a4c2488e3b5d,"Weg auf eine Anhöhe («Bühl»), wo Kalkstein gewonnen und gebrannt wurde.",Kalchbühlweg,2,1979
zs_a1259f082bfb,"Strasse im «Müllibach», einer alten Ortsgegend von Riesbach. Der Mühlebach war ein bereits im 13. Jahrhundert bestehender Kanal, der vom Wehrenbach hin zur Mühle Stadelhofen führte. Die weit ins Mittelalter zurückreichende Mühle Stadelhofen stellte ihren Betrieb 1862 ein, der Fussweg entlang des Mühlebaches wurde 1869/70 zur Strasse ausgebaut und der Mühlebach gleichzeitig eingedolt.",Mühlebachstrasse,8,1867
zs_79a48ecbe629,"Weg durch ein kleines Waldstück an der Stadtgrenze zu Gockhausen, Gemeinde Dübendorf.",Kleinhölzliweg,7,1993
zs_6e6a14a84f0b,"Strasse in Riesbach, die bis 1892 Rankstrasse hiess; die Umbenennung erfolgte, weil es auch in Hirslanden eine Rankstrasse gab. Der neue Name rührte wohl von der Lage und der Richtung der Strasse im Süden der Stadt her, die 1893 durch die erste Eingemeindung zur Grossstadt wurde; im westlichen Wiedikon gab es seit 1892/93 entsprechend eine Weststrasse.",Südstrasse,8,1892
zs_af69eddf1e64,Baumname. Die hier gepflanzten Pappeln dienten als Blitzschutz für das ehemalige Pulverhäuschen.,Pappelstrasse,3,1925
zs_a84f0a189f69,"Verbindung vom Drahtschmidli, heute Jugendkulturhaus Dynamo, an die Nordstrasse.",Nordsteig,6,1894
zs_b8bee957fa4e,"Ulrich Zwingli (1484-1531): Pfarrer am Grossmüster und Rerformator.
Zwingli, von Wildhaus im Toggenburg, wurde 1519 Leutpriester am Grossmünster in Zürich, wo er die kirchlichen Traditionen in Frage stellte, die sich nicht auf die Bibel abstützen konnten. 1525 publizierte er sein das Glaubensbekenntnis «Von der wahren und falschen Religion», womit er die Reformation der Zürcher Kirche abschloss. Zwingli fiel 1531 in der Schlacht bei Kappel.",Zwinglistrasse,4,1881
zs_7e7149aa9822,"Verbindungsstrasse in Unterstrass, die 1888 angelegt wurde und die dem Waltersbach oder Waltensbach entlang führt. Dieser Bach entspringt am Geissberg und heisst dort Kreuzbach. Die Bezeichnung Waltersbach ist alt. Ein Jakob von Waltersbach und ebenso Reben am Waltersbach werden bereits in Urkunden von 1292 und 1297 erwähnt. Der Name geht auf den männlichen Vornamen Walter zurück.",Waltersbachstrasse,6,1888
zs_022b23218f99,Entlang der Autobahn A1 verlaufender südlicher Ast der Bernerstrasse.,Bernerstrasse Süd,9,1972
zs_1475887b0bde,"Namengebend waren wohl die Trittli, das heisst die Treppenstufen der steil ansteigenden Gasse. Als hinterste der drei Verbindungsgassen in der Neustadt hiess die Gasse seit dem 14. Jahrhundert die hinterste oder dritte Gasse. Dies war der Name für den oberen Teil bis 1865, während der untere Teil bereits im 18. Jahrhundert den heutigen Namen [Name] trug.",Trittligasse,1,1865
zs_cf6000b1389c,Flurname: Halde unterhalb der Kirche Witikon.,Berghaldenstrasse,7,1932
zs_7a9c65fafcdd,Strasse durch den Weiherholz genannten Wald im Adlisberg. Ein Zusammenhang mit einem Weiher ist jedoch nicht zu erkennen.,Weiherholzstrasse,7,1936
zs_ed504301a58a,"Johann Rudolf Dietzinger (1770-1847): Geometer des Kantons Zürich, von Wädenswil. Dietzinger erstellte 1817/18 den Übersichtsplan «Geometrische Vermessung des Bezirks der beiden Gemeinden Wiedikon und Aussersihl». Er verfertigte eine grosse Anzahl von Plänen der Zürcher Staatsdomänen, u. a. Wädenswil, und half bei der Vermessung des Kantons Bern.

Plaque: Johann Rudolf Dietzinger (1770-1847)
Geometer, Ersteller eines Planes von Wiedikon",Dietzingerstrasse,3,1932
zs_5b84a78d2548,"Albert Hintermeister (1873-1927): Schriftsetzer, Gewerkschafter und Politiker. Albert Hintermeister setzte sich als Präsident der Allgemeinen Baugenossenschaft Zürich ABZ 1921-1927 und als Mitglied des Grossen Stadtrates für die Förderung des gemeinnützigen Wohnungsbaus ein.

Plaque: Albert Hintermeister (1873-1927)
Förderer des gemeinnützigen Wohnungsbaus",Hintermeisterhof,2,1928
zs_5833dffcf270,"Strasse auf dem Maag-Areal, wo die international tätige Firma Maag Zahnräder AG von 1913 an ihren Standort hatte. Zwschen 1989 und 1997 stellte sie sukzessive die Produktion ein und gliederte die Bereiche der Getriebe und der Zahnradpumpen aus. 2004 wurde die nunmehrige Immobiliengesellschaft von der Immobilienfirma Swiss Prime Site übernommen.",Zahnradstrasse,5,2003
zs_352b9117c19b,"Einsatz für die Gerechtigkeit war Aufgabe des Bezirksgerichts Zürich, das von 1859 bis 1916 im damals neuen Bezirksgebäude an der Selnaustrasse 9 tagte. Das Gericht sollte auch für die Wahrung des Friedens sorgen, weshalb die benachbarte Parallelgasse Friedensgasse getauft wurde.",Gerechtigkeitsgasse,1,1863
zs_3af02f9d448c,"Vladimir Prelog (1906-1998): ETH-Professor für organische Chemie 1929 bis 1957. Bürger von Zürich 1959. Er erhielt 1975 Nobel-Preis für Chemie in Anerkennung für seine Arbeiten über Stereochemie von enzymkatalysierten Reaktionen.

Plaque: Vladimir Prelog (1906-1998)
ETH-Professor für organische Chemie 1929 bis 1957.
Bürger von Zürich 1959.1975 Nobel-Preis für Chemie in Anerkennung für
seine Arbeiten über Stereochemie von enzymkatalysierten Reaktionen.",Vladimir-Prelog-Weg,10,2010
